Employee ID,Name,Email,Age,Gender,Job Role,Job Level,Yearly Income ($),Years at Company,Job Satisfaction,Work-Life Balance,Overtime,Performance Rating,Number of Promotions,Attrition_Score,Predicted_Score,Risk_Category,Predicted_Risk
10001,Karen Garcia,karengarcia1@attrisense-org.com,37,Male,Human Resources,Lead,17674,5,Medium,Average,No,Average,1,85.89,87.79,High,High
10002,Daniel Garcia,danielgarcia2@attrisense-org.com,33,Non-binary,Human Resources,Executive,24490,3,Medium,Average,No,Low,1,49.12,50.23,Medium,Medium
10003,Linda Kumar,lindakumar3@attrisense-org.com,57,Female,Finance,Lead,16070,11,Low,Good,Yes,Average,2,28.39,27.68,Low,Low
10004,Vikram Rodriguez,vikramrodriguez4@attrisense-org.com,46,Female,Engineering,Entry,4531,8,Medium,Good,No,Average,0,29.76,31.41,Low,Low
10005,Arjun Lee,arjunlee5@attrisense-org.com,43,Non-binary,Engineering,Entry,7594,6,Medium,Poor,Yes,Low,2,18.25,20.13,Low,Low
10006,Olivia Rodriguez,oliviarodriguez6@attrisense-org.com,36,Male,Engineering,Entry,8817,6,High,Good,No,Average,2,79.39,79.37,High,High
10007,Sophia Moore,sophiamoore7@attrisense-org.com,48,Non-binary,Finance,Lead,15643,4,High,Average,Yes,High,1,44.3,45.5,Medium,Medium
10008,Sophia Thomas,sophiathomas8@attrisense-org.com,29,Female,Sales & BD,Mid-Level,8918,4,Low,Poor,Yes,Average,1,25.78,25.6,Low,Low
10009,Sarah Kim,sarahkim9@attrisense-org.com,31,Female,Product Management,Mid-Level,8917,12,High,Good,Yes,Average,3,15.65,15.29,Low,Low
10010,Jessica Johnson,jessicajohnson10@attrisense-org.com,57,Male,Engineering,Executive,22203,3,Medium,Poor,Yes,High,2,27.46,29.43,Low,Low
10011,Karen Jones,karenjones11@attrisense-org.com,30,Non-binary,Human Resources,Senior,15429,4,Low,Average,No,High,1,91.91,91.12,High,High
10012,Robert Garcia,robertgarcia12@attrisense-org.com,54,Female,Human Resources,Entry,5367,12,Medium,Average,No,Below Average,0,50.08,51.46,Medium,Medium
10013,Linda Vance,lindavance13@attrisense-org.com,29,Non-binary,Finance,Entry,5436,14,Medium,Good,No,Low,0,32.32,32.97,Low,Low
10014,Daniel Johnson,danieljohnson14@attrisense-org.com,28,Non-binary,Sales & BD,Senior,12138,6,High,Average,Yes,High,0,10.62,12.23,Low,Low
10015,Anjali Joshi,anjalijoshi15@attrisense-org.com,52,Female,Product Management,Lead,18104,9,High,Good,No,Low,3,30.75,30.34,Low,Low
10016,Sanjay Moore,sanjaymoore16@attrisense-org.com,53,Non-binary,Sales & BD,Executive,23251,10,Medium,Poor,No,Low,2,92.06,91.14,High,High
10017,Sarah Rodriguez,sarahrodriguez17@attrisense-org.com,48,Non-binary,Product Management,Executive,23585,9,High,Good,No,High,2,57.08,55.19,Medium,Medium
10018,Elena Thomas,elenathomas18@attrisense-org.com,37,Non-binary,Finance,Entry,5824,8,High,Poor,No,High,3,19.29,19.08,Low,Low
10019,Sophia Wilson,sophiawilson19@attrisense-org.com,44,Female,Engineering,Senior,15692,1,High,Average,No,Average,2,30.38,29.91,Low,Low
10020,Emma Kumar,emmakumar20@attrisense-org.com,29,Male,Sales & BD,Senior,13468,14,Medium,Poor,Yes,Below Average,2,30.99,30.68,Low,Low
10021,Arjun Williams,arjunwilliams21@attrisense-org.com,46,Female,Marketing,Senior,12315,9,High,Poor,No,Average,0,87.27,89.09,High,High
10022,Neha Rodriguez,neharodriguez22@attrisense-org.com,55,Male,Marketing,Senior,15480,1,Medium,Good,No,Below Average,3,48.49,49.33,Medium,Medium
10023,John Lopez,johnlopez23@attrisense-org.com,57,Female,Marketing,Executive,24351,9,Low,Good,Yes,Low,1,10.85,11.92,Low,Low
10024,David Martin,davidmartin24@attrisense-org.com,45,Male,Sales & BD,Lead,15300,13,Medium,Good,Yes,Low,0,11.53,12.42,Low,Low
10025,Liam Singh,liamsingh25@attrisense-org.com,22,Female,Sales & BD,Entry,6359,14,High,Average,Yes,High,1,24.72,25.26,Low,Low
10026,Sophia Jones,sophiajones26@attrisense-org.com,25,Female,Engineering,Mid-Level,10518,2,Medium,Good,Yes,Low,2,81.24,82.4,High,High
10027,Sophia Singh,sophiasingh27@attrisense-org.com,49,Female,Marketing,Lead,17692,3,Low,Poor,No,Below Average,0,51.82,50.07,Medium,Medium
10028,Aarav Smith,aaravsmith28@attrisense-org.com,37,Female,Sales & BD,Mid-Level,9523,1,Medium,Good,Yes,Below Average,3,25.99,25.55,Low,Low
10029,Emma Smith,emmasmith29@attrisense-org.com,52,Male,Finance,Lead,16452,2,Medium,Good,Yes,Low,2,15.03,14.11,Low,Low
10030,Sophia Sharma,sophiasharma30@attrisense-org.com,46,Female,Product Management,Executive,24576,13,Medium,Good,Yes,Low,2,13.44,13.92,Low,Low
10031,Anjali Garcia,anjaligarcia31@attrisense-org.com,57,Male,Finance,Lead,17487,7,Low,Good,No,Below Average,2,95.35,94.79,High,High
10032,Robert Patel,robertpatel32@attrisense-org.com,42,Non-binary,Engineering,Lead,18747,14,Low,Poor,Yes,High,2,56.32,55.58,Medium,Medium
10033,Sarah Kumar,sarahkumar33@attrisense-org.com,41,Non-binary,Human Resources,Lead,14593,15,Low,Poor,No,Below Average,2,31.33,30.23,Low,Low
10034,Lisa Martin,lisamartin34@attrisense-org.com,54,Non-binary,Product Management,Entry,6011,12,Low,Good,No,Low,2,13.63,15.5,Low,Low
10035,William Sharma,williamsharma35@attrisense-org.com,49,Female,Finance,Lead,17514,3,Medium,Average,No,High,1,16.64,17.57,Low,Low
10036,William Taylor,williamtaylor36@attrisense-org.com,27,Male,Sales & BD,Lead,15417,14,High,Good,No,Average,1,80.99,79.22,High,High
10037,Sanjay Lee,sanjaylee37@attrisense-org.com,28,Female,Marketing,Executive,22963,4,Medium,Average,No,Below Average,2,60.91,61.65,Medium,Medium
10038,Sophia Vance,sophiavance38@attrisense-org.com,41,Female,Human Resources,Entry,6267,8,Medium,Poor,Yes,Below Average,0,25.31,25.73,Low,Low
10039,Lisa Kim,lisakim39@attrisense-org.com,42,Female,Product Management,Mid-Level,8595,11,Low,Good,Yes,High,3,31.79,31.95,Low,Low
10040,Emma Chen,emmachen40@attrisense-org.com,39,Male,Marketing,Entry,6530,7,Medium,Average,No,Low,0,15.35,16.36,Low,Low
10041,Olivia Johnson,oliviajohnson41@attrisense-org.com,45,Non-binary,Marketing,Lead,14791,4,Low,Poor,No,Below Average,1,85.28,86.23,High,High
10042,John Brown,johnbrown42@attrisense-org.com,57,Female,Sales & BD,Senior,11667,3,Low,Average,Yes,Low,0,57.7,56.11,Medium,Medium
10043,Lisa Anderson,lisaanderson43@attrisense-org.com,58,Male,Finance,Entry,4864,2,High,Average,Yes,Below Average,2,18.47,19.59,Low,Low
10044,William Chen,williamchen44@attrisense-org.com,36,Non-binary,Human Resources,Lead,18466,12,Medium,Good,Yes,Below Average,1,33.98,33.94,Low,Low
10045,Olivia Rodriguez,oliviarodriguez45@attrisense-org.com,46,Female,Human Resources,Entry,7740,11,Low,Good,No,Low,0,10.37,12.18,Low,Low
10046,Jessica Rodriguez,jessicarodriguez46@attrisense-org.com,33,Male,Sales & BD,Executive,20761,14,Medium,Poor,Yes,Below Average,1,77.7,77.19,High,High
10047,Nancy Hernandez,nancyhernandez47@attrisense-org.com,33,Male,Human Resources,Senior,15147,9,Low,Good,Yes,Average,0,59.74,60.05,Medium,Medium
10048,Sanjay Hernandez,sanjayhernandez48@attrisense-org.com,55,Female,Engineering,Lead,17493,7,High,Poor,No,High,1,11.05,11.52,Low,Low
10049,Sophia Thomas,sophiathomas49@attrisense-org.com,31,Male,Finance,Executive,22736,8,High,Good,No,Average,2,34.03,33.91,Low,Low
10050,Sophia Rao,sophiarao50@attrisense-org.com,55,Non-binary,Human Resources,Mid-Level,7522,6,Medium,Average,Yes,High,3,34.75,33.31,Low,Low
10051,Anjali Rao,anjalirao51@attrisense-org.com,24,Male,Marketing,Entry,7703,8,Low,Good,No,Low,0,76.11,75.23,High,High
10052,Sanjay Williams,sanjaywilliams52@attrisense-org.com,52,Male,Engineering,Senior,13154,8,Medium,Good,Yes,Below Average,2,58.1,57.95,Medium,Medium
10053,Anjali Patel,anjalipatel53@attrisense-org.com,56,Non-binary,Marketing,Executive,22544,1,Medium,Poor,No,Average,2,16.96,16.4,Low,Low
10054,Lucas Sharma,lucassharma54@attrisense-org.com,35,Male,Sales & BD,Lead,17579,14,High,Poor,Yes,Low,1,12.42,12.68,Low,Low
10055,Karen Rodriguez,karenrodriguez55@attrisense-org.com,58,Male,Engineering,Executive,20966,14,Medium,Poor,Yes,Low,2,22.71,20.89,Low,Low
10056,Lucas Sharma,lucassharma56@attrisense-org.com,43,Female,Human Resources,Mid-Level,9485,2,Medium,Poor,No,Average,3,91.57,92.52,High,High
10057,Sarah Anderson,sarahanderson57@attrisense-org.com,35,Non-binary,Human Resources,Executive,22299,5,Medium,Good,No,Low,3,53.22,54.51,Medium,Medium
10058,Sarah Martin,sarahmartin58@attrisense-org.com,39,Male,Marketing,Entry,7964,6,Medium,Good,Yes,Below Average,0,33.38,31.9,Low,Low
10059,Karen Martinez,karenmartinez59@attrisense-org.com,56,Male,Marketing,Lead,17250,9,High,Good,No,Below Average,0,17.72,17.16,Low,Low
10060,Carlos Chen,carloschen60@attrisense-org.com,23,Male,Marketing,Mid-Level,10746,5,High,Poor,Yes,Low,3,23.23,24.62,Low,Low
10061,Rahul Kumar,rahulkumar61@attrisense-org.com,41,Male,Finance,Entry,8718,5,Medium,Poor,Yes,Average,2,90.41,90.25,High,High
10062,Priya Brown,priyabrown62@attrisense-org.com,56,Female,Product Management,Mid-Level,11885,13,High,Average,Yes,High,2,59.91,59.79,Medium,Medium
10063,Liam Garcia,liamgarcia63@attrisense-org.com,47,Male,Engineering,Lead,14939,14,High,Poor,Yes,Low,2,9.31,10.01,Low,Low
10064,David Lee,davidlee64@attrisense-org.com,45,Male,Marketing,Entry,5198,7,Medium,Good,No,Below Average,0,12.19,10.47,Low,Low
10065,Sophia Garcia,sophiagarcia65@attrisense-org.com,51,Female,Sales & BD,Executive,24008,1,High,Average,Yes,Average,1,32.42,31.09,Low,Low
10066,Sanjay Rao,sanjayrao66@attrisense-org.com,53,Male,Finance,Executive,23558,10,Medium,Average,Yes,Low,3,79.38,81.15,High,High
10067,David Singh,davidsingh67@attrisense-org.com,28,Non-binary,Sales & BD,Executive,21932,9,Low,Poor,No,Below Average,2,63.47,61.68,Medium,Medium
10068,Anjali Taylor,anjalitaylor68@attrisense-org.com,32,Male,Sales & BD,Executive,21691,10,Medium,Poor,Yes,High,2,12.0,12.06,Low,Low
10069,Sophia Rao,sophiarao69@attrisense-org.com,29,Female,Sales & BD,Mid-Level,9991,14,Low,Poor,No,Low,2,12.7,11.66,Low,Low
10070,Sarah Taylor,sarahtaylor70@attrisense-org.com,45,Female,Engineering,Senior,12720,9,High,Poor,No,High,1,26.89,28.38,Low,Low
10071,John Kumar,johnkumar71@attrisense-org.com,43,Non-binary,Marketing,Executive,23715,11,Medium,Poor,No,Below Average,3,84.71,84.51,High,High
10072,Linda Wilson,lindawilson72@attrisense-org.com,48,Non-binary,Engineering,Entry,8946,3,Medium,Poor,No,Average,3,51.53,50.04,Medium,Medium
10073,Rahul Taylor,rahultaylor73@attrisense-org.com,23,Female,Engineering,Mid-Level,10594,5,Medium,Good,No,Below Average,0,19.01,20.16,Low,Low
10074,Sophia Singh,sophiasingh74@attrisense-org.com,30,Female,Product Management,Entry,6662,13,Medium,Poor,No,Average,0,23.86,22.94,Low,Low
10075,Robert Wilson,robertwilson75@attrisense-org.com,33,Male,Product Management,Entry,8136,6,Low,Good,No,High,0,14.08,14.83,Low,Low
10076,Sarah Taylor,sarahtaylor76@attrisense-org.com,56,Non-binary,Finance,Lead,18104,15,Low,Good,No,Below Average,0,95.5,94.9,High,High
10077,Aarav Kumar,aaravkumar77@attrisense-org.com,31,Non-binary,Human Resources,Entry,5075,12,High,Poor,No,High,1,53.39,53.32,Medium,Medium
10078,Nancy Taylor,nancytaylor78@attrisense-org.com,44,Male,Human Resources,Mid-Level,11818,11,Medium,Poor,Yes,Average,2,11.8,12.9,Low,Low
10079,Vikram Singh,vikramsingh79@attrisense-org.com,30,Female,Finance,Lead,18880,8,Medium,Poor,No,Low,3,18.46,18.11,Low,Low
10080,David Moore,davidmoore80@attrisense-org.com,30,Male,Marketing,Lead,16844,4,Low,Average,Yes,Low,1,14.4,15.52,Low,Low
10081,Sarah Smith,sarahsmith81@attrisense-org.com,28,Male,Product Management,Entry,5630,2,Low,Good,No,Low,0,76.94,76.42,High,High
10082,Linda Rodriguez,lindarodriguez82@attrisense-org.com,43,Female,Sales & BD,Lead,16189,8,Medium,Poor,Yes,High,2,50.97,49.35,Medium,Medium
10083,David Kim,davidkim83@attrisense-org.com,50,Male,Finance,Lead,16331,12,Low,Good,Yes,Below Average,3,28.91,30.63,Low,Low
10084,James Johnson,jamesjohnson84@attrisense-org.com,29,Male,Human Resources,Lead,15898,4,Medium,Poor,Yes,Average,0,16.39,15.71,Low,Low
10085,Anjali Williams,anjaliwilliams85@attrisense-org.com,31,Male,Product Management,Senior,15130,9,High,Poor,Yes,Average,1,13.67,15.14,Low,Low
10086,Sarah Garcia,sarahgarcia86@attrisense-org.com,35,Female,Human Resources,Lead,18231,9,Medium,Good,Yes,High,3,93.99,93.71,High,High
10087,Elena Johnson,elenajohnson87@attrisense-org.com,55,Male,Finance,Mid-Level,11184,3,High,Poor,No,Low,1,55.12,53.98,Medium,Medium
10088,Vikram Rao,vikramrao88@attrisense-org.com,50,Female,Finance,Executive,22696,12,High,Average,Yes,Below Average,3,28.14,29.38,Low,Low
10089,Arjun Singh,arjunsingh89@attrisense-org.com,44,Non-binary,Human Resources,Entry,8998,3,Medium,Poor,Yes,Below Average,2,12.05,12.33,Low,Low
10090,William Martinez,williammartinez90@attrisense-org.com,37,Male,Human Resources,Senior,13880,6,Low,Poor,Yes,Average,3,20.04,20.17,Low,Low
10091,Sanjay Smith,sanjaysmith91@attrisense-org.com,50,Female,Finance,Executive,22928,7,Low,Poor,Yes,Below Average,2,90.27,89.58,High,High
10092,Linda Smith,lindasmith92@attrisense-org.com,44,Male,Product Management,Entry,7425,13,Medium,Poor,Yes,Low,1,62.09,63.7,Medium,Medium
10093,Daniel Thomas,danielthomas93@attrisense-org.com,42,Male,Marketing,Executive,22724,13,Low,Average,Yes,Average,0,19.02,19.66,Low,Low
10094,Sophia Kumar,sophiakumar94@attrisense-org.com,35,Female,Engineering,Mid-Level,9802,2,Medium,Good,No,Low,0,29.67,30.68,Low,Low
10095,Anjali Kim,anjalikim95@attrisense-org.com,24,Male,Product Management,Mid-Level,10851,1,Medium,Good,Yes,High,0,14.36,14.57,Low,Low
10096,Liam Miller,liammiller96@attrisense-org.com,35,Male,Engineering,Executive,24691,7,High,Average,No,Low,3,82.55,83.44,High,High
10097,Amit Miller,amitmiller97@attrisense-org.com,27,Female,Marketing,Lead,16232,11,High,Good,Yes,Low,0,51.44,49.75,Medium,Medium
10098,Vikram Garcia,vikramgarcia98@attrisense-org.com,57,Male,Finance,Mid-Level,9102,8,High,Average,Yes,Below Average,0,22.09,20.64,Low,Low
10099,Michael Rodriguez,michaelrodriguez99@attrisense-org.com,58,Female,Finance,Senior,12961,11,Low,Average,No,Average,2,21.41,23.21,Low,Low
10100,Carlos Anderson,carlosanderson100@attrisense-org.com,48,Non-binary,Product Management,Mid-Level,10058,6,Medium,Poor,No,High,1,35.32,33.98,Low,Low
10101,Neha Hernandez,nehahernandez101@attrisense-org.com,56,Non-binary,Finance,Entry,6631,13,Low,Good,No,High,3,96.09,94.38,High,High
10102,John Patel,johnpatel102@attrisense-org.com,27,Female,Finance,Senior,15966,2,Low,Average,Yes,Average,0,59.8,61.13,Medium,Medium
10103,Nancy Garcia,nancygarcia103@attrisense-org.com,45,Female,Finance,Lead,14994,10,Medium,Good,No,Low,1,20.51,21.66,Low,Low
10104,Liam Jones,liamjones104@attrisense-org.com,29,Non-binary,Engineering,Senior,15134,8,Medium,Average,No,Average,2,17.85,19.62,Low,Low
10105,Lisa Smith,lisasmith105@attrisense-org.com,48,Male,Engineering,Senior,12395,2,Medium,Average,Yes,Average,3,21.04,19.1,Low,Low
10106,William Rao,williamrao106@attrisense-org.com,46,Female,Sales & BD,Lead,18350,7,Low,Poor,Yes,Average,1,81.44,80.3,High,High
10107,Sarah Kim,sarahkim107@attrisense-org.com,27,Female,Product Management,Senior,12783,15,Medium,Poor,No,High,3,53.34,53.65,Medium,Medium
10108,Elena Moore,elenamoore108@attrisense-org.com,32,Non-binary,Engineering,Senior,14149,3,High,Average,No,Average,2,34.96,32.98,Low,Low
10109,Lucas Kim,lucaskim109@attrisense-org.com,28,Male,Human Resources,Senior,12954,10,Low,Average,Yes,Average,2,24.21,23.34,Low,Low
10110,Sophia Singh,sophiasingh110@attrisense-org.com,43,Non-binary,Product Management,Senior,14039,4,Low,Poor,Yes,Low,0,12.91,13.72,Low,Low
10111,Elena Martinez,elenamartinez111@attrisense-org.com,42,Male,Marketing,Executive,23304,8,Low,Poor,Yes,High,1,94.69,94.37,High,High
10112,Lucas Singh,lucassingh112@attrisense-org.com,58,Male,Human Resources,Entry,6509,6,Medium,Average,No,Below Average,2,56.29,55.3,Medium,Medium
10113,Daniel Moore,danielmoore113@attrisense-org.com,43,Female,Engineering,Mid-Level,8855,9,Medium,Good,No,Low,1,11.71,11.37,Low,Low
10114,Robert Wilson,robertwilson114@attrisense-org.com,42,Female,Product Management,Entry,4771,15,Low,Average,Yes,Low,3,23.48,22.07,Low,Low
10115,Lucas Martinez,lucasmartinez115@attrisense-org.com,43,Male,Engineering,Entry,8329,1,Low,Average,No,Low,0,15.62,13.78,Low,Low
10116,Nancy Martinez,nancymartinez116@attrisense-org.com,58,Male,Engineering,Senior,11623,1,Medium,Average,Yes,High,2,75.34,76.6,High,High
10117,Sarah Johnson,sarahjohnson117@attrisense-org.com,35,Non-binary,Finance,Lead,17121,12,Low,Good,No,High,3,57.01,56.31,Medium,Medium
10118,Emma Davis,emmadavis118@attrisense-org.com,38,Female,Product Management,Executive,23167,15,Low,Poor,Yes,Average,0,14.12,15.64,Low,Low
10119,Priya Jones,priyajones119@attrisense-org.com,38,Male,Human Resources,Executive,24914,4,Low,Good,Yes,Below Average,3,30.35,31.37,Low,Low
10120,Liam Patel,liampatel120@attrisense-org.com,39,Male,Human Resources,Mid-Level,11981,6,Medium,Good,No,Average,0,24.75,24.27,Low,Low
10121,Sarah Davis,sarahdavis121@attrisense-org.com,44,Female,Engineering,Mid-Level,8015,12,Low,Good,Yes,High,2,83.71,83.38,High,High
10122,Vikram Lee,vikramlee122@attrisense-org.com,31,Female,Sales & BD,Executive,21852,14,Medium,Good,Yes,High,2,56.67,54.93,Medium,Medium
10123,Sophia Johnson,sophiajohnson123@attrisense-org.com,28,Female,Engineering,Senior,13647,4,Low,Good,Yes,High,1,15.76,14.9,Low,Low
10124,Arjun Smith,arjunsmith124@attrisense-org.com,48,Male,Finance,Mid-Level,8084,11,Low,Average,No,Average,1,15.31,15.73,Low,Low
10125,Sanjay Williams,sanjaywilliams125@attrisense-org.com,39,Female,Marketing,Executive,21174,7,High,Good,No,Below Average,2,25.32,26.12,Low,Low
10126,Olivia Jones,oliviajones126@attrisense-org.com,40,Non-binary,Engineering,Mid-Level,8361,11,Medium,Poor,Yes,Below Average,1,82.33,81.32,High,High
10127,Arjun Jones,arjunjones127@attrisense-org.com,29,Female,Marketing,Lead,14690,5,Medium,Poor,Yes,High,3,46.21,46.38,Medium,Medium
10128,Priya Kumar,priyakumar128@attrisense-org.com,28,Male,Engineering,Executive,21045,12,Low,Good,No,Low,1,35.94,33.96,Low,Low
10129,Karen Williams,karenwilliams129@attrisense-org.com,39,Non-binary,Finance,Mid-Level,10657,9,High,Average,Yes,Average,3,10.61,11.76,Low,Low
10130,Elena Garcia,elenagarcia130@attrisense-org.com,48,Female,Engineering,Executive,23535,5,Medium,Good,Yes,High,2,18.09,16.36,Low,Low
10131,Sanjay Taylor,sanjaytaylor131@attrisense-org.com,34,Female,Engineering,Mid-Level,9225,14,Low,Average,Yes,High,2,94.14,92.62,High,High
10132,Lisa Sharma,lisasharma132@attrisense-org.com,36,Non-binary,Marketing,Lead,17937,3,High,Average,No,Low,3,50.65,52.02,Medium,Medium
10133,Elena Chen,elenachen133@attrisense-org.com,34,Non-binary,Human Resources,Entry,6815,1,Low,Poor,Yes,Below Average,3,30.82,30.01,Low,Low
10134,Elena Wilson,elenawilson134@attrisense-org.com,43,Male,Marketing,Senior,15297,6,High,Poor,No,Low,1,26.63,24.68,Low,Low
10135,Carlos Brown,carlosbrown135@attrisense-org.com,50,Female,Engineering,Senior,14444,11,Low,Good,Yes,High,3,23.73,25.7,Low,Low
10136,Michael Taylor,michaeltaylor136@attrisense-org.com,49,Male,Product Management,Senior,14585,9,Medium,Poor,No,High,3,90.54,91.34,High,High
10137,Olivia Taylor,oliviataylor137@attrisense-org.com,41,Non-binary,Finance,Mid-Level,7638,15,Low,Good,Yes,Below Average,3,59.36,57.6,Medium,Medium
10138,Olivia Miller,oliviamiller138@attrisense-org.com,54,Male,Product Management,Senior,15372,9,High,Good,No,Low,3,11.68,13.22,Low,Low
10139,Anjali Kim,anjalikim139@attrisense-org.com,38,Female,Sales & BD,Mid-Level,9115,2,High,Poor,Yes,Average,2,12.78,12.57,Low,Low
10140,Sophia Rao,sophiarao140@attrisense-org.com,45,Male,Human Resources,Entry,6584,8,Low,Poor,Yes,Average,3,16.96,16.54,Low,Low
10141,Jessica Wilson,jessicawilson141@attrisense-org.com,37,Male,Finance,Senior,11600,10,Low,Poor,Yes,Below Average,3,88.16,89.35,High,High
10142,Jessica Rodriguez,jessicarodriguez142@attrisense-org.com,31,Male,Sales & BD,Lead,15059,14,High,Poor,No,Low,0,56.11,57.05,Medium,Medium
10143,Rahul Chen,rahulchen143@attrisense-org.com,38,Male,Engineering,Mid-Level,9714,11,Medium,Poor,Yes,Average,3,23.34,21.72,Low,Low
10144,James Martinez,jamesmartinez144@attrisense-org.com,56,Male,Engineering,Lead,15444,1,High,Poor,No,Low,1,28.68,30.31,Low,Low
10145,Lucas Hernandez,lucashernandez145@attrisense-org.com,29,Non-binary,Engineering,Senior,15032,4,High,Poor,No,Low,2,19.28,20.17,Low,Low
10146,Sophia Patel,sophiapatel146@attrisense-org.com,31,Non-binary,Marketing,Lead,14701,3,Medium,Average,Yes,Average,2,76.15,75.07,High,High
10147,Elena Rao,elenarao147@attrisense-org.com,26,Female,Engineering,Executive,21762,11,High,Good,No,Low,2,56.16,57.11,Medium,Medium
10148,Nancy Hernandez,nancyhernandez148@attrisense-org.com,25,Female,Sales & BD,Mid-Level,9895,8,Medium,Poor,No,Below Average,0,28.0,27.79,Low,Low
10149,Michael Williams,michaelwilliams149@attrisense-org.com,35,Male,Finance,Executive,23660,12,Medium,Poor,Yes,Average,2,18.3,20.26,Low,Low
10150,Neha Martin,nehamartin150@attrisense-org.com,54,Male,Finance,Entry,8071,2,Low,Average,No,Average,0,13.34,11.81,Low,Low
10151,Lucas Hernandez,lucashernandez151@attrisense-org.com,41,Male,Engineering,Mid-Level,10194,13,Medium,Good,Yes,High,1,93.26,93.08,High,High
10152,Lisa Martinez,lisamartinez152@attrisense-org.com,37,Non-binary,Sales & BD,Executive,24630,6,High,Good,Yes,High,2,61.19,60.86,Medium,Medium
10153,Emma Wilson,emmawilson153@attrisense-org.com,35,Male,Marketing,Lead,15653,3,Low,Poor,Yes,Average,2,12.06,13.55,Low,Low
10154,Michael Lopez,michaellopez154@attrisense-org.com,58,Male,Marketing,Executive,24489,10,High,Average,No,Average,2,19.0,17.4,Low,Low
10155,Amit Rodriguez,amitrodriguez155@attrisense-org.com,58,Non-binary,Finance,Executive,20801,5,High,Good,No,Average,3,30.55,29.11,Low,Low
10156,Sophia Garcia,sophiagarcia156@attrisense-org.com,36,Male,Finance,Lead,16105,11,High,Average,Yes,High,0,91.82,92.98,High,High
10157,Rahul Kim,rahulkim157@attrisense-org.com,47,Male,Product Management,Mid-Level,11626,9,High,Average,Yes,Average,1,48.15,49.74,Medium,Medium
10158,Sanjay Johnson,sanjayjohnson158@attrisense-org.com,25,Non-binary,Marketing,Mid-Level,8368,13,High,Poor,No,High,2,30.26,28.72,Low,Low
10159,Arjun Miller,arjunmiller159@attrisense-org.com,23,Non-binary,Sales & BD,Mid-Level,11238,4,High,Average,Yes,Average,2,20.23,19.75,Low,Low
10160,Elena Joshi,elenajoshi160@attrisense-org.com,37,Male,Finance,Mid-Level,10739,5,Low,Average,No,High,0,15.43,13.71,Low,Low
10161,Priya Miller,priyamiller161@attrisense-org.com,38,Male,Finance,Entry,5119,6,High,Average,Yes,Low,1,94.19,92.29,High,High
10162,David Davis,daviddavis162@attrisense-org.com,57,Non-binary,Finance,Executive,21887,6,Low,Poor,No,Average,3,61.93,60.4,Medium,Medium
10163,Linda Singh,lindasingh163@attrisense-org.com,48,Non-binary,Human Resources,Executive,23532,12,High,Average,No,Average,1,11.54,10.59,Low,Low
10164,Emma Lopez,emmalopez164@attrisense-org.com,41,Female,Sales & BD,Senior,14525,9,Medium,Good,No,Below Average,3,19.69,17.97,Low,Low
10165,Emma Patel,emmapatel165@attrisense-org.com,32,Male,Product Management,Executive,22924,6,Low,Good,No,High,3,30.71,29.25,Low,Low
10166,Jessica Martin,jessicamartin166@attrisense-org.com,41,Male,Marketing,Lead,17903,14,High,Poor,Yes,High,1,90.28,91.21,High,High
10167,Lucas Martin,lucasmartin167@attrisense-org.com,38,Non-binary,Product Management,Entry,6391,3,High,Average,Yes,Average,0,58.39,59.96,Medium,Medium
10168,Jessica Wilson,jessicawilson168@attrisense-org.com,47,Non-binary,Sales & BD,Entry,4779,3,Low,Average,No,Low,3,32.36,30.93,Low,Low
10169,Priya Rao,priyarao169@attrisense-org.com,36,Male,Product Management,Executive,24754,5,Medium,Average,Yes,Average,1,16.61,15.34,Low,Low
10170,Linda Taylor,lindataylor170@attrisense-org.com,36,Non-binary,Product Management,Lead,16261,12,High,Poor,Yes,Below Average,1,20.27,21.05,Low,Low
10171,Anjali Kumar,anjalikumar171@attrisense-org.com,50,Non-binary,Human Resources,Lead,17030,7,High,Good,No,Average,1,89.82,90.91,High,High
10172,Sarah Vance,sarahvance172@attrisense-org.com,35,Male,Sales & BD,Executive,23504,15,High,Average,No,Below Average,2,44.22,45.45,Medium,Medium
10173,Karen Thomas,karenthomas173@attrisense-org.com,22,Female,Engineering,Senior,14178,10,Low,Good,Yes,High,0,19.34,17.88,Low,Low
10174,Carlos Davis,carlosdavis174@attrisense-org.com,48,Female,Product Management,Lead,15644,4,Low,Good,Yes,Below Average,1,32.33,33.21,Low,Low
10175,Liam Chen,liamchen175@attrisense-org.com,53,Male,Human Resources,Lead,15732,10,High,Good,No,Average,0,25.0,25.4,Low,Low
10176,Lisa Wilson,lisawilson176@attrisense-org.com,38,Female,Marketing,Lead,14684,4,High,Poor,Yes,Low,2,94.76,94.62,High,High
10177,Anjali Rao,anjalirao177@attrisense-org.com,36,Male,Sales & BD,Mid-Level,11904,14,High,Poor,Yes,Average,2,61.31,62.85,Medium,Medium
10178,Sanjay Martinez,sanjaymartinez178@attrisense-org.com,56,Male,Finance,Mid-Level,11119,6,High,Poor,No,High,0,32.0,33.29,Low,Low
10179,Sarah Martin,sarahmartin179@attrisense-org.com,25,Female,Engineering,Lead,14694,8,Medium,Good,No,Below Average,2,32.16,33.1,Low,Low
10180,Liam Williams,liamwilliams180@attrisense-org.com,57,Non-binary,Engineering,Entry,7071,3,Medium,Average,Yes,High,0,12.34,12.6,Low,Low
10181,Emma Vance,emmavance181@attrisense-org.com,50,Male,Finance,Lead,16681,7,Low,Poor,Yes,Low,2,88.82,89.57,High,High
10182,Priya Martin,priyamartin182@attrisense-org.com,28,Female,Marketing,Entry,5328,12,Low,Good,Yes,Low,1,56.57,56.52,Medium,Medium
10183,Michael Davis,michaeldavis183@attrisense-org.com,23,Male,Sales & BD,Senior,12002,6,High,Poor,No,Average,3,19.55,19.24,Low,Low
10184,Emma Lopez,emmalopez184@attrisense-org.com,23,Male,Marketing,Senior,12993,1,Low,Good,Yes,Low,2,16.95,16.11,Low,Low
10185,Nancy Rodriguez,nancyrodriguez185@attrisense-org.com,49,Female,Sales & BD,Executive,23197,3,High,Average,No,Low,2,11.74,10.04,Low,Low
10186,Linda Williams,lindawilliams186@attrisense-org.com,22,Non-binary,Sales & BD,Senior,12877,10,High,Good,Yes,Average,0,86.65,85.77,High,High
10187,William Martinez,williammartinez187@attrisense-org.com,47,Male,Product Management,Lead,18132,7,Low,Average,Yes,Average,3,59.78,59.1,Medium,Medium
10188,Jessica Martin,jessicamartin188@attrisense-org.com,40,Female,Sales & BD,Senior,13702,10,Low,Average,Yes,Below Average,0,17.02,18.74,Low,Low
10189,Olivia Davis,oliviadavis189@attrisense-org.com,35,Male,Marketing,Lead,14632,11,High,Average,Yes,High,1,25.26,25.94,Low,Low
10190,Lucas Garcia,lucasgarcia190@attrisense-org.com,23,Female,Engineering,Lead,15444,7,Low,Poor,Yes,High,0,18.92,17.53,Low,Low
10191,David Smith,davidsmith191@attrisense-org.com,46,Female,Product Management,Executive,22732,4,Low,Poor,No,High,2,88.6,89.4,High,High
10192,Anjali Rodriguez,anjalirodriguez192@attrisense-org.com,22,Female,Sales & BD,Lead,16975,10,Medium,Good,Yes,Low,2,50.51,50.88,Medium,Medium
10193,Nancy Patel,nancypatel193@attrisense-org.com,56,Female,Finance,Senior,12107,4,Low,Good,No,Low,2,18.84,19.66,Low,Low
10194,Arjun Smith,arjunsmith194@attrisense-org.com,40,Non-binary,Finance,Entry,6003,12,Medium,Good,Yes,Average,0,12.73,13.05,Low,Low
10195,Priya Lopez,priyalopez195@attrisense-org.com,52,Male,Marketing,Executive,21425,12,Medium,Average,Yes,Low,2,33.28,32.57,Low,Low
10196,Michael Martin,michaelmartin196@attrisense-org.com,50,Male,Sales & BD,Senior,12837,11,Medium,Poor,No,High,1,93.52,93.06,High,High
10197,Emma Hernandez,emmahernandez197@attrisense-org.com,39,Male,Product Management,Mid-Level,7959,13,Medium,Average,No,High,1,50.91,50.72,Medium,Medium
10198,Liam Wilson,liamwilson198@attrisense-org.com,53,Non-binary,Engineering,Entry,7944,7,Low,Poor,No,Below Average,3,9.16,10.01,Low,Low
10199,Daniel Singh,danielsingh199@attrisense-org.com,35,Female,Sales & BD,Executive,22068,14,High,Good,No,High,3,20.64,20.32,Low,Low
10200,William Moore,williammoore200@attrisense-org.com,44,Male,Finance,Executive,22045,6,Medium,Average,No,Average,1,25.57,25.71,Low,Low
10201,Sarah Sharma,sarahsharma201@attrisense-org.com,29,Non-binary,Sales & BD,Lead,15926,3,High,Average,No,Below Average,2,82.69,83.84,High,High
10202,Michael Kumar,michaelkumar202@attrisense-org.com,56,Non-binary,Human Resources,Mid-Level,8782,7,High,Poor,No,Below Average,3,55.59,53.99,Medium,Medium
10203,Linda Anderson,lindaanderson203@attrisense-org.com,39,Female,Product Management,Lead,18503,4,Medium,Average,No,Below Average,3,27.78,29.1,Low,Low
10204,John Joshi,johnjoshi204@attrisense-org.com,27,Male,Product Management,Mid-Level,11387,6,Low,Poor,No,Average,0,12.1,12.04,Low,Low
10205,James Singh,jamessingh205@attrisense-org.com,44,Male,Product Management,Mid-Level,8054,6,Medium,Poor,No,High,2,24.53,25.19,Low,Low
10206,Nancy Patel,nancypatel206@attrisense-org.com,43,Female,Finance,Mid-Level,9840,8,Low,Good,Yes,Average,1,92.37,91.37,High,High
10207,Carlos Wilson,carloswilson207@attrisense-org.com,48,Female,Engineering,Executive,21586,5,Low,Good,Yes,Average,2,56.68,57.78,Medium,Medium
10208,Amit Sharma,amitsharma208@attrisense-org.com,29,Non-binary,Finance,Entry,6242,9,Medium,Good,No,Low,2,12.88,14.78,Low,Low
10209,James Martinez,jamesmartinez209@attrisense-org.com,43,Non-binary,Sales & BD,Entry,8083,7,Medium,Average,Yes,Low,2,15.78,15.88,Low,Low
10210,Vikram Thomas,vikramthomas210@attrisense-org.com,41,Non-binary,Engineering,Entry,8344,12,Low,Good,No,Average,2,28.68,30.39,Low,Low
10211,Neha Williams,nehawilliams211@attrisense-org.com,54,Male,Marketing,Executive,21321,1,High,Average,Yes,Average,3,83.81,83.29,High,High
10212,Nancy Rodriguez,nancyrodriguez212@attrisense-org.com,47,Male,Product Management,Senior,12982,10,Medium,Good,Yes,Low,2,49.48,48.69,Medium,Medium
10213,Sarah Kumar,sarahkumar213@attrisense-org.com,34,Non-binary,Engineering,Lead,18462,1,Low,Poor,Yes,Low,1,20.85,21.87,Low,Low
10214,Sanjay Joshi,sanjayjoshi214@attrisense-org.com,26,Female,Engineering,Senior,13018,14,Low,Poor,No,High,2,23.77,25.75,Low,Low
10215,Emma Davis,emmadavis215@attrisense-org.com,40,Male,Marketing,Senior,14179,10,Medium,Average,Yes,Low,2,29.1,28.02,Low,Low
10216,Linda Chen,lindachen216@attrisense-org.com,47,Female,Human Resources,Senior,11508,13,High,Good,No,Average,1,76.83,77.13,High,High
10217,Daniel Taylor,danieltaylor217@attrisense-org.com,26,Non-binary,Marketing,Senior,14134,14,Medium,Good,Yes,Below Average,3,50.17,48.34,Medium,Medium
10218,Elena Wilson,elenawilson218@attrisense-org.com,38,Non-binary,Marketing,Executive,21377,8,High,Good,No,Average,2,20.63,22.43,Low,Low
10219,Sophia Singh,sophiasingh219@attrisense-org.com,51,Female,Sales & BD,Executive,21892,11,High,Average,No,Average,2,17.37,15.98,Low,Low
10220,Karen Martin,karenmartin220@attrisense-org.com,30,Female,Engineering,Entry,6682,10,Medium,Good,No,Average,0,22.17,20.96,Low,Low
10221,Michael Taylor,michaeltaylor221@attrisense-org.com,33,Non-binary,Engineering,Senior,15105,13,Medium,Poor,No,Average,0,90.3,88.35,High,High
10222,Robert Chen,robertchen222@attrisense-org.com,38,Non-binary,Human Resources,Senior,11589,9,Low,Good,Yes,High,2,58.11,56.31,Medium,Medium
10223,Jessica Joshi,jessicajoshi223@attrisense-org.com,36,Male,Sales & BD,Lead,18414,9,Low,Average,Yes,Low,0,31.84,31.39,Low,Low
10224,Michael Johnson,michaeljohnson224@attrisense-org.com,43,Non-binary,Human Resources,Executive,22526,9,High,Average,Yes,Below Average,0,27.28,27.26,Low,Low
10225,Priya Jones,priyajones225@attrisense-org.com,36,Non-binary,Engineering,Mid-Level,11308,7,Medium,Poor,Yes,Average,0,30.12,29.93,Low,Low
10226,Linda Kim,lindakim226@attrisense-org.com,39,Female,Sales & BD,Lead,14761,10,Medium,Poor,Yes,Low,1,93.91,92.94,High,High
10227,Sanjay Chen,sanjaychen227@attrisense-org.com,48,Non-binary,Sales & BD,Entry,7131,6,Low,Poor,No,Below Average,1,53.06,54.02,Medium,Medium
10228,Liam Kumar,liamkumar228@attrisense-org.com,52,Female,Sales & BD,Lead,14589,15,High,Average,No,Below Average,3,16.48,15.93,Low,Low
10229,David Joshi,davidjoshi229@attrisense-org.com,37,Male,Human Resources,Executive,24201,7,Low,Poor,Yes,Low,0,28.47,28.38,Low,Low
10230,Amit Hernandez,amithernandez230@attrisense-org.com,28,Female,Engineering,Lead,17782,9,Low,Poor,Yes,Average,2,24.14,25.04,Low,Low
10231,James Martin,jamesmartin231@attrisense-org.com,58,Male,Human Resources,Mid-Level,9693,1,High,Poor,Yes,Below Average,1,75.69,76.55,High,High
10232,Michael Garcia,michaelgarcia232@attrisense-org.com,37,Non-binary,Human Resources,Executive,23793,11,High,Poor,No,Below Average,0,49.44,50.16,Medium,Medium
10233,Jessica Lopez,jessicalopez233@attrisense-org.com,31,Female,Sales & BD,Lead,15314,8,High,Average,Yes,Average,2,21.51,22.96,Low,Low
10234,Linda Rao,lindarao234@attrisense-org.com,26,Male,Marketing,Lead,17474,15,High,Good,Yes,Low,3,16.33,15.55,Low,Low
10235,William Rodriguez,williamrodriguez235@attrisense-org.com,33,Non-binary,Product Management,Executive,23207,6,Low,Average,Yes,Low,3,25.21,26.95,Low,Low
10236,Arjun Miller,arjunmiller236@attrisense-org.com,24,Non-binary,Human Resources,Senior,12474,12,Medium,Average,No,Average,0,83.32,83.15,High,High
10237,Lisa Brown,lisabrown237@attrisense-org.com,26,Male,Sales & BD,Mid-Level,9462,2,Medium,Good,No,Average,0,51.73,52.9,Medium,Medium
10238,David Garcia,davidgarcia238@attrisense-org.com,27,Female,Engineering,Lead,15296,12,High,Average,Yes,Average,3,21.7,20.08,Low,Low
10239,Vikram Kim,vikramkim239@attrisense-org.com,41,Female,Sales & BD,Executive,24167,2,Low,Good,No,High,0,24.8,24.02,Low,Low
10240,Neha Lee,nehalee240@attrisense-org.com,47,Male,Marketing,Senior,15891,1,Medium,Good,Yes,Below Average,3,31.62,30.56,Low,Low
10241,Vikram Rodriguez,vikramrodriguez241@attrisense-org.com,58,Male,Finance,Senior,13000,9,Medium,Good,No,Below Average,2,80.63,82.61,High,High
10242,William Kim,williamkim242@attrisense-org.com,47,Non-binary,Product Management,Lead,17009,9,High,Good,No,High,0,52.69,51.68,Medium,Medium
10243,David Kim,davidkim243@attrisense-org.com,22,Female,Sales & BD,Executive,22819,5,Low,Good,No,Below Average,3,32.29,30.48,Low,Low
10244,Karen Williams,karenwilliams244@attrisense-org.com,32,Female,Human Resources,Executive,24486,14,High,Poor,Yes,Average,2,21.05,20.06,Low,Low
10245,Arjun Kumar,arjunkumar245@attrisense-org.com,24,Female,Marketing,Mid-Level,11972,5,Medium,Good,No,Low,3,23.52,23.11,Low,Low
10246,Robert Patel,robertpatel246@attrisense-org.com,35,Non-binary,Sales & BD,Mid-Level,10613,10,High,Average,No,Low,2,78.29,79.41,High,High
10247,Vikram Rao,vikramrao247@attrisense-org.com,25,Female,Finance,Mid-Level,10156,8,Medium,Poor,Yes,Below Average,0,51.4,53.28,Medium,Medium
10248,Sarah Lopez,sarahlopez248@attrisense-org.com,30,Male,Human Resources,Executive,21859,7,High,Good,No,Average,2,18.79,18.07,Low,Low
10249,Rahul Martinez,rahulmartinez249@attrisense-org.com,56,Non-binary,Product Management,Senior,15234,5,Low,Poor,Yes,Low,1,18.36,19.7,Low,Low
10250,Sophia Singh,sophiasingh250@attrisense-org.com,42,Male,Product Management,Mid-Level,8931,7,Medium,Average,Yes,Low,2,19.73,21.22,Low,Low
10251,Michael Thomas,michaelthomas251@attrisense-org.com,39,Female,Marketing,Lead,15897,10,Medium,Poor,Yes,Below Average,2,85.56,87.45,High,High
10252,John Williams,johnwilliams252@attrisense-org.com,50,Male,Product Management,Executive,24921,5,High,Good,Yes,Low,0,52.75,52.49,Medium,Medium
10253,Aarav Jones,aaravjones253@attrisense-org.com,24,Female,Finance,Mid-Level,7540,13,High,Poor,Yes,Average,3,11.22,10.65,Low,Low
10254,Linda Rodriguez,lindarodriguez254@attrisense-org.com,25,Non-binary,Finance,Executive,23504,3,Medium,Good,No,Low,3,13.11,13.26,Low,Low
10255,Lucas Miller,lucasmiller255@attrisense-org.com,57,Male,Product Management,Entry,5646,4,Medium,Poor,No,High,0,10.73,11.21,Low,Low
10256,Rahul Wilson,rahulwilson256@attrisense-org.com,54,Non-binary,Sales & BD,Senior,12778,11,Medium,Average,Yes,Low,3,78.54,79.23,High,High
10257,Nancy Lopez,nancylopez257@attrisense-org.com,41,Female,Human Resources,Senior,14326,10,Low,Average,Yes,Low,3,58.98,59.46,Medium,Medium
10258,Aarav Johnson,aaravjohnson258@attrisense-org.com,26,Female,Finance,Senior,13211,8,High,Good,No,Average,3,29.38,28.05,Low,Low
10259,Daniel Rao,danielrao259@attrisense-org.com,22,Non-binary,Human Resources,Executive,23693,15,Medium,Poor,Yes,Below Average,0,14.38,16.05,Low,Low
10260,Vikram Johnson,vikramjohnson260@attrisense-org.com,52,Male,Engineering,Senior,12010,11,High,Average,No,High,0,10.63,10.47,Low,Low
10261,Vikram Martin,vikrammartin261@attrisense-org.com,36,Non-binary,Marketing,Entry,8491,10,High,Poor,No,Below Average,3,94.4,95.0,High,High
10262,Emma Patel,emmapatel262@attrisense-org.com,23,Non-binary,Sales & BD,Executive,23749,3,Medium,Average,Yes,Below Average,1,58.47,57.35,Medium,Medium
10263,Elena Martin,elenamartin263@attrisense-org.com,37,Non-binary,Engineering,Executive,21308,12,Low,Average,No,Below Average,2,26.66,25.64,Low,Low
10264,Neha Smith,nehasmith264@attrisense-org.com,57,Male,Sales & BD,Executive,24675,6,High,Poor,Yes,Below Average,0,31.59,32.79,Low,Low
10265,Liam Williams,liamwilliams265@attrisense-org.com,32,Non-binary,Finance,Mid-Level,11752,6,Low,Good,No,High,2,9.1,10.49,Low,Low
10266,Daniel Patel,danielpatel266@attrisense-org.com,23,Non-binary,Finance,Executive,24620,10,Low,Average,Yes,Low,1,78.2,77.52,High,High
10267,Priya Joshi,priyajoshi267@attrisense-org.com,50,Male,Engineering,Entry,4926,15,Medium,Average,Yes,Low,3,54.59,55.72,Medium,Medium
10268,Elena Martinez,elenamartinez268@attrisense-org.com,37,Female,Finance,Lead,17558,12,Medium,Poor,Yes,High,1,27.86,26.79,Low,Low
10269,William Patel,williampatel269@attrisense-org.com,32,Non-binary,Engineering,Senior,12626,7,High,Average,No,Below Average,3,14.46,14.03,Low,Low
10270,Anjali Miller,anjalimiller270@attrisense-org.com,40,Female,Product Management,Mid-Level,8257,11,High,Good,Yes,Below Average,2,26.41,27.95,Low,Low
10271,Neha Garcia,nehagarcia271@attrisense-org.com,36,Male,Sales & BD,Lead,15447,15,High,Poor,Yes,Below Average,0,93.25,91.39,High,High
10272,Karen Miller,karenmiller272@attrisense-org.com,25,Male,Product Management,Mid-Level,10828,15,High,Poor,No,Average,0,45.15,47.05,Medium,Medium
10273,Jessica Rodriguez,jessicarodriguez273@attrisense-org.com,23,Non-binary,Engineering,Entry,6563,8,Medium,Good,No,Below Average,0,18.2,17.49,Low,Low
10274,John Kim,johnkim274@attrisense-org.com,35,Male,Human Resources,Senior,14851,2,Low,Good,Yes,Average,0,32.59,33.0,Low,Low
10275,Sophia Anderson,sophiaanderson275@attrisense-org.com,53,Non-binary,Engineering,Senior,11568,13,High,Average,No,Average,0,25.46,27.16,Low,Low
10276,Arjun Kim,arjunkim276@attrisense-org.com,43,Male,Human Resources,Entry,7726,3,Low,Average,No,High,1,89.32,88.81,High,High
10277,Rahul Williams,rahulwilliams277@attrisense-org.com,57,Non-binary,Human Resources,Lead,15651,12,Low,Poor,No,Average,3,48.03,46.94,Medium,Medium
10278,Neha Miller,nehamiller278@attrisense-org.com,40,Female,Finance,Executive,24254,14,High,Average,Yes,Below Average,1,30.81,30.41,Low,Low
10279,Nancy Miller,nancymiller279@attrisense-org.com,47,Male,Sales & BD,Lead,15803,12,Low,Average,Yes,Average,3,14.85,12.91,Low,Low
10280,Aarav Lopez,aaravlopez280@attrisense-org.com,22,Female,Human Resources,Executive,23544,5,Low,Average,Yes,Below Average,3,28.17,28.78,Low,Low
10281,David Smith,davidsmith281@attrisense-org.com,58,Female,Engineering,Entry,5997,6,Low,Average,No,Below Average,0,83.05,83.57,High,High
10282,Michael Moore,michaelmoore282@attrisense-org.com,22,Non-binary,Product Management,Lead,16397,15,High,Poor,No,Average,0,53.97,54.61,Medium,Medium
10283,Priya Chen,priyachen283@attrisense-org.com,45,Female,Finance,Mid-Level,9098,10,Medium,Good,No,Average,0,31.68,30.39,Low,Low
10284,Rahul Patel,rahulpatel284@attrisense-org.com,42,Female,Sales & BD,Senior,11820,14,Medium,Poor,Yes,High,2,14.37,12.53,Low,Low
10285,Nancy Moore,nancymoore285@attrisense-org.com,56,Non-binary,Engineering,Mid-Level,8282,15,High,Poor,Yes,Below Average,2,26.56,25.25,Low,Low
10286,Robert Garcia,robertgarcia286@attrisense-org.com,46,Non-binary,Finance,Executive,23121,2,Medium,Poor,Yes,Average,2,88.89,89.15,High,High
10287,Daniel Sharma,danielsharma287@attrisense-org.com,57,Male,Human Resources,Lead,14846,14,High,Poor,No,Low,1,60.8,58.94,Medium,Medium
10288,Vikram Vance,vikramvance288@attrisense-org.com,25,Male,Sales & BD,Senior,14008,8,High,Average,No,Average,3,17.71,16.48,Low,Low
10289,John Martinez,johnmartinez289@attrisense-org.com,54,Non-binary,Engineering,Entry,8338,2,Low,Poor,Yes,Average,2,22.85,22.92,Low,Low
10290,Vikram Rao,vikramrao290@attrisense-org.com,37,Non-binary,Finance,Entry,8088,8,High,Good,No,Low,2,21.37,20.45,Low,Low
10291,Sophia Joshi,sophiajoshi291@attrisense-org.com,57,Female,Product Management,Executive,24500,12,Medium,Poor,No,Below Average,0,81.78,80.37,High,High
10292,Lisa Smith,lisasmith292@attrisense-org.com,38,Non-binary,Marketing,Executive,24473,15,Medium,Poor,No,Low,3,59.13,60.78,Medium,Medium
10293,Sarah Lopez,sarahlopez293@attrisense-org.com,23,Female,Finance,Lead,18554,15,High,Average,Yes,Low,3,30.14,31.16,Low,Low
10294,Emma Miller,emmamiller294@attrisense-org.com,51,Non-binary,Finance,Mid-Level,9201,15,High,Good,Yes,Below Average,3,21.59,21.15,Low,Low
10295,Neha Moore,nehamoore295@attrisense-org.com,27,Non-binary,Marketing,Senior,13597,9,High,Average,No,Below Average,1,17.21,19.1,Low,Low
10296,Priya Patel,priyapatel296@attrisense-org.com,32,Male,Product Management,Mid-Level,8588,8,High,Good,No,High,2,90.75,92.02,High,High
10297,Arjun Martinez,arjunmartinez297@attrisense-org.com,34,Female,Finance,Lead,18302,13,Low,Average,No,High,2,50.22,49.03,Medium,Medium
10298,Sarah Sharma,sarahsharma298@attrisense-org.com,52,Male,Finance,Lead,18841,2,High,Average,No,Below Average,3,19.69,18.17,Low,Low
10299,Anjali Kim,anjalikim299@attrisense-org.com,53,Female,Engineering,Lead,18569,8,High,Average,No,Low,0,25.94,26.83,Low,Low
10300,Robert Johnson,robertjohnson300@attrisense-org.com,37,Male,Human Resources,Senior,14057,5,High,Good,Yes,Low,2,12.03,10.24,Low,Low
10301,Linda Brown,lindabrown301@attrisense-org.com,40,Female,Product Management,Lead,14786,12,Low,Average,Yes,High,1,77.59,76.71,High,High
10302,Amit Thomas,amitthomas302@attrisense-org.com,51,Non-binary,Sales & BD,Mid-Level,9551,3,Low,Poor,Yes,Low,0,55.31,54.28,Medium,Medium
10303,Jessica Rao,jessicarao303@attrisense-org.com,40,Female,Marketing,Lead,17852,12,Medium,Poor,Yes,High,3,27.15,26.57,Low,Low
10304,Sarah Patel,sarahpatel304@attrisense-org.com,37,Female,Product Management,Lead,16046,6,Medium,Good,Yes,Below Average,2,22.95,21.78,Low,Low
10305,John Williams,johnwilliams305@attrisense-org.com,23,Female,Finance,Mid-Level,8797,5,Medium,Poor,Yes,High,2,11.12,12.23,Low,Low
10306,Sanjay Singh,sanjaysingh306@attrisense-org.com,29,Male,Engineering,Mid-Level,9466,13,Medium,Poor,Yes,Below Average,1,88.06,88.84,High,High
10307,Sanjay Rodriguez,sanjayrodriguez307@attrisense-org.com,39,Non-binary,Marketing,Lead,15207,2,High,Poor,No,Average,0,55.94,56.05,Medium,Medium
10308,Lucas Miller,lucasmiller308@attrisense-org.com,49,Female,Marketing,Senior,13228,1,High,Poor,No,Low,2,22.44,22.74,Low,Low
10309,Anjali Vance,anjalivance309@attrisense-org.com,55,Female,Sales & BD,Executive,23702,1,Medium,Average,Yes,Average,0,27.22,27.9,Low,Low
10310,Sanjay Moore,sanjaymoore310@attrisense-org.com,39,Non-binary,Sales & BD,Entry,7962,2,Low,Average,No,Average,2,25.95,26.87,Low,Low
10311,Karen Martinez,karenmartinez311@attrisense-org.com,48,Male,Human Resources,Executive,24359,7,Medium,Good,No,Low,3,78.51,80.03,High,High
10312,Daniel Joshi,danieljoshi312@attrisense-org.com,54,Non-binary,Finance,Entry,4769,10,Medium,Poor,Yes,Low,3,47.14,48.66,Medium,Medium
10313,William Martinez,williammartinez313@attrisense-org.com,31,Non-binary,Human Resources,Entry,6472,1,Low,Good,No,Low,0,23.91,22.86,Low,Low
10314,Linda Garcia,lindagarcia314@attrisense-org.com,49,Non-binary,Finance,Executive,21690,11,Low,Average,No,Low,2,13.31,14.44,Low,Low
10315,Lisa Anderson,lisaanderson315@attrisense-org.com,28,Male,Sales & BD,Lead,17934,11,Medium,Average,Yes,Below Average,2,22.52,21.62,Low,Low
10316,Sarah Taylor,sarahtaylor316@attrisense-org.com,50,Female,Finance,Mid-Level,8474,4,High,Good,Yes,High,2,94.63,94.53,High,High
10317,Lucas Hernandez,lucashernandez317@attrisense-org.com,32,Female,Marketing,Entry,8317,6,Low,Good,Yes,Low,3,48.78,50.38,Medium,Medium
10318,Linda Wilson,lindawilson318@attrisense-org.com,53,Male,Human Resources,Executive,21964,7,Medium,Average,Yes,Low,1,13.57,14.66,Low,Low
10319,Karen Kim,karenkim319@attrisense-org.com,45,Male,Marketing,Entry,8075,10,High,Average,Yes,Average,0,12.37,14.31,Low,Low
10320,Arjun Williams,arjunwilliams320@attrisense-org.com,51,Non-binary,Engineering,Entry,7719,3,Low,Good,No,Low,3,21.92,22.82,Low,Low
10321,Aarav Hernandez,aaravhernandez321@attrisense-org.com,40,Male,Human Resources,Senior,12137,11,Medium,Average,No,High,3,94.7,94.49,High,High
10322,Karen Wilson,karenwilson322@attrisense-org.com,31,Non-binary,Product Management,Mid-Level,8122,11,Low,Poor,Yes,High,1,56.76,58.25,Medium,Medium
10323,Lucas Patel,lucaspatel323@attrisense-org.com,43,Non-binary,Human Resources,Mid-Level,10208,2,Medium,Good,No,High,3,30.8,30.84,Low,Low
10324,Karen Martinez,karenmartinez324@attrisense-org.com,23,Male,Marketing,Senior,14791,1,Medium,Poor,No,High,2,31.25,30.95,Low,Low
10325,Elena Kumar,elenakumar325@attrisense-org.com,34,Female,Marketing,Entry,6307,2,Low,Average,No,Average,2,21.03,21.27,Low,Low
10326,Sophia Patel,sophiapatel326@attrisense-org.com,37,Male,Product Management,Mid-Level,11508,13,Low,Good,Yes,High,3,76.9,78.69,High,High
10327,Olivia Garcia,oliviagarcia327@attrisense-org.com,33,Female,Product Management,Mid-Level,9879,13,Medium,Average,No,Low,2,62.79,62.88,Medium,Medium
10328,Michael Williams,michaelwilliams328@attrisense-org.com,30,Female,Sales & BD,Executive,22948,13,Medium,Good,No,Low,2,29.33,29.73,Low,Low
10329,Olivia Smith,oliviasmith329@attrisense-org.com,53,Female,Human Resources,Mid-Level,10111,15,High,Good,Yes,Below Average,1,12.3,11.78,Low,Low
10330,Sophia Wilson,sophiawilson330@attrisense-org.com,41,Female,Engineering,Senior,12229,7,High,Poor,Yes,Average,0,9.89,11.29,Low,Low
10331,Neha Garcia,nehagarcia331@attrisense-org.com,38,Male,Sales & BD,Mid-Level,10455,13,Medium,Average,Yes,Average,3,85.48,86.26,High,High
10332,Robert Singh,robertsingh332@attrisense-org.com,25,Male,Human Resources,Lead,15755,13,Low,Poor,Yes,High,1,62.35,63.88,Medium,Medium
10333,Aarav Taylor,aaravtaylor333@attrisense-org.com,49,Non-binary,Marketing,Lead,16786,2,Medium,Good,Yes,Average,2,28.78,28.35,Low,Low
10334,Sanjay Kim,sanjaykim334@attrisense-org.com,53,Male,Human Resources,Executive,21105,12,Medium,Good,No,High,3,27.88,28.98,Low,Low
10335,Karen Patel,karenpatel335@attrisense-org.com,42,Male,Engineering,Mid-Level,8772,4,Medium,Poor,No,Average,0,22.34,22.54,Low,Low
10336,John Kumar,johnkumar336@attrisense-org.com,25,Male,Human Resources,Entry,6010,7,Medium,Poor,No,Average,0,85.29,83.85,High,High
10337,Sophia Martin,sophiamartin337@attrisense-org.com,37,Male,Product Management,Executive,22938,7,Medium,Poor,No,Below Average,0,63.03,63.81,Medium,Medium
10338,Robert Joshi,robertjoshi338@attrisense-org.com,57,Female,Engineering,Mid-Level,10785,2,Medium,Good,Yes,High,0,25.34,24.9,Low,Low
10339,Anjali Joshi,anjalijoshi339@attrisense-org.com,52,Female,Engineering,Lead,16010,11,High,Average,Yes,Low,1,29.55,27.76,Low,Low
10340,Neha Smith,nehasmith340@attrisense-org.com,27,Female,Marketing,Entry,8003,2,Medium,Good,No,Below Average,0,13.83,14.99,Low,Low
10341,Liam Lopez,liamlopez341@attrisense-org.com,58,Female,Human Resources,Mid-Level,10659,2,High,Poor,No,Below Average,1,86.84,88.21,High,High
10342,Karen Martin,karenmartin342@attrisense-org.com,36,Non-binary,Finance,Senior,15500,11,Low,Average,No,Below Average,1,46.6,48.3,Medium,Medium
10343,Michael Thomas,michaelthomas343@attrisense-org.com,38,Male,Finance,Entry,5397,14,High,Good,Yes,Below Average,1,9.86,10.06,Low,Low
10344,Lisa Hernandez,lisahernandez344@attrisense-org.com,40,Non-binary,Sales & BD,Lead,15952,13,High,Poor,Yes,High,3,23.42,24.25,Low,Low
10345,Sanjay Patel,sanjaypatel345@attrisense-org.com,23,Female,Marketing,Mid-Level,7588,4,High,Poor,Yes,Average,2,16.39,15.56,Low,Low
10346,Liam Williams,liamwilliams346@attrisense-org.com,52,Male,Engineering,Lead,18259,10,Medium,Average,Yes,Below Average,3,88.88,89.06,High,High
10347,Nancy Williams,nancywilliams347@attrisense-org.com,49,Male,Marketing,Lead,17252,6,Medium,Average,Yes,High,0,59.76,58.06,Medium,Medium
10348,William Taylor,williamtaylor348@attrisense-org.com,28,Female,Marketing,Lead,17066,10,Medium,Good,Yes,Below Average,2,29.41,28.91,Low,Low
10349,Carlos Sharma,carlossharma349@attrisense-org.com,49,Non-binary,Engineering,Mid-Level,11944,15,Low,Poor,No,Average,1,27.6,25.87,Low,Low
10350,Lisa Jones,lisajones350@attrisense-org.com,31,Male,Finance,Senior,15442,15,Medium,Good,No,High,0,20.38,20.2,Low,Low
10351,Emma Jones,emmajones351@attrisense-org.com,27,Non-binary,Engineering,Lead,14980,7,High,Poor,No,Average,3,89.58,87.95,High,High
10352,Aarav Patel,aaravpatel352@attrisense-org.com,54,Non-binary,Finance,Entry,8439,3,Medium,Good,No,Below Average,1,59.0,60.71,Medium,Medium
10353,John Smith,johnsmith353@attrisense-org.com,26,Male,Human Resources,Entry,4665,9,High,Poor,Yes,Below Average,1,13.21,13.98,Low,Low
10354,Sarah Moore,sarahmoore354@attrisense-org.com,54,Non-binary,Marketing,Lead,15654,15,Medium,Average,No,Below Average,1,28.25,27.97,Low,Low
10355,Sanjay Garcia,sanjaygarcia355@attrisense-org.com,29,Non-binary,Engineering,Executive,21252,9,Medium,Good,Yes,Below Average,0,15.43,16.93,Low,Low
10356,Neha Taylor,nehataylor356@attrisense-org.com,39,Non-binary,Human Resources,Senior,12091,4,Low,Poor,No,High,0,89.57,88.77,High,High
10357,Sarah Williams,sarahwilliams357@attrisense-org.com,43,Female,Marketing,Lead,16747,7,Medium,Poor,No,Average,0,62.91,62.91,Medium,Medium
10358,James Kim,jameskim358@attrisense-org.com,39,Female,Marketing,Executive,23799,10,Low,Good,Yes,Below Average,2,20.17,21.85,Low,Low
10359,Aarav Chen,aaravchen359@attrisense-org.com,53,Male,Engineering,Executive,23905,10,High,Poor,Yes,High,1,10.69,10.96,Low,Low
10360,Vikram Taylor,vikramtaylor360@attrisense-org.com,47,Non-binary,Product Management,Mid-Level,11647,1,Medium,Good,No,Below Average,1,16.74,17.74,Low,Low
10361,Anjali Rao,anjalirao361@attrisense-org.com,22,Female,Marketing,Lead,17175,7,High,Average,No,High,2,78.68,76.83,High,High
10362,Anjali Johnson,anjalijohnson362@attrisense-org.com,36,Male,Engineering,Senior,12753,9,High,Poor,Yes,Low,0,61.18,60.88,Medium,Medium
10363,Neha Patel,nehapatel363@attrisense-org.com,33,Male,Marketing,Senior,12309,1,Medium,Poor,No,Average,3,34.82,32.82,Low,Low
10364,Karen Thomas,karenthomas364@attrisense-org.com,30,Male,Engineering,Mid-Level,10599,14,Medium,Good,No,Low,0,25.21,26.13,Low,Low
10365,Carlos Kumar,carloskumar365@attrisense-org.com,43,Female,Engineering,Lead,15705,5,Medium,Average,No,Below Average,2,12.0,10.97,Low,Low
10366,James Taylor,jamestaylor366@attrisense-org.com,35,Non-binary,Marketing,Senior,12603,10,High,Good,No,Average,2,85.02,84.41,High,High
10367,Nancy Miller,nancymiller367@attrisense-org.com,23,Non-binary,Sales & BD,Executive,22303,4,Low,Average,Yes,Low,1,61.14,62.41,Medium,Medium
10368,Rahul Davis,rahuldavis368@attrisense-org.com,39,Male,Marketing,Lead,16000,5,Low,Average,No,Average,1,24.59,24.05,Low,Low
10369,Karen Hernandez,karenhernandez369@attrisense-org.com,45,Non-binary,Human Resources,Senior,15164,12,Low,Poor,No,Below Average,0,20.16,21.8,Low,Low
10370,Rahul Singh,rahulsingh370@attrisense-org.com,39,Female,Product Management,Mid-Level,8690,13,High,Poor,No,High,1,17.68,18.35,Low,Low
10371,Priya Martinez,priyamartinez371@attrisense-org.com,33,Female,Product Management,Lead,14916,13,Medium,Poor,No,Average,2,89.83,88.4,High,High
10372,Emma Anderson,emmaanderson372@attrisense-org.com,42,Female,Sales & BD,Executive,21725,12,High,Good,Yes,Average,1,52.04,51.27,Medium,Medium
10373,Liam Moore,liammoore373@attrisense-org.com,24,Non-binary,Product Management,Entry,4613,11,High,Poor,No,Average,1,18.7,16.92,Low,Low
10374,Robert Chen,robertchen374@attrisense-org.com,47,Non-binary,Marketing,Entry,6433,5,Medium,Good,Yes,Below Average,2,29.73,29.53,Low,Low
10375,David Rodriguez,davidrodriguez375@attrisense-org.com,54,Male,Engineering,Lead,18761,9,Medium,Poor,No,Below Average,2,20.18,20.92,Low,Low
10376,Priya Sharma,priyasharma376@attrisense-org.com,34,Female,Sales & BD,Senior,15610,8,Medium,Good,Yes,Average,2,83.35,81.47,High,High
10377,Aarav Moore,aaravmoore377@attrisense-org.com,46,Male,Product Management,Senior,15070,2,High,Good,No,Low,3,52.74,52.68,Medium,Medium
10378,Arjun Moore,arjunmoore378@attrisense-org.com,55,Female,Finance,Executive,21142,12,Low,Good,No,High,0,34.34,33.71,Low,Low
10379,James Kumar,jameskumar379@attrisense-org.com,47,Non-binary,Engineering,Executive,23823,6,Low,Poor,No,Below Average,0,22.67,23.02,Low,Low
10380,Lisa Brown,lisabrown380@attrisense-org.com,36,Male,Marketing,Lead,17356,1,Medium,Poor,No,Average,1,13.95,14.5,Low,Low
10381,Nancy Lee,nancylee381@attrisense-org.com,57,Non-binary,Sales & BD,Executive,20818,12,Low,Average,No,High,2,90.63,90.13,High,High
10382,Nancy Thomas,nancythomas382@attrisense-org.com,29,Non-binary,Marketing,Mid-Level,11301,4,High,Poor,Yes,High,3,58.25,59.44,Medium,Medium
10383,Robert Brown,robertbrown383@attrisense-org.com,29,Female,Finance,Mid-Level,10441,15,Low,Average,No,Low,1,24.89,23.18,Low,Low
10384,Lisa Williams,lisawilliams384@attrisense-org.com,51,Non-binary,Sales & BD,Mid-Level,9683,3,Low,Good,No,Below Average,2,21.3,20.51,Low,Low
10385,Sophia Sharma,sophiasharma385@attrisense-org.com,54,Male,Marketing,Senior,11618,11,Low,Poor,Yes,Average,2,14.8,12.91,Low,Low
10386,Sophia Singh,sophiasingh386@attrisense-org.com,43,Male,Marketing,Senior,14133,10,Low,Average,Yes,Low,3,86.14,87.18,High,High
10387,Sophia Lee,sophialee387@attrisense-org.com,23,Female,Finance,Entry,6615,2,High,Average,Yes,Below Average,0,48.21,48.01,Medium,Medium
10388,William Rodriguez,williamrodriguez388@attrisense-org.com,40,Non-binary,Finance,Entry,4579,11,High,Poor,Yes,High,0,21.62,23.25,Low,Low
10389,Anjali Miller,anjalimiller389@attrisense-org.com,42,Female,Product Management,Lead,14866,6,Medium,Poor,No,Average,3,35.46,33.81,Low,Low
10390,Amit Lopez,amitlopez390@attrisense-org.com,28,Non-binary,Product Management,Lead,14662,9,High,Average,No,High,2,19.54,21.07,Low,Low
10391,David Martinez,davidmartinez391@attrisense-org.com,42,Non-binary,Finance,Lead,16425,9,Low,Average,No,High,1,91.63,91.64,High,High
10392,Jessica Brown,jessicabrown392@attrisense-org.com,41,Female,Finance,Senior,15768,5,High,Average,Yes,High,3,58.66,58.62,Medium,Medium
10393,Jessica Smith,jessicasmith393@attrisense-org.com,33,Female,Product Management,Lead,16653,2,High,Average,Yes,High,2,17.9,16.56,Low,Low
10394,Sophia Rodriguez,sophiarodriguez394@attrisense-org.com,53,Non-binary,Sales & BD,Lead,15169,10,Low,Poor,No,High,2,32.5,33.53,Low,Low
10395,James Johnson,jamesjohnson395@attrisense-org.com,51,Female,Sales & BD,Lead,15219,2,Low,Poor,Yes,Below Average,0,22.76,23.23,Low,Low
10396,Karen Garcia,karengarcia396@attrisense-org.com,43,Male,Finance,Executive,22786,10,Medium,Good,Yes,Low,3,93.47,93.44,High,High
10397,Jessica Kumar,jessicakumar397@attrisense-org.com,24,Female,Sales & BD,Executive,21381,6,Medium,Average,Yes,Average,0,63.17,61.71,Medium,Medium
10398,Lucas Garcia,lucasgarcia398@attrisense-org.com,43,Non-binary,Marketing,Entry,7059,13,Low,Poor,No,Below Average,1,17.79,16.63,Low,Low
10399,David Martin,davidmartin399@attrisense-org.com,53,Female,Finance,Mid-Level,11736,3,Low,Poor,Yes,High,2,21.7,19.96,Low,Low
10400,Carlos Martinez,carlosmartinez400@attrisense-org.com,24,Male,Engineering,Entry,8047,8,Medium,Average,Yes,High,1,23.47,22.19,Low,Low
10401,Emma Smith,emmasmith401@attrisense-org.com,40,Male,Sales & BD,Mid-Level,7744,8,Medium,Average,No,Average,2,79.85,80.66,High,High
10402,Arjun Smith,arjunsmith402@attrisense-org.com,46,Non-binary,Sales & BD,Executive,22632,9,Low,Average,No,Below Average,3,58.15,56.15,Medium,Medium
10403,Anjali Sharma,anjalisharma403@attrisense-org.com,51,Female,Finance,Senior,14757,6,Medium,Good,Yes,Low,1,20.34,21.75,Low,Low
10404,Sophia Thomas,sophiathomas404@attrisense-org.com,22,Non-binary,Product Management,Mid-Level,8388,5,Low,Good,Yes,Below Average,2,22.31,22.93,Low,Low
10405,Vikram Lee,vikramlee405@attrisense-org.com,33,Female,Engineering,Mid-Level,9928,8,Low,Good,No,Average,2,23.42,23.25,Low,Low
10406,William Thomas,williamthomas406@attrisense-org.com,55,Non-binary,Sales & BD,Executive,21140,4,Medium,Average,Yes,High,2,83.4,84.11,High,High
10407,Aarav Taylor,aaravtaylor407@attrisense-org.com,47,Male,Finance,Entry,8656,15,High,Poor,No,Average,0,49.37,48.58,Medium,Medium
10408,David Wilson,davidwilson408@attrisense-org.com,22,Male,Product Management,Executive,21487,9,Medium,Good,No,Low,2,22.65,23.72,Low,Low
10409,Jessica Hernandez,jessicahernandez409@attrisense-org.com,54,Male,Engineering,Senior,12938,12,Low,Poor,Yes,Low,1,26.78,28.61,Low,Low
10410,Arjun Joshi,arjunjoshi410@attrisense-org.com,30,Non-binary,Marketing,Lead,15980,11,High,Poor,No,Average,3,28.69,27.87,Low,Low
10411,John Martin,johnmartin411@attrisense-org.com,37,Non-binary,Marketing,Mid-Level,9428,5,Medium,Average,No,Below Average,1,90.77,91.23,High,High
10412,Emma Brown,emmabrown412@attrisense-org.com,58,Female,Engineering,Lead,17447,3,Medium,Poor,No,High,3,58.89,57.61,Medium,Medium
10413,David Garcia,davidgarcia413@attrisense-org.com,55,Female,Human Resources,Executive,22608,8,Low,Poor,Yes,Below Average,1,33.52,33.54,Low,Low
10414,Lucas Sharma,lucassharma414@attrisense-org.com,30,Non-binary,Human Resources,Senior,15244,4,Medium,Poor,No,Low,0,10.9,10.89,Low,Low
10415,Liam Singh,liamsingh415@attrisense-org.com,45,Non-binary,Sales & BD,Executive,21552,10,Medium,Poor,No,High,0,25.64,24.16,Low,Low
10416,Anjali Brown,anjalibrown416@attrisense-org.com,24,Male,Product Management,Lead,17981,10,Medium,Poor,Yes,Below Average,2,92.24,92.48,High,High
10417,Anjali Davis,anjalidavis417@attrisense-org.com,47,Male,Sales & BD,Lead,17097,3,Medium,Good,No,Below Average,2,54.82,54.99,Medium,Medium
10418,Michael Taylor,michaeltaylor418@attrisense-org.com,36,Female,Engineering,Entry,6889,5,Low,Good,Yes,Average,1,26.98,27.34,Low,Low
10419,Olivia Hernandez,oliviahernandez419@attrisense-org.com,48,Male,Marketing,Entry,5076,8,High,Poor,No,High,3,24.33,25.71,Low,Low
10420,Emma Johnson,emmajohnson420@attrisense-org.com,46,Male,Marketing,Entry,6320,9,Medium,Good,Yes,Average,2,23.15,21.27,Low,Low
10421,Neha Martinez,nehamartinez421@attrisense-org.com,56,Non-binary,Marketing,Entry,8602,13,Medium,Good,Yes,Below Average,3,82.54,81.77,High,High
10422,Arjun Kim,arjunkim422@attrisense-org.com,52,Female,Marketing,Mid-Level,8954,14,Low,Poor,Yes,Below Average,1,58.76,57.35,Medium,Medium
10423,Aarav Miller,aaravmiller423@attrisense-org.com,26,Female,Sales & BD,Mid-Level,8910,12,Medium,Average,No,Below Average,2,31.9,30.46,Low,Low
10424,James Anderson,jamesanderson424@attrisense-org.com,43,Male,Human Resources,Mid-Level,10767,10,Medium,Average,No,Below Average,3,18.39,19.12,Low,Low
10425,Neha Rao,neharao425@attrisense-org.com,50,Female,Marketing,Mid-Level,9293,3,High,Poor,No,Below Average,3,28.29,27.25,Low,Low
10426,Nancy Williams,nancywilliams426@attrisense-org.com,50,Male,Sales & BD,Executive,21168,9,Low,Poor,No,Average,3,90.59,92.45,High,High
10427,Karen Garcia,karengarcia427@attrisense-org.com,53,Female,Marketing,Executive,21674,3,High,Average,No,Below Average,2,46.82,46.3,Medium,Medium
10428,Emma Martin,emmamartin428@attrisense-org.com,23,Female,Finance,Executive,24771,7,High,Average,No,High,1,34.09,32.1,Low,Low
10429,Sophia Vance,sophiavance429@attrisense-org.com,37,Female,Finance,Mid-Level,8146,10,Medium,Poor,No,High,2,27.66,27.92,Low,Low
10430,Lucas Brown,lucasbrown430@attrisense-org.com,46,Male,Engineering,Lead,16211,5,High,Good,No,High,2,12.89,12.36,Low,Low
10431,Elena Rao,elenarao431@attrisense-org.com,44,Male,Product Management,Lead,17635,7,Low,Poor,No,Average,1,92.22,92.45,High,High
10432,Carlos Davis,carlosdavis432@attrisense-org.com,45,Male,Sales & BD,Senior,14408,4,High,Average,Yes,Low,1,59.8,58.19,Medium,Medium
10433,Michael Rao,michaelrao433@attrisense-org.com,34,Male,Product Management,Executive,22227,8,Low,Good,No,Below Average,0,12.28,11.1,Low,Low
10434,Neha Joshi,nehajoshi434@attrisense-org.com,40,Male,Finance,Senior,15910,13,Medium,Good,No,Below Average,3,16.54,17.04,Low,Low
10435,Arjun Wilson,arjunwilson435@attrisense-org.com,58,Female,Finance,Lead,17425,3,High,Poor,Yes,Below Average,3,13.61,13.49,Low,Low
10436,Jessica Thomas,jessicathomas436@attrisense-org.com,30,Female,Product Management,Entry,5384,2,High,Good,No,Average,0,87.49,86.32,High,High
10437,Sanjay Williams,sanjaywilliams437@attrisense-org.com,54,Non-binary,Product Management,Lead,18164,1,Low,Poor,Yes,High,1,46.55,48.23,Medium,Medium
10438,Karen Vance,karenvance438@attrisense-org.com,41,Female,Product Management,Senior,14767,5,Low,Good,No,High,0,31.38,30.9,Low,Low
10439,Neha Anderson,nehaanderson439@attrisense-org.com,49,Female,Engineering,Entry,5068,8,Medium,Poor,No,Low,2,17.43,15.78,Low,Low
10440,Karen Brown,karenbrown440@attrisense-org.com,30,Non-binary,Human Resources,Executive,22696,2,High,Average,Yes,Average,2,13.27,13.43,Low,Low
10441,John Patel,johnpatel441@attrisense-org.com,45,Male,Product Management,Senior,11989,6,Low,Good,Yes,Below Average,1,79.1,80.08,High,High
10442,William Kumar,williamkumar442@attrisense-org.com,33,Male,Product Management,Lead,18772,5,Medium,Good,Yes,Below Average,1,46.4,45.18,Medium,Medium
10443,Michael Miller,michaelmiller443@attrisense-org.com,47,Non-binary,Human Resources,Senior,15696,6,Medium,Good,Yes,Low,3,32.34,31.63,Low,Low
10444,Sarah Brown,sarahbrown444@attrisense-org.com,42,Non-binary,Engineering,Senior,14555,4,Low,Good,No,Low,2,13.56,13.79,Low,Low
10445,Priya Singh,priyasingh445@attrisense-org.com,49,Male,Human Resources,Entry,8168,5,Medium,Good,Yes,Below Average,0,18.64,18.29,Low,Low
10446,Emma Taylor,emmataylor446@attrisense-org.com,33,Female,Sales & BD,Senior,13800,3,Low,Good,Yes,High,0,87.48,87.78,High,High
10447,Liam Wilson,liamwilson447@attrisense-org.com,41,Non-binary,Engineering,Lead,18534,13,High,Good,Yes,Average,0,51.13,49.75,Medium,Medium
10448,Carlos Moore,carlosmoore448@attrisense-org.com,34,Male,Sales & BD,Senior,14301,2,Medium,Good,No,Low,1,14.32,14.78,Low,Low
10449,Sophia Chen,sophiachen449@attrisense-org.com,43,Female,Finance,Mid-Level,8421,15,Low,Poor,Yes,Average,3,20.55,21.6,Low,Low
10450,Nancy Martinez,nancymartinez450@attrisense-org.com,22,Non-binary,Marketing,Executive,24667,10,Medium,Poor,No,Below Average,1,24.03,23.73,Low,Low
10451,Olivia Smith,oliviasmith451@attrisense-org.com,29,Non-binary,Finance,Executive,23851,3,Low,Poor,No,Average,3,94.03,94.85,High,High
10452,Vikram Garcia,vikramgarcia452@attrisense-org.com,52,Female,Finance,Mid-Level,11470,15,Low,Average,Yes,Low,3,64.21,63.58,Medium,Medium
10453,Michael Lopez,michaellopez453@attrisense-org.com,34,Non-binary,Finance,Mid-Level,10385,13,Medium,Average,No,Below Average,2,16.85,16.59,Low,Low
10454,Priya Sharma,priyasharma454@attrisense-org.com,29,Non-binary,Marketing,Lead,18741,7,Medium,Average,No,Low,0,27.44,26.46,Low,Low
10455,Priya Miller,priyamiller455@attrisense-org.com,25,Female,Finance,Executive,24221,5,Medium,Good,Yes,High,3,11.61,11.18,Low,Low
10456,Neha Thomas,nehathomas456@attrisense-org.com,26,Female,Engineering,Executive,22903,2,Medium,Poor,No,High,0,86.55,84.93,High,High
10457,Jessica Williams,jessicawilliams457@attrisense-org.com,33,Male,Engineering,Lead,15851,11,High,Good,No,Low,2,51.64,50.44,Medium,Medium
10458,Sophia Kumar,sophiakumar458@attrisense-org.com,29,Non-binary,Sales & BD,Mid-Level,11422,3,Medium,Good,No,High,0,23.98,24.57,Low,Low
10459,Vikram Patel,vikrampatel459@attrisense-org.com,48,Male,Product Management,Lead,15042,9,Low,Good,Yes,Low,1,25.76,25.28,Low,Low
10460,Jessica Miller,jessicamiller460@attrisense-org.com,22,Non-binary,Sales & BD,Entry,6993,13,Medium,Good,No,Average,3,27.15,26.27,Low,Low
10461,Sarah Moore,sarahmoore461@attrisense-org.com,39,Female,Sales & BD,Lead,16153,5,Medium,Good,No,Average,2,89.53,88.18,High,High
10462,Rahul Hernandez,rahulhernandez462@attrisense-org.com,50,Male,Product Management,Executive,23540,5,Medium,Good,No,Below Average,0,58.55,56.94,Medium,Medium
10463,Linda Vance,lindavance463@attrisense-org.com,30,Female,Finance,Mid-Level,9710,8,Medium,Average,Yes,Low,0,24.75,25.51,Low,Low
10464,David Kim,davidkim464@attrisense-org.com,37,Female,Human Resources,Lead,18446,5,High,Average,Yes,Average,0,20.9,20.58,Low,Low
10465,Sophia Hernandez,sophiahernandez465@attrisense-org.com,58,Male,Human Resources,Entry,4666,9,Low,Average,No,Average,3,25.94,27.58,Low,Low
10466,Emma Davis,emmadavis466@attrisense-org.com,45,Female,Product Management,Executive,22136,5,High,Average,No,Low,3,81.89,80.9,High,High
10467,Neha Vance,nehavance467@attrisense-org.com,55,Male,Finance,Executive,23484,13,High,Average,No,Low,2,46.87,48.34,Medium,Medium
10468,Anjali Rodriguez,anjalirodriguez468@attrisense-org.com,45,Female,Sales & BD,Mid-Level,11161,14,Low,Good,Yes,Average,2,24.84,22.95,Low,Low
10469,Michael Johnson,michaeljohnson469@attrisense-org.com,45,Female,Product Management,Senior,13275,9,High,Good,Yes,Low,1,24.39,22.74,Low,Low
10470,Olivia Smith,oliviasmith470@attrisense-org.com,56,Non-binary,Marketing,Entry,5520,13,High,Good,Yes,Below Average,0,28.96,29.93,Low,Low
10471,Lucas Jones,lucasjones471@attrisense-org.com,32,Male,Sales & BD,Lead,18453,2,High,Poor,Yes,Below Average,2,91.42,91.49,High,High
10472,Emma Jones,emmajones472@attrisense-org.com,44,Male,Sales & BD,Entry,8903,4,Medium,Good,Yes,Below Average,0,61.31,60.32,Medium,Medium
10473,Arjun Garcia,arjungarcia473@attrisense-org.com,56,Non-binary,Human Resources,Lead,17549,5,Medium,Poor,No,High,0,16.59,18.13,Low,Low
10474,James Williams,jameswilliams474@attrisense-org.com,57,Male,Sales & BD,Executive,22435,10,Low,Good,Yes,Low,2,31.67,33.11,Low,Low
10475,James Rao,jamesrao475@attrisense-org.com,36,Non-binary,Finance,Senior,13610,5,Low,Average,Yes,Low,0,34.64,33.2,Low,Low
10476,William Brown,williambrown476@attrisense-org.com,31,Male,Marketing,Lead,17974,6,High,Poor,No,High,3,91.4,89.48,High,High
10477,Nancy Smith,nancysmith477@attrisense-org.com,51,Male,Finance,Executive,23588,14,Medium,Poor,Yes,High,0,64.6,63.38,Medium,Medium
10478,Robert Joshi,robertjoshi478@attrisense-org.com,43,Non-binary,Product Management,Mid-Level,8220,1,Medium,Poor,No,Below Average,1,19.94,18.78,Low,Low
10479,Daniel Joshi,danieljoshi479@attrisense-org.com,23,Male,Human Resources,Mid-Level,8698,14,Low,Good,Yes,Average,0,10.48,10.33,Low,Low
10480,Carlos Williams,carloswilliams480@attrisense-org.com,39,Female,Product Management,Senior,14452,2,High,Poor,No,Low,3,21.6,20.91,Low,Low
10481,William Martinez,williammartinez481@attrisense-org.com,24,Male,Product Management,Entry,5055,2,Medium,Poor,Yes,High,3,88.79,88.45,High,High
10482,Liam Jones,liamjones482@attrisense-org.com,35,Female,Finance,Mid-Level,9655,8,High,Good,Yes,Low,2,62.39,60.63,Medium,Medium
10483,Sanjay Vance,sanjayvance483@attrisense-org.com,49,Male,Human Resources,Executive,21318,1,High,Good,Yes,Low,1,11.54,12.6,Low,Low
10484,Vikram Lee,vikramlee484@attrisense-org.com,54,Male,Human Resources,Lead,15997,5,Medium,Average,Yes,Average,2,12.14,10.6,Low,Low
10485,Emma Kim,emmakim485@attrisense-org.com,57,Male,Marketing,Entry,6467,12,Medium,Poor,No,Average,2,25.13,23.47,Low,Low
10486,Carlos Moore,carlosmoore486@attrisense-org.com,24,Non-binary,Finance,Executive,23726,10,High,Average,No,Low,1,77.68,79.43,High,High
10487,Lisa Jones,lisajones487@attrisense-org.com,46,Non-binary,Product Management,Lead,15804,7,Medium,Good,No,Below Average,3,62.29,60.65,Medium,Medium
10488,Sophia Lopez,sophialopez488@attrisense-org.com,40,Male,Human Resources,Senior,15404,12,Low,Average,Yes,Below Average,1,16.88,17.25,Low,Low
10489,Aarav Thomas,aaravthomas489@attrisense-org.com,49,Male,Engineering,Senior,15302,7,Low,Good,No,High,3,15.14,13.35,Low,Low
10490,James Johnson,jamesjohnson490@attrisense-org.com,58,Female,Sales & BD,Lead,18943,5,Medium,Poor,Yes,Low,3,17.27,17.3,Low,Low
10491,Rahul Lopez,rahullopez491@attrisense-org.com,28,Non-binary,Sales & BD,Senior,12491,2,Medium,Average,No,Below Average,0,78.49,76.94,High,High
10492,Emma Martinez,emmamartinez492@attrisense-org.com,46,Male,Engineering,Executive,22540,11,High,Poor,No,Average,3,47.39,47.58,Medium,Medium
10493,Amit Joshi,amitjoshi493@attrisense-org.com,48,Non-binary,Human Resources,Executive,21643,8,Low,Poor,No,Average,2,27.06,26.09,Low,Low
10494,Rahul Davis,rahuldavis494@attrisense-org.com,43,Male,Finance,Mid-Level,8890,13,Medium,Poor,Yes,Below Average,0,32.38,32.7,Low,Low
10495,Carlos Martin,carlosmartin495@attrisense-org.com,55,Female,Sales & BD,Executive,24787,14,Low,Good,No,Below Average,3,26.43,27.81,Low,Low
10496,Lisa Garcia,lisagarcia496@attrisense-org.com,30,Male,Engineering,Executive,23695,15,Medium,Average,No,Average,0,81.7,83.3,High,High
10497,John Lee,johnlee497@attrisense-org.com,58,Male,Sales & BD,Entry,7994,14,Medium,Poor,No,High,0,53.93,54.3,Medium,Medium
10498,David Moore,davidmoore498@attrisense-org.com,55,Non-binary,Engineering,Executive,24640,5,High,Poor,No,Low,2,30.97,32.84,Low,Low
10499,Linda Miller,lindamiller499@attrisense-org.com,37,Non-binary,Human Resources,Lead,18906,7,Low,Average,Yes,Average,3,18.66,18.89,Low,Low
10500,Lisa Chen,lisachen500@attrisense-org.com,54,Male,Sales & BD,Mid-Level,9180,15,Low,Average,No,Low,0,34.23,32.81,Low,Low
10501,Emma Miller,emmamiller501@attrisense-org.com,45,Non-binary,Sales & BD,Lead,18055,15,High,Good,No,Low,1,77.73,76.99,High,High
10502,John Hernandez,johnhernandez502@attrisense-org.com,26,Non-binary,Product Management,Mid-Level,10241,1,Low,Poor,Yes,Below Average,3,57.25,55.34,Medium,Medium
10503,Jessica Anderson,jessicaanderson503@attrisense-org.com,32,Non-binary,Engineering,Lead,18659,3,Low,Average,Yes,Low,3,18.2,18.61,Low,Low
10504,Priya Lopez,priyalopez504@attrisense-org.com,46,Female,Human Resources,Executive,24956,9,High,Poor,Yes,High,3,13.05,14.56,Low,Low
10505,Nancy Garcia,nancygarcia505@attrisense-org.com,32,Non-binary,Sales & BD,Senior,15712,15,High,Average,No,Average,3,30.17,30.35,Low,Low
10506,Neha Joshi,nehajoshi506@attrisense-org.com,36,Female,Sales & BD,Entry,7487,12,High,Good,Yes,Low,1,88.83,88.26,High,High
10507,Amit Kim,amitkim507@attrisense-org.com,24,Female,Product Management,Senior,11785,2,High,Good,No,Average,0,54.44,56.35,Medium,Medium
10508,Aarav Taylor,aaravtaylor508@attrisense-org.com,40,Non-binary,Human Resources,Lead,17247,10,Low,Poor,No,Below Average,1,27.85,28.88,Low,Low
10509,John Patel,johnpatel509@attrisense-org.com,46,Female,Human Resources,Entry,8143,14,Medium,Poor,No,Below Average,3,13.28,13.02,Low,Low
10510,Nancy Garcia,nancygarcia510@attrisense-org.com,50,Non-binary,Product Management,Senior,12765,3,Medium,Poor,No,High,2,12.71,11.65,Low,Low
10511,Neha Sharma,nehasharma511@attrisense-org.com,37,Male,Engineering,Lead,18460,11,Medium,Average,Yes,Average,2,78.0,79.14,High,High
10512,Carlos Taylor,carlostaylor512@attrisense-org.com,38,Male,Sales & BD,Executive,22712,3,Medium,Average,Yes,Average,3,60.83,61.52,Medium,Medium
10513,Daniel Anderson,danielanderson513@attrisense-org.com,24,Female,Sales & BD,Lead,15268,2,Low,Poor,No,High,1,15.14,13.54,Low,Low
10514,Vikram Vance,vikramvance514@attrisense-org.com,30,Female,Sales & BD,Lead,17303,6,Low,Good,Yes,Below Average,3,11.5,10.07,Low,Low
10515,Neha Hernandez,nehahernandez515@attrisense-org.com,49,Female,Engineering,Lead,16017,5,Low,Average,Yes,Below Average,0,11.99,13.47,Low,Low
10516,Nancy Sharma,nancysharma516@attrisense-org.com,30,Male,Finance,Entry,5573,2,Low,Poor,Yes,Low,0,78.71,80.01,High,High
10517,Rahul Miller,rahulmiller517@attrisense-org.com,22,Female,Sales & BD,Lead,15648,5,Low,Poor,Yes,Average,2,55.66,57.56,Medium,Medium
10518,Robert Joshi,robertjoshi518@attrisense-org.com,49,Non-binary,Marketing,Lead,17843,3,High,Average,Yes,Below Average,2,11.52,10.36,Low,Low
10519,Sarah Anderson,sarahanderson519@attrisense-org.com,46,Non-binary,Human Resources,Senior,13940,14,High,Good,No,Below Average,1,15.01,15.71,Low,Low
10520,Sanjay Singh,sanjaysingh520@attrisense-org.com,39,Male,Sales & BD,Executive,22154,2,Medium,Average,No,High,0,12.39,14.18,Low,Low
10521,Olivia Sharma,oliviasharma521@attrisense-org.com,38,Non-binary,Sales & BD,Senior,12988,7,High,Average,Yes,Low,0,89.93,89.83,High,High
10522,Sanjay Johnson,sanjayjohnson522@attrisense-org.com,22,Non-binary,Product Management,Mid-Level,8943,13,Low,Poor,Yes,Below Average,0,59.07,59.17,Medium,Medium
10523,Vikram Sharma,vikramsharma523@attrisense-org.com,48,Male,Product Management,Senior,14938,8,Low,Good,No,Average,3,28.72,28.67,Low,Low
10524,Nancy Singh,nancysingh524@attrisense-org.com,23,Male,Sales & BD,Entry,7940,12,High,Good,Yes,Average,2,12.64,12.62,Low,Low
10525,Lucas Kim,lucaskim525@attrisense-org.com,40,Male,Product Management,Senior,14102,7,Low,Good,Yes,High,3,30.86,32.69,Low,Low
10526,John Moore,johnmoore526@attrisense-org.com,30,Non-binary,Sales & BD,Executive,24704,10,High,Good,Yes,High,2,92.13,90.66,High,High
10527,Linda Jones,lindajones527@attrisense-org.com,29,Female,Finance,Lead,17066,9,High,Average,Yes,Below Average,1,54.74,54.91,Medium,Medium
10528,Anjali Williams,anjaliwilliams528@attrisense-org.com,42,Non-binary,Finance,Senior,14666,14,Medium,Poor,Yes,Average,2,31.38,33.14,Low,Low
10529,Daniel Anderson,danielanderson529@attrisense-org.com,33,Male,Human Resources,Lead,16020,2,Low,Average,No,Average,3,21.11,21.5,Low,Low
10530,Emma Kim,emmakim530@attrisense-org.com,49,Non-binary,Finance,Senior,13017,6,High,Poor,No,Low,3,26.43,26.47,Low,Low
10531,Elena Rodriguez,elenarodriguez531@attrisense-org.com,58,Female,Engineering,Executive,24226,15,Low,Average,No,High,2,91.48,93.19,High,High
10532,Carlos Martinez,carlosmartinez532@attrisense-org.com,30,Female,Sales & BD,Executive,20687,2,Low,Average,Yes,Low,1,46.97,46.54,Medium,Medium
10533,Robert Jones,robertjones533@attrisense-org.com,38,Non-binary,Finance,Executive,20698,2,Medium,Good,Yes,Below Average,2,10.68,11.58,Low,Low
10534,Aarav Kumar,aaravkumar534@attrisense-org.com,34,Male,Product Management,Entry,8179,12,Medium,Poor,Yes,High,0,25.38,25.19,Low,Low
10535,Michael Davis,michaeldavis535@attrisense-org.com,28,Non-binary,Engineering,Mid-Level,10486,5,Low,Poor,No,Average,2,19.78,17.8,Low,Low
10536,Daniel Thomas,danielthomas536@attrisense-org.com,31,Non-binary,Human Resources,Senior,11815,1,Low,Good,Yes,Average,2,85.42,85.61,High,High
10537,Daniel Smith,danielsmith537@attrisense-org.com,52,Non-binary,Product Management,Entry,6040,10,Low,Poor,Yes,High,3,54.9,56.5,Medium,Medium
10538,Jessica Taylor,jessicataylor538@attrisense-org.com,24,Non-binary,Sales & BD,Senior,12364,8,Medium,Average,No,Average,1,28.25,26.84,Low,Low
10539,Karen Kumar,karenkumar539@attrisense-org.com,28,Male,Product Management,Entry,6829,5,Medium,Good,No,Average,1,26.7,25.62,Low,Low
10540,John Miller,johnmiller540@attrisense-org.com,39,Female,Marketing,Entry,8269,4,High,Poor,No,High,0,26.16,27.3,Low,Low
10541,Daniel Garcia,danielgarcia541@attrisense-org.com,49,Female,Sales & BD,Lead,18893,15,Low,Poor,Yes,Low,3,82.94,84.03,High,High
10542,Neha Jones,nehajones542@attrisense-org.com,58,Non-binary,Sales & BD,Senior,13290,1,Low,Poor,Yes,High,1,51.25,51.44,Medium,Medium
10543,Olivia Martinez,oliviamartinez543@attrisense-org.com,27,Non-binary,Engineering,Mid-Level,11843,1,High,Good,No,Average,3,18.36,19.98,Low,Low
10544,Aarav Moore,aaravmoore544@attrisense-org.com,54,Female,Sales & BD,Senior,13484,6,Medium,Average,Yes,Average,0,20.9,20.24,Low,Low
10545,William Davis,williamdavis545@attrisense-org.com,37,Male,Engineering,Senior,12860,6,High,Good,Yes,Below Average,3,17.59,18.98,Low,Low
10546,Sophia Thomas,sophiathomas546@attrisense-org.com,55,Male,Engineering,Mid-Level,8243,1,High,Good,No,Low,2,91.73,93.46,High,High
10547,Sophia Kim,sophiakim547@attrisense-org.com,32,Male,Human Resources,Senior,13799,8,High,Good,No,High,0,59.17,60.8,Medium,Medium
10548,David Miller,davidmiller548@attrisense-org.com,53,Female,Finance,Executive,21357,6,Medium,Average,Yes,Below Average,2,13.28,12.32,Low,Low
10549,Sanjay Lee,sanjaylee549@attrisense-org.com,35,Non-binary,Engineering,Executive,22120,3,Low,Good,Yes,Low,0,29.71,29.48,Low,Low
10550,Anjali Patel,anjalipatel550@attrisense-org.com,53,Female,Finance,Entry,8347,12,Medium,Poor,Yes,Low,3,24.33,24.08,Low,Low
10551,Sanjay Moore,sanjaymoore551@attrisense-org.com,35,Male,Sales & BD,Lead,16982,3,High,Good,Yes,Low,2,80.08,81.59,High,High
10552,Lisa Davis,lisadavis552@attrisense-org.com,57,Female,Finance,Mid-Level,7573,14,Medium,Average,No,Below Average,0,52.38,51.72,Medium,Medium
10553,Lucas Taylor,lucastaylor553@attrisense-org.com,31,Male,Finance,Lead,16476,2,Medium,Good,No,Low,0,29.48,28.01,Low,Low
10554,Sophia Patel,sophiapatel554@attrisense-org.com,43,Female,Sales & BD,Lead,15699,14,Low,Average,No,Average,3,29.18,27.31,Low,Low
10555,Aarav Anderson,aaravanderson555@attrisense-org.com,53,Male,Sales & BD,Entry,7481,8,Medium,Good,No,Below Average,2,23.82,24.41,Low,Low
10556,Olivia Thomas,oliviathomas556@attrisense-org.com,42,Male,Finance,Lead,17276,15,Medium,Poor,Yes,Low,1,85.41,86.56,High,High
10557,Amit Davis,amitdavis557@attrisense-org.com,33,Female,Marketing,Lead,14619,5,High,Good,Yes,Low,2,56.38,57.48,Medium,Medium
10558,Anjali Taylor,anjalitaylor558@attrisense-org.com,58,Non-binary,Finance,Mid-Level,8063,12,Low,Average,No,Below Average,0,13.98,12.6,Low,Low
10559,Neha Joshi,nehajoshi559@attrisense-org.com,56,Non-binary,Finance,Entry,7953,3,Medium,Poor,No,Average,1,19.87,18.82,Low,Low
10560,Carlos Miller,carlosmiller560@attrisense-org.com,41,Female,Sales & BD,Mid-Level,9376,8,Low,Average,No,Below Average,1,25.01,23.78,Low,Low
10561,Liam Kim,liamkim561@attrisense-org.com,25,Male,Product Management,Executive,21510,13,High,Poor,No,Low,0,93.8,91.9,High,High
10562,Robert Smith,robertsmith562@attrisense-org.com,33,Non-binary,Finance,Senior,13293,2,Medium,Poor,Yes,Below Average,0,61.0,60.55,Medium,Medium
10563,Michael Lopez,michaellopez563@attrisense-org.com,22,Female,Product Management,Executive,24416,13,High,Good,Yes,High,2,23.53,25.42,Low,Low
10564,Rahul Patel,rahulpatel564@attrisense-org.com,49,Female,Engineering,Senior,11836,4,High,Average,Yes,High,0,33.62,32.3,Low,Low
10565,Linda Joshi,lindajoshi565@attrisense-org.com,46,Male,Finance,Lead,17030,1,High,Average,Yes,Average,1,15.14,16.42,Low,Low
10566,Sophia Kim,sophiakim566@attrisense-org.com,36,Female,Sales & BD,Executive,21817,13,Low,Good,Yes,Below Average,3,88.29,89.05,High,High
10567,David Moore,davidmoore567@attrisense-org.com,31,Female,Finance,Senior,12267,13,High,Good,No,Below Average,0,49.48,51.46,Medium,Medium
10568,Lisa Joshi,lisajoshi568@attrisense-org.com,33,Male,Marketing,Entry,4646,10,Medium,Good,No,High,1,31.15,30.88,Low,Low
10569,James Joshi,jamesjoshi569@attrisense-org.com,32,Non-binary,Sales & BD,Executive,20532,1,Low,Average,No,Low,1,18.19,19.62,Low,Low
10570,Sarah Rao,sarahrao570@attrisense-org.com,35,Non-binary,Human Resources,Mid-Level,11915,11,High,Good,Yes,Below Average,0,23.32,25.2,Low,Low
10571,Karen Garcia,karengarcia571@attrisense-org.com,22,Male,Sales & BD,Entry,6530,5,Medium,Average,Yes,Low,2,88.78,89.92,High,High
10572,Daniel Williams,danielwilliams572@attrisense-org.com,50,Non-binary,Human Resources,Mid-Level,11275,7,High,Good,No,Low,1,52.34,52.98,Medium,Medium
10573,Lisa Lee,lisalee573@attrisense-org.com,54,Non-binary,Sales & BD,Senior,13632,5,Low,Good,No,Low,0,19.77,18.88,Low,Low
10574,Priya Chen,priyachen574@attrisense-org.com,48,Non-binary,Product Management,Entry,7393,4,High,Average,Yes,Low,0,28.91,28.64,Low,Low
10575,Daniel Chen,danielchen575@attrisense-org.com,28,Female,Engineering,Mid-Level,8091,1,High,Average,Yes,Average,3,10.25,12.04,Low,Low
10576,Emma Smith,emmasmith576@attrisense-org.com,40,Non-binary,Human Resources,Senior,15122,9,Medium,Average,Yes,Low,1,78.62,78.15,High,High
10577,Carlos Anderson,carlosanderson577@attrisense-org.com,22,Male,Human Resources,Mid-Level,10392,4,Low,Good,No,Below Average,1,56.9,57.81,Medium,Medium
10578,Sarah Kim,sarahkim578@attrisense-org.com,39,Non-binary,Human Resources,Lead,17814,8,High,Poor,No,Low,2,25.83,25.89,Low,Low
10579,Neha Lopez,nehalopez579@attrisense-org.com,54,Non-binary,Engineering,Entry,5724,9,Low,Poor,Yes,Low,2,19.7,20.61,Low,Low
10580,Karen Hernandez,karenhernandez580@attrisense-org.com,35,Female,Sales & BD,Mid-Level,8511,6,Low,Average,Yes,Average,1,26.58,28.12,Low,Low
10581,Lisa Rao,lisarao581@attrisense-org.com,53,Female,Marketing,Senior,14854,13,Low,Poor,No,Low,0,82.73,83.6,High,High
10582,Anjali Singh,anjalisingh582@attrisense-org.com,33,Female,Sales & BD,Executive,24642,9,Medium,Good,No,Average,3,57.84,57.89,Medium,Medium
10583,Michael Miller,michaelmiller583@attrisense-org.com,32,Non-binary,Marketing,Senior,15169,10,Low,Poor,No,Average,0,24.19,26.01,Low,Low
10584,Karen Martin,karenmartin584@attrisense-org.com,54,Non-binary,Finance,Lead,17809,12,Medium,Good,Yes,Average,3,19.89,19.49,Low,Low
10585,Jessica Lopez,jessicalopez585@attrisense-org.com,38,Male,Engineering,Entry,7263,11,Low,Poor,No,Low,1,9.39,10.18,Low,Low
10586,Emma Lee,emmalee586@attrisense-org.com,41,Male,Sales & BD,Executive,23612,5,Low,Average,No,Low,1,77.77,79.22,High,High
10587,Elena Garcia,elenagarcia587@attrisense-org.com,38,Male,Sales & BD,Senior,13735,6,Medium,Poor,No,Below Average,3,49.16,49.85,Medium,Medium
10588,Sarah Wilson,sarahwilson588@attrisense-org.com,47,Female,Finance,Entry,7438,15,High,Average,Yes,High,0,11.18,10.19,Low,Low
10589,Vikram Wilson,vikramwilson589@attrisense-org.com,39,Non-binary,Product Management,Mid-Level,11594,6,High,Average,Yes,Below Average,2,13.74,14.22,Low,Low
10590,Michael Taylor,michaeltaylor590@attrisense-org.com,41,Male,Human Resources,Senior,12817,5,High,Poor,No,High,3,26.89,26.89,Low,Low
10591,Emma Garcia,emmagarcia591@attrisense-org.com,47,Female,Product Management,Executive,21469,4,Low,Good,Yes,Low,1,92.89,91.67,High,High
10592,Anjali Lopez,anjalilopez592@attrisense-org.com,50,Male,Finance,Senior,15911,4,Medium,Good,No,High,2,47.82,46.37,Medium,Medium
10593,John Chen,johnchen593@attrisense-org.com,31,Male,Product Management,Entry,8248,11,Low,Good,Yes,Below Average,0,9.09,11.02,Low,Low
10594,Robert Brown,robertbrown594@attrisense-org.com,35,Male,Finance,Lead,14748,11,High,Good,Yes,Below Average,1,33.56,32.11,Low,Low
10595,Olivia Joshi,oliviajoshi595@attrisense-org.com,50,Non-binary,Human Resources,Executive,23504,7,High,Good,Yes,High,3,24.11,23.82,Low,Low
10596,Aarav Wilson,aaravwilson596@attrisense-org.com,53,Male,Product Management,Senior,13827,11,Medium,Poor,No,High,1,88.86,89.19,High,High
10597,Linda Sharma,lindasharma597@attrisense-org.com,35,Non-binary,Marketing,Entry,6973,13,Medium,Good,Yes,High,0,45.27,47.19,Medium,Medium
10598,Robert Garcia,robertgarcia598@attrisense-org.com,22,Female,Product Management,Lead,18094,14,Medium,Average,No,Low,1,19.0,17.79,Low,Low
10599,Lisa Miller,lisamiller599@attrisense-org.com,43,Non-binary,Finance,Mid-Level,8091,1,Low,Good,Yes,Average,1,26.17,24.84,Low,Low
10600,Daniel Singh,danielsingh600@attrisense-org.com,25,Male,Finance,Mid-Level,11748,8,Medium,Average,No,Below Average,1,30.42,32.07,Low,Low
10601,Lucas Moore,lucasmoore601@attrisense-org.com,49,Non-binary,Sales & BD,Senior,13988,8,High,Average,No,Below Average,2,90.86,91.89,High,High
10602,Sarah Moore,sarahmoore602@attrisense-org.com,36,Female,Marketing,Entry,5336,14,Low,Poor,No,Below Average,3,56.29,56.19,Medium,Medium
10603,David Garcia,davidgarcia603@attrisense-org.com,51,Female,Human Resources,Lead,15561,4,Low,Poor,No,Average,0,18.74,19.5,Low,Low
10604,James Hernandez,jameshernandez604@attrisense-org.com,52,Female,Marketing,Mid-Level,9008,5,High,Poor,Yes,Low,0,17.48,18.15,Low,Low
10605,Liam Rodriguez,liamrodriguez605@attrisense-org.com,40,Female,Finance,Mid-Level,9977,9,High,Poor,Yes,Average,3,14.08,14.04,Low,Low
10606,Sarah Brown,sarahbrown606@attrisense-org.com,27,Male,Engineering,Executive,21698,5,Low,Average,Yes,High,3,77.32,77.28,High,High
10607,Priya Joshi,priyajoshi607@attrisense-org.com,42,Female,Human Resources,Mid-Level,11823,4,Medium,Poor,Yes,Average,2,61.61,62.21,Medium,Medium
10608,Liam Garcia,liamgarcia608@attrisense-org.com,35,Male,Marketing,Senior,13590,14,Low,Good,No,Low,0,28.74,27.46,Low,Low
10609,Jessica Miller,jessicamiller609@attrisense-org.com,33,Non-binary,Sales & BD,Lead,15773,1,Medium,Poor,Yes,Below Average,1,28.51,29.56,Low,Low
10610,Linda Kumar,lindakumar610@attrisense-org.com,43,Female,Human Resources,Executive,21992,13,Low,Poor,No,Average,3,12.3,13.51,Low,Low
10611,James Lopez,jameslopez611@attrisense-org.com,47,Male,Human Resources,Senior,14445,10,High,Good,No,Low,1,88.09,87.05,High,High
10612,Aarav Johnson,aaravjohnson612@attrisense-org.com,55,Female,Product Management,Executive,21562,2,High,Poor,Yes,High,0,56.16,57.45,Medium,Medium
10613,Emma Vance,emmavance613@attrisense-org.com,38,Male,Product Management,Lead,17513,12,Low,Poor,No,Low,0,28.53,28.55,Low,Low
10614,Sarah Sharma,sarahsharma614@attrisense-org.com,36,Non-binary,Sales & BD,Mid-Level,10513,14,Medium,Average,No,Average,0,29.15,28.11,Low,Low
10615,Sophia Kumar,sophiakumar615@attrisense-org.com,41,Non-binary,Sales & BD,Lead,16307,2,High,Poor,Yes,High,3,22.47,20.77,Low,Low
10616,Anjali Vance,anjalivance616@attrisense-org.com,51,Male,Human Resources,Senior,13960,13,High,Good,Yes,Below Average,3,86.83,86.29,High,High
10617,David Sharma,davidsharma617@attrisense-org.com,53,Non-binary,Finance,Senior,12176,9,Low,Good,Yes,Low,3,58.33,56.87,Medium,Medium
10618,Daniel Taylor,danieltaylor618@attrisense-org.com,40,Non-binary,Product Management,Senior,13906,5,Medium,Good,Yes,Below Average,1,23.65,25.05,Low,Low
10619,Olivia Martinez,oliviamartinez619@attrisense-org.com,30,Female,Human Resources,Executive,22108,15,Low,Good,Yes,Below Average,3,11.41,11.64,Low,Low
10620,Priya Martin,priyamartin620@attrisense-org.com,58,Female,Finance,Mid-Level,8656,14,High,Good,Yes,High,0,16.37,17.27,Low,Low
10621,Priya Singh,priyasingh621@attrisense-org.com,47,Male,Engineering,Entry,5567,7,High,Average,No,Low,3,76.15,76.12,High,High
10622,Priya Rao,priyarao622@attrisense-org.com,42,Male,Finance,Mid-Level,7920,5,Medium,Good,No,Average,0,50.71,50.9,Medium,Medium
10623,Jessica Moore,jessicamoore623@attrisense-org.com,35,Female,Engineering,Executive,22086,15,High,Average,No,Average,3,12.7,11.37,Low,Low
10624,Nancy Martinez,nancymartinez624@attrisense-org.com,47,Female,Product Management,Mid-Level,7647,14,Low,Good,Yes,Low,0,13.3,11.84,Low,Low
10625,Olivia Johnson,oliviajohnson625@attrisense-org.com,31,Female,Human Resources,Lead,17755,3,Low,Poor,No,Low,2,30.99,30.53,Low,Low
10626,Daniel Wilson,danielwilson626@attrisense-org.com,32,Non-binary,Engineering,Senior,13584,9,Low,Average,Yes,Average,0,84.99,85.14,High,High
10627,Vikram Martinez,vikrammartinez627@attrisense-org.com,29,Non-binary,Finance,Entry,8896,12,Medium,Poor,No,Low,1,56.7,55.53,Medium,Medium
10628,Aarav Garcia,aaravgarcia628@attrisense-org.com,29,Female,Sales & BD,Senior,15144,1,High,Poor,No,Average,3,31.3,31.5,Low,Low
10629,Amit Garcia,amitgarcia629@attrisense-org.com,38,Female,Human Resources,Senior,13912,15,Low,Poor,No,Average,0,30.05,29.44,Low,Low
10630,Lucas Lopez,lucaslopez630@attrisense-org.com,34,Non-binary,Product Management,Executive,24147,5,High,Good,Yes,High,1,17.62,17.72,Low,Low
10631,Sophia Martinez,sophiamartinez631@attrisense-org.com,26,Male,Marketing,Senior,14375,6,High,Average,No,Average,1,76.27,78.02,High,High
10632,Daniel Rao,danielrao632@attrisense-org.com,48,Non-binary,Sales & BD,Entry,4615,3,Low,Average,No,Average,0,48.57,46.97,Medium,Medium
10633,Liam Rodriguez,liamrodriguez633@attrisense-org.com,32,Female,Engineering,Executive,23097,13,Medium,Poor,Yes,High,1,19.1,18.24,Low,Low
10634,Emma Kim,emmakim634@attrisense-org.com,33,Non-binary,Human Resources,Lead,17796,1,Low,Good,Yes,High,2,20.8,22.11,Low,Low
10635,Neha Joshi,nehajoshi635@attrisense-org.com,51,Male,Product Management,Mid-Level,8861,15,Medium,Average,No,Low,2,15.7,15.95,Low,Low
10636,Sophia Kim,sophiakim636@attrisense-org.com,28,Male,Sales & BD,Senior,14083,6,High,Average,Yes,Average,0,83.88,83.79,High,High
10637,Michael Joshi,michaeljoshi637@attrisense-org.com,57,Female,Finance,Lead,17788,15,Medium,Average,Yes,High,0,47.51,48.02,Medium,Medium
10638,Karen Vance,karenvance638@attrisense-org.com,26,Non-binary,Engineering,Senior,15494,9,Medium,Average,Yes,Below Average,1,16.43,16.79,Low,Low
10639,Arjun Kim,arjunkim639@attrisense-org.com,52,Non-binary,Human Resources,Lead,18833,8,Low,Average,No,High,1,18.51,18.12,Low,Low
10640,Lisa Garcia,lisagarcia640@attrisense-org.com,47,Male,Marketing,Entry,6467,2,High,Good,No,Below Average,2,29.53,28.94,Low,Low
10641,Sanjay Chen,sanjaychen641@attrisense-org.com,47,Non-binary,Engineering,Lead,15215,11,High,Average,Yes,High,1,74.7,76.32,High,High
10642,Rahul Rodriguez,rahulrodriguez642@attrisense-org.com,25,Non-binary,Marketing,Executive,24650,6,Low,Good,Yes,High,1,57.03,57.89,Medium,Medium
10643,Jessica Lopez,jessicalopez643@attrisense-org.com,37,Female,Human Resources,Entry,8913,13,Medium,Poor,Yes,Below Average,0,28.0,27.37,Low,Low
10644,Sanjay Miller,sanjaymiller644@attrisense-org.com,33,Male,Marketing,Entry,7879,4,Medium,Good,Yes,Low,0,33.24,31.75,Low,Low
10645,Michael Wilson,michaelwilson645@attrisense-org.com,43,Non-binary,Marketing,Executive,23100,4,Medium,Average,No,Low,1,18.33,18.0,Low,Low
10646,Daniel Garcia,danielgarcia646@attrisense-org.com,47,Non-binary,Human Resources,Senior,14768,3,Medium,Good,Yes,High,0,77.23,77.83,High,High
10647,Daniel Martinez,danielmartinez647@attrisense-org.com,28,Non-binary,Marketing,Entry,8116,8,Low,Good,Yes,High,3,64.18,63.39,Medium,Medium
10648,Sarah Anderson,sarahanderson648@attrisense-org.com,50,Non-binary,Finance,Mid-Level,10689,6,Low,Average,No,Low,0,19.79,19.41,Low,Low
10649,Robert Rodriguez,robertrodriguez649@attrisense-org.com,22,Male,Engineering,Lead,15337,3,High,Good,No,Low,2,31.75,32.51,Low,Low
10650,James Kumar,jameskumar650@attrisense-org.com,36,Non-binary,Product Management,Mid-Level,9658,12,Low,Average,No,Below Average,2,20.21,19.04,Low,Low
10651,Karen Moore,karenmoore651@attrisense-org.com,34,Female,Engineering,Mid-Level,8337,9,High,Average,Yes,Low,0,91.94,91.26,High,High
10652,Carlos Thomas,carlosthomas652@attrisense-org.com,40,Male,Marketing,Entry,6313,10,Low,Average,Yes,Below Average,0,61.71,60.75,Medium,Medium
10653,Karen Davis,karendavis653@attrisense-org.com,23,Non-binary,Marketing,Executive,22311,8,High,Average,Yes,Below Average,2,26.56,26.45,Low,Low
10654,Lucas Anderson,lucasanderson654@attrisense-org.com,34,Female,Human Resources,Entry,8183,11,Low,Good,No,Average,0,25.19,25.5,Low,Low
10655,Vikram Johnson,vikramjohnson655@attrisense-org.com,40,Male,Marketing,Mid-Level,7782,4,Medium,Good,Yes,Average,1,18.13,18.68,Low,Low
10656,Michael Miller,michaelmiller656@attrisense-org.com,52,Non-binary,Product Management,Lead,14957,14,Low,Average,Yes,Below Average,1,77.47,78.61,High,High
10657,Lisa Johnson,lisajohnson657@attrisense-org.com,52,Non-binary,Human Resources,Entry,4697,6,Low,Good,Yes,Average,3,62.96,63.01,Medium,Medium
10658,Michael Brown,michaelbrown658@attrisense-org.com,50,Female,Marketing,Executive,23834,6,Low,Average,Yes,Low,3,13.99,15.44,Low,Low
10659,Daniel Sharma,danielsharma659@attrisense-org.com,38,Non-binary,Finance,Entry,5049,10,Medium,Average,Yes,High,3,13.23,11.85,Low,Low
10660,Liam Moore,liammoore660@attrisense-org.com,27,Female,Marketing,Senior,14643,15,Medium,Good,Yes,High,3,13.51,12.43,Low,Low
10661,Michael Taylor,michaeltaylor661@attrisense-org.com,43,Non-binary,Engineering,Lead,16156,11,Medium,Good,Yes,Below Average,3,93.23,91.7,High,High
10662,Karen Patel,karenpatel662@attrisense-org.com,27,Male,Sales & BD,Executive,24421,12,High,Average,Yes,Average,2,45.07,45.72,Medium,Medium
10663,Jessica Miller,jessicamiller663@attrisense-org.com,40,Non-binary,Sales & BD,Senior,11607,12,Low,Average,No,Average,1,26.91,28.39,Low,Low
10664,Nancy Thomas,nancythomas664@attrisense-org.com,32,Female,Finance,Senior,13437,4,Low,Good,Yes,High,1,17.69,19.04,Low,Low
10665,Olivia Patel,oliviapatel665@attrisense-org.com,43,Non-binary,Sales & BD,Lead,17759,12,High,Average,No,Low,2,31.03,29.95,Low,Low
10666,Karen Hernandez,karenhernandez666@attrisense-org.com,56,Male,Marketing,Senior,13432,7,High,Poor,Yes,Low,0,89.84,91.18,High,High
10667,Carlos Singh,carlossingh667@attrisense-org.com,23,Male,Finance,Senior,12383,13,High,Poor,No,High,0,52.96,53.32,Medium,Medium
10668,Anjali Anderson,anjalianderson668@attrisense-org.com,31,Female,Finance,Entry,6131,6,Medium,Poor,Yes,High,3,25.18,26.23,Low,Low
10669,Jessica Joshi,jessicajoshi669@attrisense-org.com,28,Male,Product Management,Mid-Level,9745,9,Low,Good,No,Low,2,19.8,20.66,Low,Low
10670,Emma Johnson,emmajohnson670@attrisense-org.com,55,Non-binary,Engineering,Lead,18718,6,Medium,Good,Yes,High,1,27.76,27.96,Low,Low
10671,Amit Joshi,amitjoshi671@attrisense-org.com,53,Male,Finance,Senior,14467,11,Low,Good,Yes,Average,2,84.92,85.68,High,High
10672,Jessica Rao,jessicarao672@attrisense-org.com,32,Female,Engineering,Executive,22635,1,Medium,Average,No,Low,2,60.24,60.36,Medium,Medium
10673,Arjun Lopez,arjunlopez673@attrisense-org.com,31,Female,Product Management,Executive,21050,5,Low,Good,Yes,Below Average,3,29.51,30.04,Low,Low
10674,John Kumar,johnkumar674@attrisense-org.com,48,Male,Sales & BD,Mid-Level,11237,13,Medium,Poor,No,Low,3,34.67,32.73,Low,Low
10675,Rahul Hernandez,rahulhernandez675@attrisense-org.com,56,Female,Sales & BD,Senior,15468,2,High,Average,No,Average,3,20.21,21.08,Low,Low
10676,Sarah Patel,sarahpatel676@attrisense-org.com,36,Male,Sales & BD,Executive,24543,5,Medium,Poor,Yes,Average,1,82.75,82.64,High,High
10677,Elena Rodriguez,elenarodriguez677@attrisense-org.com,43,Female,Sales & BD,Senior,12697,3,Medium,Good,No,Low,3,64.63,63.36,Medium,Medium
10678,James Hernandez,jameshernandez678@attrisense-org.com,47,Male,Product Management,Entry,8103,1,High,Good,No,Average,1,27.78,29.23,Low,Low
10679,Anjali Chen,anjalichen679@attrisense-org.com,24,Female,Sales & BD,Senior,11503,4,Medium,Average,No,Below Average,1,16.56,16.0,Low,Low
10680,William Kim,williamkim680@attrisense-org.com,58,Male,Finance,Executive,22562,10,Low,Poor,Yes,Low,1,31.2,30.98,Low,Low
10681,Sophia Smith,sophiasmith681@attrisense-org.com,32,Female,Finance,Lead,18699,4,Low,Average,Yes,Below Average,3,78.43,77.05,High,High
10682,Lisa Rao,lisarao682@attrisense-org.com,23,Female,Engineering,Lead,17898,9,Medium,Average,No,High,0,60.31,61.17,Medium,Medium
10683,Lucas Singh,lucassingh683@attrisense-org.com,52,Female,Product Management,Lead,15362,13,Medium,Poor,No,Low,2,27.4,28.31,Low,Low
10684,James Vance,jamesvance684@attrisense-org.com,44,Non-binary,Engineering,Mid-Level,11551,13,High,Poor,No,High,2,30.32,31.73,Low,Low
10685,William Lopez,williamlopez685@attrisense-org.com,27,Male,Product Management,Executive,21209,11,High,Average,Yes,Low,1,22.29,20.5,Low,Low
10686,William Lopez,williamlopez686@attrisense-org.com,51,Non-binary,Sales & BD,Entry,8279,4,Low,Poor,Yes,Low,3,79.24,79.44,High,High
10687,Nancy Lee,nancylee687@attrisense-org.com,38,Female,Sales & BD,Senior,15480,7,Low,Average,No,High,3,49.75,51.64,Medium,Medium
10688,John Davis,johndavis688@attrisense-org.com,31,Non-binary,Human Resources,Entry,6181,3,High,Poor,Yes,High,0,11.29,11.28,Low,Low
10689,Michael Brown,michaelbrown689@attrisense-org.com,27,Male,Sales & BD,Lead,18470,7,Medium,Poor,Yes,Below Average,0,17.64,15.66,Low,Low
10690,Michael Rao,michaelrao690@attrisense-org.com,42,Non-binary,Product Management,Mid-Level,8347,13,High,Good,No,Average,2,17.11,19.0,Low,Low
10691,Liam Johnson,liamjohnson691@attrisense-org.com,33,Non-binary,Human Resources,Entry,8744,15,High,Average,No,High,0,94.98,93.62,High,High
10692,Sophia Sharma,sophiasharma692@attrisense-org.com,26,Non-binary,Product Management,Senior,14686,8,Medium,Poor,Yes,High,0,58.52,57.35,Medium,Medium
10693,Amit Johnson,amitjohnson693@attrisense-org.com,47,Male,Engineering,Lead,17588,8,Low,Good,No,Below Average,0,12.45,13.3,Low,Low
10694,Aarav Martinez,aaravmartinez694@attrisense-org.com,27,Female,Marketing,Senior,15767,6,High,Poor,No,Average,1,30.69,29.91,Low,Low
10695,Robert Martin,robertmartin695@attrisense-org.com,38,Male,Marketing,Senior,15903,1,Low,Poor,No,Low,3,14.15,13.33,Low,Low
10696,Aarav Smith,aaravsmith696@attrisense-org.com,57,Non-binary,Human Resources,Mid-Level,10299,8,Medium,Good,Yes,High,0,81.99,83.97,High,High
10697,Sophia Thomas,sophiathomas697@attrisense-org.com,23,Female,Human Resources,Senior,14521,7,High,Good,Yes,Below Average,0,45.53,46.51,Medium,Medium
10698,Sophia Davis,sophiadavis698@attrisense-org.com,37,Female,Product Management,Lead,16092,6,Low,Good,Yes,High,0,30.24,30.04,Low,Low
10699,John Kim,johnkim699@attrisense-org.com,57,Non-binary,Product Management,Mid-Level,9555,12,Medium,Average,No,Average,3,27.56,27.45,Low,Low
10700,Priya Singh,priyasingh700@attrisense-org.com,46,Female,Finance,Entry,6502,14,Low,Good,Yes,Below Average,2,11.82,12.67,Low,Low
10701,Sanjay Hernandez,sanjayhernandez701@attrisense-org.com,40,Non-binary,Human Resources,Lead,15088,11,Medium,Average,No,Below Average,3,79.21,81.02,High,High
10702,Priya Wilson,priyawilson702@attrisense-org.com,57,Male,Marketing,Mid-Level,8886,12,High,Poor,No,Low,1,54.16,52.98,Medium,Medium
10703,Daniel Williams,danielwilliams703@attrisense-org.com,27,Female,Human Resources,Mid-Level,7554,1,High,Good,No,High,0,19.41,20.97,Low,Low
10704,Lisa Davis,lisadavis704@attrisense-org.com,31,Non-binary,Product Management,Executive,23391,13,Medium,Poor,No,High,3,32.11,31.72,Low,Low
10705,Anjali Rao,anjalirao705@attrisense-org.com,27,Male,Product Management,Mid-Level,9425,10,Medium,Poor,No,Below Average,0,10.45,10.39,Low,Low
10706,Sanjay Wilson,sanjaywilson706@attrisense-org.com,44,Female,Sales & BD,Mid-Level,11439,3,High,Good,Yes,Below Average,0,78.41,79.84,High,High
10707,Anjali Rodriguez,anjalirodriguez707@attrisense-org.com,46,Male,Engineering,Senior,15771,4,High,Poor,Yes,High,3,53.62,53.16,Medium,Medium
10708,Vikram Smith,vikramsmith708@attrisense-org.com,24,Non-binary,Engineering,Senior,11711,5,High,Good,No,Below Average,3,15.44,15.77,Low,Low
10709,Karen Martinez,karenmartinez709@attrisense-org.com,38,Female,Sales & BD,Senior,15007,14,Low,Poor,No,Below Average,3,24.28,25.94,Low,Low
10710,Robert Chen,robertchen710@attrisense-org.com,27,Female,Sales & BD,Mid-Level,8001,10,High,Poor,No,High,3,31.66,33.39,Low,Low
10711,Arjun Garcia,arjungarcia711@attrisense-org.com,45,Female,Product Management,Mid-Level,11340,1,High,Average,Yes,Low,2,85.55,85.52,High,High
10712,Sophia Rao,sophiarao712@attrisense-org.com,58,Male,Human Resources,Executive,22650,12,Medium,Good,Yes,Below Average,3,64.0,63.78,Medium,Medium
10713,David Wilson,davidwilson713@attrisense-org.com,25,Female,Product Management,Lead,18619,13,High,Good,No,Below Average,0,19.25,19.37,Low,Low
10714,Olivia Patel,oliviapatel714@attrisense-org.com,53,Non-binary,Sales & BD,Senior,15991,1,Medium,Average,Yes,Average,1,27.18,25.26,Low,Low
10715,Rahul Thomas,rahulthomas715@attrisense-org.com,38,Male,Product Management,Executive,23992,1,Medium,Average,No,Average,2,14.15,16.09,Low,Low
10716,Michael Johnson,michaeljohnson716@attrisense-org.com,31,Male,Finance,Senior,15689,10,Low,Average,No,Below Average,1,90.15,90.77,High,High
10717,Robert Wilson,robertwilson717@attrisense-org.com,38,Female,Finance,Entry,8059,12,Low,Poor,Yes,Low,2,59.44,58.93,Medium,Medium
10718,Rahul Garcia,rahulgarcia718@attrisense-org.com,46,Female,Human Resources,Executive,21731,2,Low,Good,Yes,Average,3,29.46,28.52,Low,Low
10719,Liam Davis,liamdavis719@attrisense-org.com,45,Male,Engineering,Lead,16352,11,Low,Poor,Yes,Below Average,1,16.16,17.98,Low,Low
10720,Linda Lopez,lindalopez720@attrisense-org.com,56,Male,Marketing,Executive,24393,14,Medium,Average,No,Below Average,3,24.35,23.1,Low,Low
10721,Lucas Joshi,lucasjoshi721@attrisense-org.com,42,Male,Marketing,Lead,18641,6,Low,Good,No,High,2,79.62,78.5,High,High
10722,Liam Williams,liamwilliams722@attrisense-org.com,31,Female,Marketing,Senior,13815,2,High,Poor,Yes,Low,3,54.61,53.83,Medium,Medium
10723,William Garcia,williamgarcia723@attrisense-org.com,38,Female,Finance,Executive,21887,8,Medium,Average,No,Below Average,0,26.41,25.16,Low,Low
10724,Sophia Davis,sophiadavis724@attrisense-org.com,41,Female,Finance,Lead,17617,2,High,Average,Yes,Below Average,2,12.61,11.51,Low,Low
10725,Olivia Garcia,oliviagarcia725@attrisense-org.com,29,Non-binary,Sales & BD,Senior,11779,6,Medium,Good,Yes,Low,3,20.15,20.98,Low,Low
10726,Liam Vance,liamvance726@attrisense-org.com,25,Female,Human Resources,Senior,12701,10,High,Poor,Yes,High,0,74.68,75.88,High,High
10727,Daniel Rodriguez,danielrodriguez727@attrisense-org.com,36,Non-binary,Engineering,Entry,6628,8,Medium,Poor,No,High,0,47.53,45.8,Medium,Medium
10728,Carlos Brown,carlosbrown728@attrisense-org.com,49,Male,Product Management,Executive,23151,12,High,Average,No,High,3,24.33,22.37,Low,Low
10729,Sophia Garcia,sophiagarcia729@attrisense-org.com,56,Non-binary,Engineering,Mid-Level,9941,2,Medium,Good,Yes,High,1,22.04,23.03,Low,Low
10730,Aarav Davis,aaravdavis730@attrisense-org.com,22,Male,Engineering,Entry,4995,10,High,Poor,No,Low,1,26.84,28.08,Low,Low
10731,Daniel Williams,danielwilliams731@attrisense-org.com,37,Female,Product Management,Executive,22714,12,Low,Poor,No,Average,2,83.26,82.14,High,High
10732,James Rao,jamesrao732@attrisense-org.com,49,Non-binary,Engineering,Mid-Level,8793,8,High,Poor,No,Below Average,2,60.78,61.45,Medium,Medium
10733,William Davis,williamdavis733@attrisense-org.com,29,Male,Finance,Entry,6573,13,High,Poor,No,High,2,12.46,12.99,Low,Low
10734,Aarav Davis,aaravdavis734@attrisense-org.com,48,Non-binary,Engineering,Mid-Level,8698,15,High,Poor,Yes,High,2,32.32,31.35,Low,Low
10735,Neha Miller,nehamiller735@attrisense-org.com,38,Female,Sales & BD,Mid-Level,8504,9,Low,Average,Yes,High,0,31.02,31.47,Low,Low
10736,Robert Martinez,robertmartinez736@attrisense-org.com,54,Female,Finance,Mid-Level,9083,5,High,Average,No,High,3,94.45,94.47,High,High
10737,Robert Singh,robertsingh737@attrisense-org.com,58,Non-binary,Product Management,Executive,21570,13,High,Average,No,Average,2,56.15,54.45,Medium,Medium
10738,Jessica Rao,jessicarao738@attrisense-org.com,34,Female,Marketing,Mid-Level,8772,9,High,Average,Yes,Average,1,23.66,22.46,Low,Low
10739,Lucas Lopez,lucaslopez739@attrisense-org.com,43,Female,Marketing,Entry,5644,15,Low,Poor,No,Below Average,1,25.77,27.45,Low,Low
10740,Nancy Martinez,nancymartinez740@attrisense-org.com,24,Female,Sales & BD,Executive,23350,10,High,Average,No,Average,3,25.75,24.46,Low,Low
10741,Amit Davis,amitdavis741@attrisense-org.com,29,Male,Human Resources,Senior,12672,9,Low,Good,Yes,High,0,85.19,85.91,High,High
10742,Emma Martin,emmamartin742@attrisense-org.com,30,Non-binary,Marketing,Lead,18227,9,Medium,Good,Yes,High,2,47.16,46.52,Medium,Medium
10743,Jessica Kumar,jessicakumar743@attrisense-org.com,29,Male,Product Management,Entry,6141,9,Medium,Good,Yes,Low,0,17.77,17.36,Low,Low
10744,James Rodriguez,jamesrodriguez744@attrisense-org.com,50,Non-binary,Product Management,Mid-Level,10448,13,High,Poor,No,Low,0,20.99,20.23,Low,Low
10745,Sophia Miller,sophiamiller745@attrisense-org.com,37,Female,Marketing,Lead,18050,11,High,Good,No,Below Average,3,16.61,18.44,Low,Low
10746,John Miller,johnmiller746@attrisense-org.com,52,Non-binary,Sales & BD,Entry,5321,10,Low,Poor,No,Low,1,91.81,92.4,High,High
10747,Vikram Thomas,vikramthomas747@attrisense-org.com,39,Non-binary,Sales & BD,Senior,12644,1,Medium,Good,No,Average,3,63.06,63.96,Medium,Medium
10748,Nancy Smith,nancysmith748@attrisense-org.com,48,Female,Engineering,Senior,13598,15,Medium,Good,No,Below Average,1,35.31,33.52,Low,Low
10749,Lucas Vance,lucasvance749@attrisense-org.com,31,Female,Finance,Senior,15758,11,Medium,Poor,Yes,Low,0,12.35,11.8,Low,Low
10750,Anjali Jones,anjalijones750@attrisense-org.com,54,Non-binary,Product Management,Mid-Level,8873,8,High,Poor,Yes,Below Average,3,19.92,18.72,Low,Low
10751,Lucas Joshi,lucasjoshi751@attrisense-org.com,41,Male,Sales & BD,Executive,23126,10,High,Average,Yes,Low,3,90.4,88.59,High,High
10752,Robert Martin,robertmartin752@attrisense-org.com,29,Female,Sales & BD,Executive,24951,8,Medium,Poor,No,Average,3,48.14,47.71,Medium,Medium
10753,Olivia Williams,oliviawilliams753@attrisense-org.com,34,Male,Marketing,Lead,17805,12,High,Average,No,Low,3,26.89,28.75,Low,Low
10754,Aarav Davis,aaravdavis754@attrisense-org.com,46,Female,Engineering,Mid-Level,9289,6,Medium,Good,Yes,Low,2,12.72,11.61,Low,Low
10755,Vikram Anderson,vikramanderson755@attrisense-org.com,46,Non-binary,Engineering,Lead,17194,1,Medium,Poor,No,Below Average,0,18.32,18.79,Low,Low
10756,Sophia Davis,sophiadavis756@attrisense-org.com,40,Female,Human Resources,Senior,12338,14,Medium,Good,No,Below Average,3,86.76,86.34,High,High
10757,Carlos Smith,carlossmith757@attrisense-org.com,40,Female,Sales & BD,Senior,14323,6,High,Average,No,Average,1,59.7,57.9,Medium,Medium
10758,Lucas Thomas,lucasthomas758@attrisense-org.com,36,Female,Sales & BD,Mid-Level,10647,8,High,Good,Yes,Low,3,19.98,18.93,Low,Low
10759,Liam Brown,liambrown759@attrisense-org.com,39,Female,Product Management,Entry,8841,3,High,Average,No,Low,0,23.89,23.77,Low,Low
10760,Neha Chen,nehachen760@attrisense-org.com,56,Non-binary,Marketing,Senior,11607,5,High,Poor,No,Low,0,20.15,19.55,Low,Low
10761,David Smith,davidsmith761@attrisense-org.com,53,Non-binary,Human Resources,Mid-Level,11818,10,Medium,Good,No,Below Average,0,78.44,79.99,High,High
10762,Michael Patel,michaelpatel762@attrisense-org.com,24,Female,Finance,Mid-Level,11883,5,High,Good,No,Below Average,0,58.98,58.98,Medium,Medium
10763,Arjun Patel,arjunpatel763@attrisense-org.com,45,Female,Human Resources,Executive,23593,5,Medium,Average,No,Low,0,19.54,19.29,Low,Low
10764,Daniel Anderson,danielanderson764@attrisense-org.com,24,Non-binary,Finance,Mid-Level,8052,2,Low,Average,Yes,Below Average,1,15.32,16.28,Low,Low
10765,Vikram Garcia,vikramgarcia765@attrisense-org.com,55,Non-binary,Sales & BD,Entry,6636,6,High,Poor,No,Average,1,22.7,20.71,Low,Low
10766,Vikram Martinez,vikrammartinez766@attrisense-org.com,48,Non-binary,Human Resources,Executive,24618,5,High,Poor,No,Low,0,82.38,80.71,High,High
10767,Robert Rao,robertrao767@attrisense-org.com,51,Non-binary,Sales & BD,Senior,11886,11,High,Good,Yes,Average,3,52.82,54.33,Medium,Medium
10768,Linda Chen,lindachen768@attrisense-org.com,58,Non-binary,Product Management,Lead,18948,13,Low,Average,No,Low,2,30.28,30.47,Low,Low
10769,Vikram Smith,vikramsmith769@attrisense-org.com,29,Female,Marketing,Executive,22412,10,High,Average,No,Average,2,31.35,31.57,Low,Low
10770,Rahul Martin,rahulmartin770@attrisense-org.com,31,Female,Product Management,Mid-Level,10706,11,Low,Poor,No,Low,2,12.84,12.11,Low,Low
10771,Neha Rao,neharao771@attrisense-org.com,53,Male,Human Resources,Lead,15926,10,Low,Poor,Yes,Low,1,91.19,91.91,High,High
10772,Karen Anderson,karenanderson772@attrisense-org.com,29,Male,Marketing,Executive,24270,8,Low,Average,Yes,Below Average,2,49.86,51.6,Medium,Medium
10773,Emma Lee,emmalee773@attrisense-org.com,30,Male,Marketing,Lead,15255,4,Low,Poor,Yes,Low,3,24.58,23.01,Low,Low
10774,Priya Joshi,priyajoshi774@attrisense-org.com,38,Female,Finance,Lead,15856,6,High,Poor,No,High,0,31.28,30.43,Low,Low
10775,Rahul Brown,rahulbrown775@attrisense-org.com,32,Female,Sales & BD,Executive,21180,12,High,Good,Yes,Average,1,32.81,32.26,Low,Low
10776,Lucas Wilson,lucaswilson776@attrisense-org.com,56,Non-binary,Engineering,Lead,18601,13,Medium,Poor,Yes,Low,0,90.91,90.87,High,High
10777,Elena Martinez,elenamartinez777@attrisense-org.com,22,Male,Marketing,Entry,5212,11,High,Poor,Yes,Below Average,3,46.11,47.31,Medium,Medium
10778,William Rao,williamrao778@attrisense-org.com,53,Male,Marketing,Lead,18123,7,High,Poor,Yes,Average,2,14.49,13.33,Low,Low
10779,James Moore,jamesmoore779@attrisense-org.com,34,Non-binary,Marketing,Mid-Level,10953,4,High,Good,No,High,1,10.85,10.63,Low,Low
10780,John Moore,johnmoore780@attrisense-org.com,40,Male,Sales & BD,Executive,21324,4,Low,Average,Yes,Average,2,20.06,18.85,Low,Low
10781,Anjali Kim,anjalikim781@attrisense-org.com,58,Male,Engineering,Senior,15550,4,Medium,Average,Yes,Low,0,86.48,86.03,High,High
10782,Rahul Wilson,rahulwilson782@attrisense-org.com,50,Non-binary,Finance,Entry,4550,10,High,Good,Yes,Below Average,2,45.88,46.64,Medium,Medium
10783,Linda Rao,lindarao783@attrisense-org.com,33,Male,Engineering,Entry,8666,13,Medium,Good,Yes,Low,1,34.87,33.99,Low,Low
10784,Carlos Taylor,carlostaylor784@attrisense-org.com,37,Male,Human Resources,Executive,22254,3,High,Average,Yes,Average,3,23.7,22.62,Low,Low
10785,Nancy Vance,nancyvance785@attrisense-org.com,46,Female,Product Management,Senior,15056,4,Low,Good,Yes,Below Average,2,28.06,29.76,Low,Low
10786,Emma Rao,emmarao786@attrisense-org.com,46,Non-binary,Marketing,Lead,18993,3,Low,Poor,No,Below Average,3,95.02,94.45,High,High
10787,John Smith,johnsmith787@attrisense-org.com,47,Female,Human Resources,Mid-Level,9344,8,High,Poor,Yes,Low,0,54.27,53.55,Medium,Medium
10788,Michael Anderson,michaelanderson788@attrisense-org.com,42,Non-binary,Engineering,Executive,24753,3,High,Poor,No,Average,0,19.78,18.27,Low,Low
10789,Vikram Kim,vikramkim789@attrisense-org.com,58,Female,Sales & BD,Entry,6058,2,Medium,Poor,Yes,High,3,29.29,28.73,Low,Low
10790,Nancy Patel,nancypatel790@attrisense-org.com,58,Male,Product Management,Mid-Level,11002,9,High,Poor,Yes,High,0,16.24,14.37,Low,Low
10791,Sarah Joshi,sarahjoshi791@attrisense-org.com,31,Male,Finance,Entry,5769,5,High,Good,Yes,High,1,85.29,83.65,High,High
10792,William Taylor,williamtaylor792@attrisense-org.com,39,Non-binary,Human Resources,Senior,12013,11,Medium,Average,No,Low,2,44.55,46.05,Medium,Medium
10793,Karen Martinez,karenmartinez793@attrisense-org.com,52,Non-binary,Engineering,Executive,20974,14,Medium,Average,No,Average,1,12.33,13.67,Low,Low
10794,David Rodriguez,davidrodriguez794@attrisense-org.com,39,Non-binary,Marketing,Mid-Level,8726,1,Medium,Average,No,Average,2,18.58,17.74,Low,Low
10795,Carlos Singh,carlossingh795@attrisense-org.com,33,Female,Finance,Senior,14553,4,Low,Average,Yes,High,2,20.06,18.3,Low,Low
10796,Sanjay Anderson,sanjayanderson796@attrisense-org.com,46,Male,Engineering,Mid-Level,10104,12,High,Poor,No,Average,2,94.28,92.9,High,High
10797,Neha Joshi,nehajoshi797@attrisense-org.com,57,Non-binary,Sales & BD,Senior,15546,7,Low,Good,Yes,Below Average,0,50.3,49.76,Medium,Medium
10798,Liam Joshi,liamjoshi798@attrisense-org.com,42,Male,Sales & BD,Senior,14253,6,Medium,Average,No,Below Average,1,21.72,23.22,Low,Low
10799,Jessica Lee,jessicalee799@attrisense-org.com,53,Non-binary,Marketing,Mid-Level,11766,14,Low,Average,Yes,High,2,17.4,17.27,Low,Low
10800,Amit Miller,amitmiller800@attrisense-org.com,46,Non-binary,Product Management,Executive,20869,14,Medium,Good,Yes,High,3,20.73,22.06,Low,Low
10801,Karen Smith,karensmith801@attrisense-org.com,49,Non-binary,Finance,Lead,15246,1,Low,Average,No,High,3,92.45,93.83,High,High
10802,Michael Anderson,michaelanderson802@attrisense-org.com,30,Male,Finance,Lead,15772,9,High,Average,No,Below Average,3,58.4,57.52,Medium,Medium
10803,Lucas Sharma,lucassharma803@attrisense-org.com,55,Non-binary,Finance,Entry,4545,15,High,Good,No,Average,1,25.89,24.52,Low,Low
10804,John Thomas,johnthomas804@attrisense-org.com,46,Male,Sales & BD,Entry,5554,5,High,Average,Yes,Low,1,24.83,23.53,Low,Low
10805,Daniel Kumar,danielkumar805@attrisense-org.com,48,Male,Product Management,Lead,15149,12,High,Poor,No,High,2,8.86,10.68,Low,Low
10806,William Smith,williamsmith806@attrisense-org.com,44,Non-binary,Marketing,Mid-Level,8021,2,Medium,Average,No,Low,3,88.14,87.83,High,High
10807,Sophia Brown,sophiabrown807@attrisense-org.com,37,Male,Engineering,Mid-Level,9945,11,High,Poor,No,Average,1,58.44,57.37,Medium,Medium
10808,Sarah Lee,sarahlee808@attrisense-org.com,25,Male,Product Management,Lead,15688,13,Medium,Poor,No,Low,2,20.56,20.0,Low,Low
10809,Arjun Lopez,arjunlopez809@attrisense-org.com,52,Female,Finance,Lead,15334,7,Low,Good,Yes,Average,1,22.46,21.95,Low,Low
10810,Neha Chen,nehachen810@attrisense-org.com,24,Male,Product Management,Executive,23151,14,Medium,Average,Yes,High,2,18.78,16.95,Low,Low
10811,Aarav Garcia,aaravgarcia811@attrisense-org.com,39,Female,Engineering,Executive,24479,9,Low,Average,Yes,Below Average,0,85.88,84.66,High,High
10812,Linda Wilson,lindawilson812@attrisense-org.com,24,Female,Finance,Executive,22562,14,High,Good,No,High,3,57.2,58.01,Medium,Medium
10813,Daniel Thomas,danielthomas813@attrisense-org.com,28,Female,Human Resources,Senior,14664,10,Low,Good,Yes,Below Average,1,9.99,11.75,Low,Low
10814,Sarah Chen,sarahchen814@attrisense-org.com,29,Female,Engineering,Entry,7712,2,Medium,Average,No,Average,0,20.49,20.55,Low,Low
10815,Lucas Wilson,lucaswilson815@attrisense-org.com,39,Male,Sales & BD,Lead,17077,8,Medium,Poor,No,Low,0,15.33,14.9,Low,Low
10816,Arjun Vance,arjunvance816@attrisense-org.com,28,Male,Sales & BD,Executive,24684,1,Low,Poor,Yes,Below Average,0,82.12,81.25,High,High
10817,Elena Hernandez,elenahernandez817@attrisense-org.com,54,Non-binary,Engineering,Senior,13845,14,High,Good,Yes,Low,3,60.39,58.95,Medium,Medium
10818,Lisa Lee,lisalee818@attrisense-org.com,22,Male,Finance,Lead,16716,12,High,Average,Yes,High,0,31.93,33.41,Low,Low
10819,William Moore,williammoore819@attrisense-org.com,23,Non-binary,Human Resources,Entry,5823,7,High,Average,No,High,1,19.14,18.89,Low,Low
10820,Nancy Kim,nancykim820@attrisense-org.com,42,Male,Product Management,Entry,7280,6,Medium,Good,No,Below Average,0,17.53,17.66,Low,Low
10821,Lucas Lee,lucaslee821@attrisense-org.com,54,Female,Human Resources,Executive,24017,3,High,Average,Yes,Low,0,79.34,80.35,High,High
10822,Linda Wilson,lindawilson822@attrisense-org.com,28,Male,Human Resources,Senior,13607,4,Medium,Average,No,Low,1,46.0,46.84,Medium,Medium
10823,Carlos Garcia,carlosgarcia823@attrisense-org.com,56,Female,Marketing,Senior,14555,9,Medium,Average,No,Average,2,19.68,19.22,Low,Low
10824,Arjun Chen,arjunchen824@attrisense-org.com,58,Male,Marketing,Lead,15755,2,Medium,Good,No,High,2,17.42,15.96,Low,Low
10825,Karen Vance,karenvance825@attrisense-org.com,55,Female,Finance,Lead,17057,5,Low,Average,No,Low,2,13.14,13.83,Low,Low
10826,Olivia Anderson,oliviaanderson826@attrisense-org.com,42,Male,Engineering,Executive,22961,9,Low,Good,Yes,High,1,85.8,86.55,High,High
10827,Jessica Martinez,jessicamartinez827@attrisense-org.com,40,Non-binary,Marketing,Mid-Level,8473,1,High,Poor,No,Low,3,59.49,59.5,Medium,Medium
10828,James Singh,jamessingh828@attrisense-org.com,35,Male,Finance,Senior,13520,14,Low,Good,No,Low,3,22.35,22.35,Low,Low
10829,Carlos Thomas,carlosthomas829@attrisense-org.com,39,Female,Engineering,Entry,7590,12,High,Good,No,Below Average,0,15.49,17.4,Low,Low
10830,Neha Chen,nehachen830@attrisense-org.com,29,Non-binary,Finance,Senior,15882,3,Low,Average,Yes,Low,2,32.71,32.69,Low,Low
10831,Jessica Anderson,jessicaanderson831@attrisense-org.com,38,Female,Engineering,Senior,14252,11,Medium,Poor,Yes,High,0,93.19,94.33,High,High
10832,Karen Williams,karenwilliams832@attrisense-org.com,38,Non-binary,Marketing,Senior,15953,5,Medium,Poor,Yes,High,2,49.91,51.71,Medium,Medium
10833,Liam Johnson,liamjohnson833@attrisense-org.com,44,Non-binary,Engineering,Mid-Level,11628,7,Low,Average,Yes,Low,1,23.41,21.88,Low,Low
10834,James Vance,jamesvance834@attrisense-org.com,54,Male,Finance,Senior,12123,7,Low,Average,No,Average,3,25.58,25.7,Low,Low
10835,Emma Brown,emmabrown835@attrisense-org.com,27,Female,Marketing,Entry,5261,6,Medium,Good,No,Below Average,2,24.27,22.88,Low,Low
10836,Lisa Hernandez,lisahernandez836@attrisense-org.com,53,Male,Marketing,Lead,16117,8,Medium,Good,No,Below Average,0,85.15,83.62,High,High
10837,Anjali Miller,anjalimiller837@attrisense-org.com,31,Female,Sales & BD,Lead,17746,13,Medium,Good,No,Below Average,0,59.88,58.82,Medium,Medium
10838,Emma Rao,emmarao838@attrisense-org.com,58,Non-binary,Sales & BD,Executive,22161,8,Low,Average,No,High,0,18.38,18.78,Low,Low
10839,Carlos Jones,carlosjones839@attrisense-org.com,47,Non-binary,Sales & BD,Lead,18591,1,High,Poor,Yes,Low,1,22.47,23.69,Low,Low
10840,Michael Lopez,michaellopez840@attrisense-org.com,57,Non-binary,Finance,Entry,6640,5,Medium,Poor,No,Below Average,1,21.57,23.28,Low,Low
10841,Vikram Wilson,vikramwilson841@attrisense-org.com,57,Non-binary,Product Management,Entry,5293,4,High,Good,No,High,3,86.15,85.09,High,High
10842,John Williams,johnwilliams842@attrisense-org.com,32,Non-binary,Product Management,Senior,13101,12,High,Average,No,Low,3,52.27,50.31,Medium,Medium
10843,Carlos Joshi,carlosjoshi843@attrisense-org.com,36,Non-binary,Sales & BD,Lead,17386,11,Low,Average,No,High,2,24.81,26.33,Low,Low
10844,Olivia Miller,oliviamiller844@attrisense-org.com,34,Non-binary,Engineering,Executive,24860,7,High,Average,No,Low,1,32.98,33.4,Low,Low
10845,Amit Joshi,amitjoshi845@attrisense-org.com,34,Male,Engineering,Senior,13551,5,High,Good,No,Below Average,3,28.44,29.08,Low,Low
10846,Elena Patel,elenapatel846@attrisense-org.com,30,Female,Engineering,Entry,7372,14,Low,Good,No,Average,3,94.8,93.78,High,High
10847,Liam Martin,liammartin847@attrisense-org.com,54,Female,Human Resources,Mid-Level,9578,1,Medium,Poor,No,Below Average,2,48.82,48.78,Medium,Medium
10848,Neha Moore,nehamoore848@attrisense-org.com,50,Female,Human Resources,Lead,16799,14,Medium,Poor,Yes,Low,0,20.18,22.0,Low,Low
10849,Carlos Miller,carlosmiller849@attrisense-org.com,27,Non-binary,Product Management,Lead,17789,12,Medium,Poor,Yes,Below Average,2,12.62,13.29,Low,Low
10850,Karen Chen,karenchen850@attrisense-org.com,39,Female,Human Resources,Mid-Level,8867,5,Low,Average,No,Average,0,21.2,21.37,Low,Low
10851,Robert Vance,robertvance851@attrisense-org.com,30,Male,Engineering,Entry,7931,4,Medium,Good,No,Average,2,87.19,87.13,High,High
10852,James Kim,jameskim852@attrisense-org.com,25,Female,Product Management,Executive,24235,7,High,Good,Yes,High,1,51.68,51.23,Medium,Medium
10853,Anjali Jones,anjalijones853@attrisense-org.com,24,Male,Finance,Mid-Level,8590,10,Low,Poor,No,Below Average,3,15.86,13.9,Low,Low
10854,David Singh,davidsingh854@attrisense-org.com,53,Non-binary,Human Resources,Executive,21097,6,Low,Average,No,High,1,26.94,27.74,Low,Low
10855,John Thomas,johnthomas855@attrisense-org.com,40,Male,Finance,Entry,8233,9,Low,Poor,Yes,High,1,19.38,18.07,Low,Low
10856,Daniel Brown,danielbrown856@attrisense-org.com,58,Female,Human Resources,Entry,6809,10,Medium,Average,No,High,0,86.48,85.65,High,High
10857,James Garcia,jamesgarcia857@attrisense-org.com,44,Female,Human Resources,Senior,15920,9,High,Good,No,Average,0,51.96,50.7,Medium,Medium
10858,Lisa Anderson,lisaanderson858@attrisense-org.com,24,Male,Sales & BD,Entry,7105,1,Medium,Average,Yes,Low,0,19.54,18.84,Low,Low
10859,Sophia Smith,sophiasmith859@attrisense-org.com,40,Female,Human Resources,Entry,6350,4,Medium,Poor,Yes,Low,1,33.85,33.52,Low,Low
10860,Elena Lee,elenalee860@attrisense-org.com,30,Female,Product Management,Mid-Level,8717,1,Medium,Good,No,High,1,30.02,29.12,Low,Low
10861,Carlos Taylor,carlostaylor861@attrisense-org.com,30,Female,Human Resources,Entry,7627,6,Medium,Poor,No,High,1,86.87,88.76,High,High
10862,Nancy Sharma,nancysharma862@attrisense-org.com,44,Female,Finance,Lead,16451,11,High,Poor,No,Average,2,55.89,54.02,Medium,Medium
10863,Olivia Davis,oliviadavis863@attrisense-org.com,54,Non-binary,Product Management,Mid-Level,10362,4,High,Poor,No,Below Average,2,29.89,28.79,Low,Low
10864,Rahul Rao,rahulrao864@attrisense-org.com,51,Non-binary,Marketing,Lead,14605,13,Low,Poor,Yes,Average,1,24.75,23.86,Low,Low
10865,Amit Kim,amitkim865@attrisense-org.com,36,Non-binary,Product Management,Senior,13804,3,High,Good,No,High,0,22.68,24.0,Low,Low
10866,Rahul Martin,rahulmartin866@attrisense-org.com,22,Non-binary,Marketing,Executive,24552,9,High,Good,Yes,Low,2,88.06,87.58,High,High
10867,Nancy Singh,nancysingh867@attrisense-org.com,33,Non-binary,Finance,Mid-Level,10313,15,High,Average,No,High,2,59.57,60.98,Medium,Medium
10868,Sophia Joshi,sophiajoshi868@attrisense-org.com,22,Non-binary,Human Resources,Senior,12495,4,Low,Average,Yes,Low,3,24.47,26.34,Low,Low
10869,Nancy Kumar,nancykumar869@attrisense-org.com,43,Non-binary,Human Resources,Senior,15678,6,Medium,Good,No,High,2,31.2,32.76,Low,Low
10870,Sanjay Anderson,sanjayanderson870@attrisense-org.com,28,Male,Sales & BD,Mid-Level,10146,6,Medium,Poor,No,Below Average,3,9.7,10.45,Low,Low
10871,Karen Martin,karenmartin871@attrisense-org.com,31,Male,Engineering,Lead,16934,1,Medium,Good,Yes,Average,1,78.79,78.03,High,High
10872,Rahul Chen,rahulchen872@attrisense-org.com,51,Male,Sales & BD,Executive,22605,6,Medium,Good,No,Average,2,53.9,52.8,Medium,Medium
10873,Rahul Rodriguez,rahulrodriguez873@attrisense-org.com,30,Male,Marketing,Entry,5795,7,High,Good,Yes,Below Average,2,33.58,32.09,Low,Low
10874,Arjun Martinez,arjunmartinez874@attrisense-org.com,57,Non-binary,Engineering,Entry,5920,15,Medium,Good,No,Below Average,2,25.91,27.66,Low,Low
10875,Rahul Lopez,rahullopez875@attrisense-org.com,24,Male,Sales & BD,Senior,13130,9,Medium,Poor,Yes,High,0,12.14,13.31,Low,Low
10876,Liam Rodriguez,liamrodriguez876@attrisense-org.com,47,Non-binary,Engineering,Senior,11509,2,Medium,Good,No,Average,0,82.15,81.5,High,High
10877,Amit Vance,amitvance877@attrisense-org.com,45,Female,Human Resources,Entry,4772,2,Low,Poor,No,Low,0,54.24,54.98,Medium,Medium
10878,Liam Sharma,liamsharma878@attrisense-org.com,52,Male,Finance,Executive,23071,5,Low,Good,Yes,Low,3,15.81,14.16,Low,Low
10879,Daniel Kim,danielkim879@attrisense-org.com,46,Male,Marketing,Entry,7732,9,Low,Average,No,High,3,17.64,18.22,Low,Low
10880,Anjali Thomas,anjalithomas880@attrisense-org.com,44,Male,Finance,Executive,21820,1,High,Average,No,Below Average,1,29.41,28.53,Low,Low
10881,Amit Williams,amitwilliams881@attrisense-org.com,26,Male,Product Management,Mid-Level,10508,13,High,Average,Yes,High,0,88.64,87.87,High,High
10882,David Martin,davidmartin882@attrisense-org.com,31,Female,Engineering,Executive,24890,13,High,Poor,Yes,High,3,55.36,56.59,Medium,Medium
10883,Neha Kim,nehakim883@attrisense-org.com,57,Male,Product Management,Entry,6744,11,High,Good,No,Low,0,16.15,15.92,Low,Low
10884,David Kumar,davidkumar884@attrisense-org.com,46,Female,Marketing,Lead,18105,12,Low,Average,No,High,3,17.29,15.4,Low,Low
10885,Nancy Moore,nancymoore885@attrisense-org.com,45,Non-binary,Sales & BD,Lead,17771,1,High,Good,Yes,Average,2,16.3,17.14,Low,Low
10886,Sophia Rao,sophiarao886@attrisense-org.com,42,Female,Human Resources,Mid-Level,11761,15,Medium,Good,No,Average,1,79.97,79.15,High,High
10887,Rahul Martinez,rahulmartinez887@attrisense-org.com,57,Female,Engineering,Mid-Level,9818,11,Low,Poor,No,Low,2,50.42,51.02,Medium,Medium
10888,Lisa Wilson,lisawilson888@attrisense-org.com,25,Male,Marketing,Entry,5737,7,Medium,Average,Yes,Low,3,33.59,32.41,Low,Low
10889,Amit Smith,amitsmith889@attrisense-org.com,41,Female,Marketing,Entry,8768,1,Low,Good,No,Low,3,15.05,16.56,Low,Low
10890,Neha Sharma,nehasharma890@attrisense-org.com,35,Non-binary,Marketing,Senior,15037,5,Medium,Poor,No,Below Average,0,25.76,26.24,Low,Low
10891,Karen Martinez,karenmartinez891@attrisense-org.com,36,Female,Human Resources,Senior,12329,6,Medium,Good,No,High,0,95.87,94.6,High,High
10892,Linda Chen,lindachen892@attrisense-org.com,25,Male,Finance,Mid-Level,8131,12,High,Average,No,Below Average,0,64.36,63.14,Medium,Medium
10893,David Smith,davidsmith893@attrisense-org.com,35,Female,Human Resources,Lead,18880,4,High,Poor,Yes,Low,1,16.12,16.97,Low,Low
10894,Nancy Thomas,nancythomas894@attrisense-org.com,30,Male,Finance,Lead,18103,10,High,Average,No,Below Average,3,26.53,27.14,Low,Low
10895,Sarah Martin,sarahmartin895@attrisense-org.com,53,Non-binary,Sales & BD,Mid-Level,10317,12,Low,Average,Yes,Average,0,19.65,20.62,Low,Low
10896,Nancy Taylor,nancytaylor896@attrisense-org.com,22,Non-binary,Engineering,Senior,13455,2,Medium,Good,No,Low,1,83.39,84.58,High,High
10897,David Hernandez,davidhernandez897@attrisense-org.com,55,Non-binary,Human Resources,Entry,4627,5,Medium,Poor,No,Low,2,56.96,55.23,Medium,Medium
10898,Sophia Moore,sophiamoore898@attrisense-org.com,41,Male,Human Resources,Mid-Level,10524,14,High,Average,No,High,1,25.26,26.71,Low,Low
10899,Linda Kumar,lindakumar899@attrisense-org.com,47,Female,Finance,Senior,12019,7,Medium,Average,No,Low,2,25.13,24.78,Low,Low
10900,Anjali Garcia,anjaligarcia900@attrisense-org.com,41,Female,Human Resources,Entry,8213,7,Medium,Average,No,Below Average,0,16.5,15.82,Low,Low
10901,Rahul Anderson,rahulanderson901@attrisense-org.com,34,Female,Human Resources,Executive,23957,5,High,Poor,No,Low,0,86.17,85.62,High,High
10902,Daniel Joshi,danieljoshi902@attrisense-org.com,25,Male,Engineering,Senior,12767,5,High,Average,Yes,Low,3,45.65,46.0,Medium,Medium
10903,Neha Garcia,nehagarcia903@attrisense-org.com,55,Male,Human Resources,Executive,21923,10,Low,Good,Yes,High,3,25.62,27.22,Low,Low
10904,Lisa Joshi,lisajoshi904@attrisense-org.com,30,Male,Engineering,Entry,4828,12,Low,Poor,Yes,High,0,26.52,28.5,Low,Low
10905,Sarah Martin,sarahmartin905@attrisense-org.com,36,Male,Marketing,Entry,5941,7,High,Good,No,Below Average,1,24.93,23.21,Low,Low
10906,Neha Johnson,nehajohnson906@attrisense-org.com,23,Female,Engineering,Lead,15646,11,Medium,Good,Yes,High,0,84.88,83.14,High,High
10907,Sophia Rao,sophiarao907@attrisense-org.com,48,Non-binary,Sales & BD,Senior,13631,11,Medium,Average,No,Average,2,61.6,61.69,Medium,Medium
10908,Elena Jones,elenajones908@attrisense-org.com,31,Non-binary,Marketing,Entry,5477,10,Medium,Poor,No,Below Average,2,16.65,14.79,Low,Low
10909,Emma Rao,emmarao909@attrisense-org.com,53,Male,Sales & BD,Mid-Level,8016,8,Low,Poor,No,High,1,18.29,17.71,Low,Low
10910,Anjali Kim,anjalikim910@attrisense-org.com,34,Male,Sales & BD,Mid-Level,10695,15,Low,Good,No,Low,3,30.15,31.79,Low,Low
10911,Olivia Singh,oliviasingh911@attrisense-org.com,28,Male,Product Management,Entry,6267,13,Low,Average,No,High,3,86.62,86.48,High,High
10912,Sarah Singh,sarahsingh912@attrisense-org.com,54,Male,Marketing,Senior,15600,5,High,Poor,No,High,2,60.49,58.74,Medium,Medium
10913,Robert Johnson,robertjohnson913@attrisense-org.com,39,Non-binary,Sales & BD,Senior,12435,12,High,Poor,No,High,3,30.62,31.92,Low,Low
10914,William Kim,williamkim914@attrisense-org.com,45,Non-binary,Finance,Executive,24908,12,Low,Poor,No,Average,3,29.87,31.17,Low,Low
10915,Vikram Williams,vikramwilliams915@attrisense-org.com,42,Male,Finance,Entry,6779,7,Low,Poor,Yes,High,3,34.06,32.07,Low,Low
10916,Karen Rodriguez,karenrodriguez916@attrisense-org.com,22,Female,Product Management,Senior,12152,10,Medium,Poor,No,High,0,82.92,82.94,High,High
10917,Liam Miller,liammiller917@attrisense-org.com,45,Non-binary,Engineering,Senior,13306,14,Medium,Good,No,Low,0,64.65,62.8,Medium,Medium
10918,Robert Chen,robertchen918@attrisense-org.com,32,Male,Sales & BD,Senior,13953,4,High,Poor,No,Average,0,33.73,32.22,Low,Low
10919,Linda Patel,lindapatel919@attrisense-org.com,37,Male,Sales & BD,Mid-Level,10553,9,High,Average,No,Below Average,3,10.49,10.22,Low,Low
10920,Elena Moore,elenamoore920@attrisense-org.com,31,Female,Finance,Entry,6745,6,Medium,Poor,No,Average,3,14.51,12.58,Low,Low
10921,William Thomas,williamthomas921@attrisense-org.com,39,Male,Marketing,Lead,15514,3,Low,Good,No,Below Average,2,82.65,80.69,High,High
10922,Lisa Martin,lisamartin922@attrisense-org.com,56,Female,Human Resources,Mid-Level,10145,3,Low,Poor,Yes,Below Average,1,55.3,55.32,Medium,Medium
10923,Nancy Rao,nancyrao923@attrisense-org.com,46,Female,Product Management,Executive,22227,11,Low,Poor,No,Below Average,2,33.93,32.53,Low,Low
10924,Jessica Miller,jessicamiller924@attrisense-org.com,58,Male,Engineering,Entry,8695,12,Low,Average,Yes,Below Average,3,20.0,21.23,Low,Low
10925,John Martinez,johnmartinez925@attrisense-org.com,26,Female,Marketing,Senior,12664,6,Low,Poor,Yes,Average,0,11.35,12.7,Low,Low
10926,Neha Rodriguez,neharodriguez926@attrisense-org.com,32,Female,Finance,Senior,12241,6,High,Poor,No,Low,0,83.21,84.18,High,High
10927,William Anderson,williamanderson927@attrisense-org.com,40,Female,Human Resources,Senior,12873,8,High,Average,Yes,Average,1,49.49,48.54,Medium,Medium
10928,Olivia Rodriguez,oliviarodriguez928@attrisense-org.com,43,Male,Engineering,Senior,15545,2,Low,Poor,No,Low,1,29.25,28.98,Low,Low
10929,Jessica Martin,jessicamartin929@attrisense-org.com,36,Male,Human Resources,Lead,16574,15,High,Average,Yes,Below Average,2,26.87,28.17,Low,Low
10930,Sophia Johnson,sophiajohnson930@attrisense-org.com,26,Non-binary,Product Management,Executive,23658,3,Medium,Average,Yes,Low,1,32.14,30.55,Low,Low
10931,Jessica Vance,jessicavance931@attrisense-org.com,52,Female,Marketing,Executive,22528,14,High,Poor,No,High,2,91.6,91.54,High,High
10932,John Johnson,johnjohnson932@attrisense-org.com,31,Male,Human Resources,Senior,15364,5,Medium,Good,No,Low,1,47.33,46.65,Medium,Medium
10933,James Lopez,jameslopez933@attrisense-org.com,50,Female,Finance,Mid-Level,8673,15,High,Poor,No,Below Average,0,12.99,14.43,Low,Low
10934,Rahul Chen,rahulchen934@attrisense-org.com,29,Female,Marketing,Mid-Level,9651,2,Low,Good,No,Low,1,16.76,17.77,Low,Low
10935,Priya Davis,priyadavis935@attrisense-org.com,36,Female,Product Management,Executive,20732,15,High,Good,Yes,Below Average,0,15.2,16.26,Low,Low
10936,Aarav Moore,aaravmoore936@attrisense-org.com,58,Male,Sales & BD,Lead,15240,15,Low,Good,No,Average,1,91.9,90.08,High,High
10937,Liam Patel,liampatel937@attrisense-org.com,56,Female,Marketing,Executive,23851,6,Low,Average,No,Below Average,2,51.63,50.74,Medium,Medium
10938,Nancy Patel,nancypatel938@attrisense-org.com,37,Non-binary,Sales & BD,Senior,13283,3,Medium,Average,No,Average,3,10.88,10.27,Low,Low
10939,Linda Miller,lindamiller939@attrisense-org.com,57,Male,Sales & BD,Lead,15137,13,Low,Average,Yes,Low,3,24.88,26.63,Low,Low
10940,James Kim,jameskim940@attrisense-org.com,44,Non-binary,Product Management,Mid-Level,8511,11,Low,Average,Yes,High,2,12.07,12.84,Low,Low
10941,Emma Johnson,emmajohnson941@attrisense-org.com,56,Non-binary,Product Management,Mid-Level,7777,13,Medium,Poor,Yes,High,3,83.12,83.11,High,High
10942,Robert Miller,robertmiller942@attrisense-org.com,25,Non-binary,Marketing,Lead,16842,5,High,Average,No,Low,1,62.82,62.01,Medium,Medium
10943,Olivia Joshi,oliviajoshi943@attrisense-org.com,38,Female,Human Resources,Mid-Level,8116,3,High,Poor,No,Below Average,3,15.93,17.46,Low,Low
10944,William Johnson,williamjohnson944@attrisense-org.com,26,Non-binary,Human Resources,Entry,4699,4,Medium,Average,Yes,High,0,31.17,31.99,Low,Low
10945,Vikram Chen,vikramchen945@attrisense-org.com,22,Male,Engineering,Entry,8117,4,Medium,Average,Yes,High,1,23.63,24.75,Low,Low
10946,Karen Lopez,karenlopez946@attrisense-org.com,35,Male,Engineering,Senior,12631,8,Medium,Average,Yes,High,0,76.28,77.67,High,High
10947,Emma Johnson,emmajohnson947@attrisense-org.com,22,Male,Product Management,Lead,16410,5,High,Average,No,Below Average,0,59.63,59.21,Medium,Medium
10948,Sarah Miller,sarahmiller948@attrisense-org.com,23,Male,Finance,Entry,8197,5,Low,Poor,No,High,0,20.18,19.98,Low,Low
10949,Arjun Lopez,arjunlopez949@attrisense-org.com,24,Non-binary,Marketing,Lead,17980,12,High,Good,No,Average,0,21.45,21.3,Low,Low
10950,Lucas Sharma,lucassharma950@attrisense-org.com,39,Female,Product Management,Entry,8696,1,High,Poor,Yes,High,1,24.81,25.94,Low,Low
10951,Priya Davis,priyadavis951@attrisense-org.com,50,Male,Sales & BD,Lead,18465,7,Low,Poor,Yes,Below Average,3,80.97,79.95,High,High
10952,William Kumar,williamkumar952@attrisense-org.com,53,Female,Product Management,Entry,5252,1,High,Poor,Yes,Average,1,59.92,61.59,Medium,Medium
10953,Daniel Chen,danielchen953@attrisense-org.com,42,Non-binary,Marketing,Mid-Level,11971,3,Low,Poor,No,Low,0,21.54,20.72,Low,Low
10954,David Davis,daviddavis954@attrisense-org.com,58,Male,Human Resources,Senior,13395,5,High,Good,No,Average,0,12.13,11.87,Low,Low
10955,Priya Wilson,priyawilson955@attrisense-org.com,23,Non-binary,Sales & BD,Entry,4866,10,High,Average,No,Average,0,11.67,11.48,Low,Low
10956,Daniel Singh,danielsingh956@attrisense-org.com,25,Non-binary,Human Resources,Senior,13769,9,Medium,Poor,Yes,Average,3,85.4,85.11,High,High
10957,Karen Rodriguez,karenrodriguez957@attrisense-org.com,51,Female,Finance,Senior,15539,7,Medium,Average,No,High,2,47.16,47.85,Medium,Medium
10958,Elena Lopez,elenalopez958@attrisense-org.com,33,Female,Finance,Mid-Level,10061,1,Low,Poor,No,Below Average,3,20.95,22.49,Low,Low
10959,Sophia Jones,sophiajones959@attrisense-org.com,49,Non-binary,Product Management,Mid-Level,7801,11,Low,Poor,No,Low,1,15.26,14.93,Low,Low
10960,Lucas Williams,lucaswilliams960@attrisense-org.com,29,Non-binary,Marketing,Lead,15989,15,Low,Poor,No,Average,2,12.22,12.18,Low,Low
10961,Rahul Moore,rahulmoore961@attrisense-org.com,34,Female,Product Management,Executive,23507,5,High,Average,Yes,High,0,90.98,91.17,High,High
10962,Jessica Sharma,jessicasharma962@attrisense-org.com,41,Female,Marketing,Entry,6481,7,Low,Average,Yes,Below Average,2,54.58,54.75,Medium,Medium
10963,Liam Rodriguez,liamrodriguez963@attrisense-org.com,38,Male,Marketing,Senior,15390,9,High,Good,Yes,Below Average,0,11.24,11.39,Low,Low
10964,Vikram Taylor,vikramtaylor964@attrisense-org.com,46,Male,Human Resources,Lead,17844,1,Medium,Average,No,High,2,30.26,29.37,Low,Low
10965,William Miller,williammiller965@attrisense-org.com,58,Female,Sales & BD,Mid-Level,8219,15,Medium,Average,No,Average,3,20.77,19.5,Low,Low
10966,Karen Martinez,karenmartinez966@attrisense-org.com,25,Non-binary,Human Resources,Executive,23436,1,Low,Average,No,Low,2,90.23,89.92,High,High
10967,Lisa Kim,lisakim967@attrisense-org.com,42,Female,Human Resources,Senior,13782,8,Medium,Good,Yes,Low,1,45.24,45.86,Medium,Medium
10968,Lucas Joshi,lucasjoshi968@attrisense-org.com,51,Non-binary,Finance,Entry,5582,5,Medium,Average,Yes,High,1,13.51,11.53,Low,Low
10969,Michael Moore,michaelmoore969@attrisense-org.com,58,Male,Product Management,Mid-Level,7916,1,Low,Average,Yes,High,2,30.71,32.43,Low,Low
10970,David Jones,davidjones970@attrisense-org.com,46,Female,Human Resources,Mid-Level,11447,13,Low,Good,Yes,Below Average,3,30.54,32.41,Low,Low
10971,Daniel Patel,danielpatel971@attrisense-org.com,52,Female,Human Resources,Lead,15575,2,Medium,Average,No,Low,1,84.26,83.18,High,High
10972,Elena Vance,elenavance972@attrisense-org.com,24,Non-binary,Marketing,Executive,22567,14,High,Average,No,Below Average,2,61.46,59.55,Medium,Medium
10973,Aarav Garcia,aaravgarcia973@attrisense-org.com,30,Male,Product Management,Mid-Level,9186,2,High,Poor,Yes,High,0,25.18,25.5,Low,Low
10974,Rahul Brown,rahulbrown974@attrisense-org.com,26,Male,Marketing,Lead,17190,12,High,Average,Yes,High,0,33.36,33.83,Low,Low
10975,Sophia Joshi,sophiajoshi975@attrisense-org.com,40,Female,Marketing,Executive,21207,4,Medium,Average,No,Below Average,2,32.5,30.87,Low,Low
10976,Michael Miller,michaelmiller976@attrisense-org.com,50,Male,Marketing,Senior,15884,4,High,Poor,Yes,Average,2,83.24,82.51,High,High
10977,Daniel Singh,danielsingh977@attrisense-org.com,39,Female,Marketing,Entry,5841,3,Low,Average,Yes,Low,0,57.73,57.57,Medium,Medium
10978,David Kumar,davidkumar978@attrisense-org.com,40,Female,Product Management,Lead,15898,5,High,Poor,No,High,1,25.07,25.68,Low,Low
10979,Linda Rodriguez,lindarodriguez979@attrisense-org.com,51,Female,Marketing,Lead,16854,3,High,Good,No,High,0,14.43,14.28,Low,Low
10980,Lisa Sharma,lisasharma980@attrisense-org.com,50,Male,Marketing,Senior,15261,6,High,Good,Yes,High,2,23.6,22.69,Low,Low
10981,Elena Rao,elenarao981@attrisense-org.com,30,Non-binary,Sales & BD,Executive,24800,14,Medium,Average,No,High,1,77.46,79.45,High,High
10982,Michael Miller,michaelmiller982@attrisense-org.com,52,Female,Sales & BD,Lead,16481,8,High,Poor,Yes,High,1,44.62,45.43,Medium,Medium
10983,Daniel Joshi,danieljoshi983@attrisense-org.com,37,Non-binary,Finance,Mid-Level,11805,6,High,Poor,No,High,1,26.34,26.16,Low,Low
10984,Rahul Rodriguez,rahulrodriguez984@attrisense-org.com,27,Non-binary,Human Resources,Executive,24337,12,High,Poor,No,Low,3,24.06,22.77,Low,Low
10985,Carlos Martinez,carlosmartinez985@attrisense-org.com,57,Male,Engineering,Mid-Level,10527,3,Low,Poor,No,Low,2,15.32,15.94,Low,Low
10986,Sanjay Anderson,sanjayanderson986@attrisense-org.com,52,Female,Engineering,Executive,22371,15,High,Poor,Yes,Average,3,82.26,80.51,High,High
10987,Neha Kumar,nehakumar987@attrisense-org.com,46,Male,Marketing,Entry,5544,4,Medium,Poor,Yes,Average,3,57.23,58.78,Medium,Medium
10988,Arjun Joshi,arjunjoshi988@attrisense-org.com,53,Male,Finance,Lead,16960,3,Low,Average,Yes,Average,1,29.11,29.43,Low,Low
10989,Amit Hernandez,amithernandez989@attrisense-org.com,44,Female,Product Management,Senior,15490,9,High,Poor,No,Below Average,0,29.93,28.39,Low,Low
10990,Liam Vance,liamvance990@attrisense-org.com,29,Female,Human Resources,Executive,23090,7,Low,Good,No,Low,2,9.2,10.38,Low,Low
10991,David Vance,davidvance991@attrisense-org.com,22,Non-binary,Marketing,Lead,16517,5,High,Poor,No,Average,2,75.15,77.02,High,High
10992,Liam Hernandez,liamhernandez992@attrisense-org.com,45,Male,Engineering,Mid-Level,8139,3,Medium,Good,Yes,Below Average,2,57.17,56.36,Medium,Medium
10993,Nancy Brown,nancybrown993@attrisense-org.com,53,Non-binary,Engineering,Lead,17394,7,High,Average,Yes,Below Average,0,12.13,11.17,Low,Low
10994,Vikram Martinez,vikrammartinez994@attrisense-org.com,35,Male,Marketing,Entry,6632,4,Low,Average,Yes,Low,1,18.59,19.65,Low,Low
10995,Aarav Smith,aaravsmith995@attrisense-org.com,38,Female,Marketing,Senior,15992,1,Medium,Good,Yes,Average,1,16.66,15.21,Low,Low
10996,Olivia Lopez,olivialopez996@attrisense-org.com,28,Non-binary,Sales & BD,Executive,23335,7,Low,Average,Yes,Average,0,76.15,76.13,High,High
10997,Nancy Kumar,nancykumar997@attrisense-org.com,39,Female,Marketing,Mid-Level,8945,6,Medium,Poor,Yes,Below Average,3,51.76,50.5,Medium,Medium
10998,Emma Chen,emmachen998@attrisense-org.com,56,Non-binary,Marketing,Executive,24054,9,Medium,Poor,No,Below Average,2,26.84,27.56,Low,Low
10999,Neha Lee,nehalee999@attrisense-org.com,37,Non-binary,Product Management,Executive,20604,9,Low,Poor,Yes,Below Average,2,25.04,24.35,Low,Low
11000,Sophia Rao,sophiarao1000@attrisense-org.com,22,Female,Human Resources,Executive,23078,13,Medium,Poor,No,High,0,16.91,17.7,Low,Low
11001,Emma Hernandez,emmahernandez1001@attrisense-org.com,53,Male,Engineering,Senior,12599,12,Medium,Average,No,Average,1,78.51,77.87,High,High
11002,Daniel Miller,danielmiller1002@attrisense-org.com,45,Male,Engineering,Executive,22038,8,High,Good,No,Average,1,48.4,49.2,Medium,Medium
11003,Priya Anderson,priyaanderson1003@attrisense-org.com,50,Non-binary,Human Resources,Lead,18845,10,Low,Good,No,Average,0,13.25,11.46,Low,Low
11004,Robert Kim,robertkim1004@attrisense-org.com,36,Female,Marketing,Senior,15589,6,Medium,Good,No,Below Average,0,32.76,31.11,Low,Low
11005,Sanjay Moore,sanjaymoore1005@attrisense-org.com,27,Male,Marketing,Executive,21909,12,Medium,Average,No,Average,2,24.73,25.02,Low,Low
11006,Sophia Chen,sophiachen1006@attrisense-org.com,52,Non-binary,Finance,Senior,15546,9,Low,Average,No,High,0,86.8,84.91,High,High
11007,Carlos Sharma,carlossharma1007@attrisense-org.com,55,Female,Sales & BD,Senior,12659,10,Low,Poor,Yes,Low,2,63.58,62.89,Medium,Medium
11008,Jessica Joshi,jessicajoshi1008@attrisense-org.com,24,Female,Marketing,Senior,14246,2,Medium,Good,Yes,Below Average,0,28.13,28.86,Low,Low
11009,Priya Moore,priyamoore1009@attrisense-org.com,49,Non-binary,Human Resources,Mid-Level,10843,9,Low,Poor,No,Below Average,3,18.59,19.99,Low,Low
11010,Lucas Vance,lucasvance1010@attrisense-org.com,29,Female,Product Management,Executive,24278,15,Low,Poor,No,Low,3,20.06,19.04,Low,Low
11011,Arjun Kumar,arjunkumar1011@attrisense-org.com,29,Male,Finance,Senior,14975,7,High,Average,Yes,Low,2,85.87,84.47,High,High
11012,Rahul Lee,rahullee1012@attrisense-org.com,28,Male,Finance,Entry,6498,6,Low,Good,Yes,Average,2,51.54,50.71,Medium,Medium
11013,Vikram Thomas,vikramthomas1013@attrisense-org.com,55,Female,Human Resources,Lead,17548,13,Low,Poor,Yes,Below Average,2,31.0,29.34,Low,Low
11014,Daniel Lopez,daniellopez1014@attrisense-org.com,45,Female,Human Resources,Executive,24629,7,Medium,Poor,Yes,Below Average,1,25.37,23.5,Low,Low
11015,Neha Kim,nehakim1015@attrisense-org.com,48,Male,Engineering,Mid-Level,8259,11,Medium,Average,No,Low,0,21.91,23.37,Low,Low
11016,Jessica Hernandez,jessicahernandez1016@attrisense-org.com,22,Non-binary,Human Resources,Entry,8160,11,Low,Average,No,Average,3,78.67,79.86,High,High
11017,Lisa Hernandez,lisahernandez1017@attrisense-org.com,52,Male,Marketing,Executive,23783,5,Low,Average,Yes,Below Average,1,58.98,57.29,Medium,Medium
11018,Nancy Smith,nancysmith1018@attrisense-org.com,25,Female,Sales & BD,Senior,12126,1,Low,Poor,No,Low,0,28.7,30.33,Low,Low
11019,Sarah Brown,sarahbrown1019@attrisense-org.com,33,Non-binary,Engineering,Mid-Level,8205,11,High,Average,No,High,1,26.15,27.39,Low,Low
11020,Liam Martin,liammartin1020@attrisense-org.com,22,Female,Human Resources,Executive,23236,2,Medium,Average,Yes,High,3,17.13,16.44,Low,Low
11021,David Anderson,davidanderson1021@attrisense-org.com,36,Female,Human Resources,Executive,22480,14,High,Poor,No,Low,1,88.55,87.06,High,High
11022,Neha Johnson,nehajohnson1022@attrisense-org.com,38,Male,Engineering,Entry,6498,15,Low,Good,No,Below Average,0,49.63,48.58,Medium,Medium
11023,Robert Sharma,robertsharma1023@attrisense-org.com,24,Female,Human Resources,Mid-Level,8768,2,Medium,Poor,Yes,Below Average,3,27.62,27.38,Low,Low
11024,Nancy Anderson,nancyanderson1024@attrisense-org.com,53,Male,Marketing,Lead,18681,12,High,Average,Yes,Low,0,22.99,21.51,Low,Low
11025,Emma Moore,emmamoore1025@attrisense-org.com,50,Female,Sales & BD,Executive,24834,9,Medium,Average,No,High,1,19.82,17.99,Low,Low
11026,Carlos Rao,carlosrao1026@attrisense-org.com,58,Male,Finance,Executive,24580,12,Medium,Poor,Yes,Below Average,3,77.06,75.31,High,High
11027,Liam Miller,liammiller1027@attrisense-org.com,33,Non-binary,Engineering,Entry,6522,5,Low,Average,Yes,Average,2,61.75,63.28,Medium,Medium
11028,Lisa Rao,lisarao1028@attrisense-org.com,41,Male,Marketing,Executive,21708,5,Medium,Average,No,Below Average,0,33.91,33.99,Low,Low
11029,Amit Taylor,amittaylor1029@attrisense-org.com,52,Female,Human Resources,Senior,11681,5,Medium,Poor,No,Low,2,16.24,15.82,Low,Low
11030,Lisa Patel,lisapatel1030@attrisense-org.com,54,Male,Marketing,Senior,15458,1,Medium,Good,No,High,3,16.57,14.91,Low,Low
11031,Emma Williams,emmawilliams1031@attrisense-org.com,44,Non-binary,Product Management,Executive,20776,2,Medium,Poor,No,High,3,87.14,86.04,High,High
11032,Nancy Hernandez,nancyhernandez1032@attrisense-org.com,31,Male,Human Resources,Lead,16836,4,High,Good,No,Low,2,52.36,52.23,Medium,Medium
11033,Neha Rao,neharao1033@attrisense-org.com,57,Female,Human Resources,Lead,18629,7,High,Poor,No,High,3,17.67,18.62,Low,Low
11034,Emma Thomas,emmathomas1034@attrisense-org.com,40,Non-binary,Marketing,Lead,17199,9,Low,Poor,No,Average,3,22.3,22.31,Low,Low
11035,Jessica Singh,jessicasingh1035@attrisense-org.com,49,Male,Finance,Mid-Level,10155,2,Low,Average,No,Average,1,14.3,12.37,Low,Low
11036,Vikram Kim,vikramkim1036@attrisense-org.com,26,Female,Sales & BD,Senior,13155,1,High,Average,Yes,High,3,85.75,84.39,High,High
11037,Sophia Moore,sophiamoore1037@attrisense-org.com,48,Female,Product Management,Mid-Level,7844,3,Low,Average,Yes,Below Average,0,61.85,62.37,Medium,Medium
11038,Karen Lee,karenlee1038@attrisense-org.com,25,Non-binary,Finance,Mid-Level,10617,4,Medium,Good,Yes,High,1,20.18,19.93,Low,Low
11039,Rahul Vance,rahulvance1039@attrisense-org.com,55,Male,Finance,Mid-Level,10698,14,Medium,Good,Yes,Low,1,13.89,15.31,Low,Low
11040,Aarav Davis,aaravdavis1040@attrisense-org.com,22,Female,Marketing,Executive,23451,13,High,Poor,No,Below Average,2,18.0,16.26,Low,Low
11041,John Thomas,johnthomas1041@attrisense-org.com,22,Male,Product Management,Senior,12967,1,High,Poor,Yes,Low,1,86.25,86.58,High,High
11042,Linda Joshi,lindajoshi1042@attrisense-org.com,43,Male,Engineering,Senior,14088,4,Low,Good,Yes,Below Average,1,47.22,47.9,Medium,Medium
11043,Liam Taylor,liamtaylor1043@attrisense-org.com,43,Male,Sales & BD,Entry,5220,13,Low,Average,No,High,2,20.45,19.12,Low,Low
11044,Liam Vance,liamvance1044@attrisense-org.com,51,Female,Human Resources,Entry,8212,2,Medium,Average,Yes,Low,2,22.6,21.98,Low,Low
11045,Nancy Patel,nancypatel1045@attrisense-org.com,54,Non-binary,Finance,Mid-Level,9985,12,Medium,Good,Yes,Below Average,2,25.47,26.44,Low,Low
11046,Jessica Miller,jessicamiller1046@attrisense-org.com,58,Female,Product Management,Executive,21134,6,Low,Poor,Yes,Below Average,2,93.3,91.43,High,High
11047,Olivia Smith,oliviasmith1047@attrisense-org.com,29,Male,Finance,Mid-Level,7924,15,Low,Average,Yes,Average,1,57.15,57.19,Medium,Medium
11048,Jessica Joshi,jessicajoshi1048@attrisense-org.com,42,Female,Engineering,Lead,14867,11,Low,Poor,Yes,Low,2,15.22,14.04,Low,Low
11049,Anjali Williams,anjaliwilliams1049@attrisense-org.com,26,Non-binary,Product Management,Mid-Level,11262,15,Low,Good,Yes,Average,0,14.94,14.06,Low,Low
11050,Liam Davis,liamdavis1050@attrisense-org.com,54,Non-binary,Human Resources,Entry,8544,4,High,Good,Yes,Average,0,23.39,21.72,Low,Low
11051,Amit Kim,amitkim1051@attrisense-org.com,40,Non-binary,Finance,Entry,5662,13,Medium,Average,Yes,Average,1,86.41,85.84,High,High
11052,Aarav Smith,aaravsmith1052@attrisense-org.com,54,Female,Sales & BD,Executive,24245,6,High,Average,Yes,Average,3,44.26,46.12,Medium,Medium
11053,Sarah Jones,sarahjones1053@attrisense-org.com,24,Male,Sales & BD,Senior,13822,10,Low,Poor,No,Below Average,2,32.1,30.32,Low,Low
11054,Priya Kumar,priyakumar1054@attrisense-org.com,53,Female,Sales & BD,Entry,6167,11,Medium,Average,No,Average,1,27.1,26.04,Low,Low
11055,Emma Taylor,emmataylor1055@attrisense-org.com,24,Non-binary,Product Management,Executive,22260,9,Medium,Poor,No,High,2,21.27,19.9,Low,Low
11056,James Hernandez,jameshernandez1056@attrisense-org.com,43,Female,Sales & BD,Senior,11842,1,High,Average,No,Low,1,80.46,79.63,High,High
11057,Nancy Taylor,nancytaylor1057@attrisense-org.com,52,Female,Finance,Senior,12897,15,Medium,Good,Yes,Average,3,45.19,45.17,Medium,Medium
11058,Sophia Rodriguez,sophiarodriguez1058@attrisense-org.com,39,Non-binary,Engineering,Executive,23708,15,High,Poor,No,High,3,19.43,18.96,Low,Low
11059,Michael Martin,michaelmartin1059@attrisense-org.com,37,Male,Human Resources,Senior,12697,14,Medium,Good,No,Average,3,26.47,26.0,Low,Low
11060,Emma Thomas,emmathomas1060@attrisense-org.com,42,Non-binary,Marketing,Executive,24245,3,Low,Average,Yes,Low,2,21.55,21.6,Low,Low
11061,Lucas Moore,lucasmoore1061@attrisense-org.com,51,Female,Engineering,Lead,17473,7,Low,Average,No,High,2,75.34,75.13,High,High
11062,David Miller,davidmiller1062@attrisense-org.com,40,Female,Sales & BD,Executive,23287,8,Low,Poor,No,High,1,45.35,45.23,Medium,Medium
11063,Vikram Thomas,vikramthomas1063@attrisense-org.com,32,Non-binary,Engineering,Entry,5717,13,Low,Average,Yes,Low,1,18.5,16.59,Low,Low
11064,Neha Singh,nehasingh1064@attrisense-org.com,51,Male,Product Management,Lead,17903,8,Low,Good,Yes,Average,0,11.66,10.41,Low,Low
11065,Carlos Rodriguez,carlosrodriguez1065@attrisense-org.com,43,Non-binary,Finance,Senior,12488,4,High,Average,Yes,High,1,27.4,26.18,Low,Low
11066,Robert Brown,robertbrown1066@attrisense-org.com,23,Female,Human Resources,Entry,5072,6,Low,Good,No,Low,3,91.63,93.2,High,High
11067,Daniel Moore,danielmoore1067@attrisense-org.com,28,Female,Marketing,Executive,21338,13,High,Average,No,High,1,45.43,46.83,Medium,Medium
11068,John Moore,johnmoore1068@attrisense-org.com,56,Male,Engineering,Executive,21370,6,High,Average,No,Average,0,14.72,14.61,Low,Low
11069,Anjali Anderson,anjalianderson1069@attrisense-org.com,31,Male,Sales & BD,Entry,6941,6,Medium,Poor,Yes,Below Average,1,28.64,29.57,Low,Low
11070,Carlos Thomas,carlosthomas1070@attrisense-org.com,35,Female,Marketing,Entry,7381,6,Low,Average,No,Below Average,0,19.02,19.53,Low,Low
11071,Priya Williams,priyawilliams1071@attrisense-org.com,22,Male,Sales & BD,Executive,24257,9,Low,Average,No,Average,3,83.38,83.12,High,High
11072,Olivia Jones,oliviajones1072@attrisense-org.com,47,Female,Marketing,Senior,11522,14,High,Average,Yes,High,2,62.71,63.81,Medium,Medium
11073,Sophia Chen,sophiachen1073@attrisense-org.com,39,Non-binary,Human Resources,Executive,22845,7,High,Average,Yes,Low,3,27.81,26.42,Low,Low
11074,David Martin,davidmartin1074@attrisense-org.com,22,Male,Finance,Entry,8552,1,High,Poor,Yes,Below Average,2,27.12,25.69,Low,Low
11075,Emma Brown,emmabrown1075@attrisense-org.com,48,Non-binary,Product Management,Mid-Level,8711,11,High,Poor,No,Below Average,2,26.6,28.23,Low,Low
11076,David Taylor,davidtaylor1076@attrisense-org.com,41,Female,Product Management,Lead,15340,5,High,Good,No,High,0,82.8,82.59,High,High
11077,Neha Kim,nehakim1077@attrisense-org.com,38,Male,Marketing,Mid-Level,10937,7,Medium,Good,Yes,High,0,44.11,46.07,Medium,Medium
11078,Aarav Patel,aaravpatel1078@attrisense-org.com,55,Male,Sales & BD,Senior,14777,7,Medium,Good,Yes,Low,1,14.11,14.11,Low,Low
11079,Daniel Taylor,danieltaylor1079@attrisense-org.com,43,Female,Human Resources,Senior,13194,5,High,Average,No,Low,0,21.55,20.41,Low,Low
11080,John Wilson,johnwilson1080@attrisense-org.com,40,Non-binary,Sales & BD,Entry,4722,14,Medium,Poor,Yes,Average,1,25.01,23.58,Low,Low
11081,Arjun Chen,arjunchen1081@attrisense-org.com,22,Female,Marketing,Lead,18478,6,Medium,Good,No,Average,0,77.02,76.91,High,High
11082,Sarah Brown,sarahbrown1082@attrisense-org.com,35,Non-binary,Sales & BD,Executive,24440,10,High,Good,No,High,1,44.66,45.81,Medium,Medium
11083,Arjun Chen,arjunchen1083@attrisense-org.com,48,Non-binary,Engineering,Lead,17177,11,Medium,Poor,No,Average,3,32.38,30.83,Low,Low
11084,Sophia Sharma,sophiasharma1084@attrisense-org.com,47,Female,Engineering,Executive,21564,7,Low,Average,Yes,High,2,19.6,21.41,Low,Low
11085,Carlos Hernandez,carloshernandez1085@attrisense-org.com,30,Non-binary,Human Resources,Senior,11624,6,Medium,Average,No,Average,2,13.48,11.78,Low,Low
11086,Vikram Jones,vikramjones1086@attrisense-org.com,30,Male,Sales & BD,Senior,14164,3,Medium,Average,Yes,Average,2,93.24,92.99,High,High
11087,John Vance,johnvance1087@attrisense-org.com,26,Non-binary,Finance,Mid-Level,11840,10,Low,Poor,Yes,Low,2,47.35,45.63,Medium,Medium
11088,Sophia Rao,sophiarao1088@attrisense-org.com,32,Male,Sales & BD,Executive,24533,11,Medium,Poor,No,Low,0,19.4,17.55,Low,Low
11089,Linda Kumar,lindakumar1089@attrisense-org.com,33,Male,Finance,Mid-Level,11140,13,High,Poor,Yes,Below Average,1,25.1,24.09,Low,Low
11090,Michael Williams,michaelwilliams1090@attrisense-org.com,26,Female,Engineering,Executive,24911,12,High,Good,Yes,High,1,26.7,27.11,Low,Low
11091,Vikram Jones,vikramjones1091@attrisense-org.com,26,Non-binary,Finance,Lead,17362,14,Medium,Good,No,Below Average,3,75.19,76.54,High,High
11092,Nancy Jones,nancyjones1092@attrisense-org.com,41,Female,Engineering,Executive,20941,12,High,Good,Yes,Below Average,1,50.91,49.57,Medium,Medium
11093,Nancy Joshi,nancyjoshi1093@attrisense-org.com,28,Male,Product Management,Lead,17433,12,High,Average,No,Below Average,3,20.93,19.34,Low,Low
11094,Sophia Singh,sophiasingh1094@attrisense-org.com,55,Male,Sales & BD,Senior,14027,9,Low,Good,No,High,1,18.98,17.96,Low,Low
11095,Lucas Martinez,lucasmartinez1095@attrisense-org.com,22,Male,Human Resources,Mid-Level,9621,10,High,Good,Yes,High,2,15.31,13.36,Low,Low
11096,Sophia Lee,sophialee1096@attrisense-org.com,29,Female,Finance,Mid-Level,8150,10,Medium,Poor,Yes,Below Average,3,89.48,89.48,High,High
11097,Amit Miller,amitmiller1097@attrisense-org.com,26,Non-binary,Engineering,Mid-Level,11730,12,High,Average,No,High,1,61.72,63.51,Medium,Medium
11098,Linda Rodriguez,lindarodriguez1098@attrisense-org.com,54,Female,Finance,Executive,23500,14,Low,Average,Yes,High,1,21.84,20.49,Low,Low
11099,Karen Singh,karensingh1099@attrisense-org.com,57,Female,Product Management,Entry,5456,7,Low,Good,Yes,Low,2,19.25,18.17,Low,Low
11100,Linda Moore,lindamoore1100@attrisense-org.com,40,Male,Finance,Lead,18866,13,Medium,Average,Yes,Average,3,32.51,32.92,Low,Low
11101,William Wilson,williamwilson1101@attrisense-org.com,58,Female,Human Resources,Executive,20589,5,High,Good,No,Low,1,88.59,90.47,High,High
11102,Lucas Joshi,lucasjoshi1102@attrisense-org.com,40,Male,Marketing,Mid-Level,9554,5,Medium,Poor,Yes,Average,3,52.16,50.19,Medium,Medium
11103,Jessica Davis,jessicadavis1103@attrisense-org.com,41,Male,Marketing,Senior,13466,2,Low,Poor,No,Average,3,21.19,21.77,Low,Low
11104,Liam Brown,liambrown1104@attrisense-org.com,56,Non-binary,Human Resources,Executive,22471,8,Medium,Average,No,High,0,32.32,32.59,Low,Low
11105,Carlos Anderson,carlosanderson1105@attrisense-org.com,48,Male,Sales & BD,Executive,24899,12,Medium,Good,No,High,1,26.95,26.31,Low,Low
11106,Vikram Kim,vikramkim1106@attrisense-org.com,48,Non-binary,Sales & BD,Entry,6939,14,Low,Average,Yes,Below Average,3,77.18,76.71,High,High
11107,Sarah Hernandez,sarahhernandez1107@attrisense-org.com,53,Male,Product Management,Senior,14793,12,Low,Poor,Yes,Average,0,61.01,60.16,Medium,Medium
11108,William Kim,williamkim1108@attrisense-org.com,36,Female,Human Resources,Senior,14528,15,Low,Poor,No,Low,1,10.59,11.97,Low,Low
11109,Nancy Martinez,nancymartinez1109@attrisense-org.com,38,Non-binary,Engineering,Mid-Level,7705,12,High,Good,No,High,1,27.62,27.08,Low,Low
11110,Liam Martinez,liammartinez1110@attrisense-org.com,24,Male,Finance,Entry,6550,11,Low,Good,Yes,Below Average,0,27.02,27.75,Low,Low
11111,Anjali Brown,anjalibrown1111@attrisense-org.com,45,Female,Engineering,Entry,4913,13,Medium,Average,No,Low,0,75.15,77.13,High,High
11112,Vikram Martin,vikrammartin1112@attrisense-org.com,30,Male,Sales & BD,Lead,18147,15,High,Poor,Yes,High,1,50.3,50.86,Medium,Medium
11113,John Sharma,johnsharma1113@attrisense-org.com,23,Non-binary,Marketing,Mid-Level,9143,14,High,Average,Yes,Average,3,15.0,16.47,Low,Low
11114,Olivia Joshi,oliviajoshi1114@attrisense-org.com,23,Male,Product Management,Executive,22333,10,High,Average,Yes,Low,2,14.3,14.5,Low,Low
11115,Vikram Joshi,vikramjoshi1115@attrisense-org.com,51,Non-binary,Finance,Mid-Level,10514,14,High,Poor,Yes,Low,3,22.94,23.31,Low,Low
11116,John Hernandez,johnhernandez1116@attrisense-org.com,54,Female,Marketing,Senior,14082,11,Low,Average,Yes,Below Average,2,74.95,75.53,High,High
11117,Liam Miller,liammiller1117@attrisense-org.com,35,Non-binary,Finance,Senior,14211,10,Medium,Good,Yes,Below Average,3,47.16,46.77,Medium,Medium
11118,John Kim,johnkim1118@attrisense-org.com,22,Female,Product Management,Mid-Level,9284,15,Medium,Good,No,High,2,17.33,17.79,Low,Low
11119,Michael Taylor,michaeltaylor1119@attrisense-org.com,32,Non-binary,Product Management,Entry,6767,10,Low,Good,Yes,Low,1,16.55,17.0,Low,Low
11120,Karen Jones,karenjones1120@attrisense-org.com,44,Female,Sales & BD,Mid-Level,7528,15,High,Average,No,Average,2,13.63,12.03,Low,Low
11121,Daniel Joshi,danieljoshi1121@attrisense-org.com,28,Female,Marketing,Executive,21033,3,Medium,Average,No,Low,0,95.01,93.1,High,High
11122,Amit Anderson,amitanderson1122@attrisense-org.com,52,Female,Human Resources,Senior,13044,13,Low,Average,Yes,Below Average,1,54.55,55.87,Medium,Medium
11123,Amit Johnson,amitjohnson1123@attrisense-org.com,40,Male,Product Management,Senior,15421,11,High,Poor,Yes,Below Average,2,17.7,19.14,Low,Low
11124,Lucas Kumar,lucaskumar1124@attrisense-org.com,54,Non-binary,Marketing,Lead,17997,15,Low,Good,No,High,2,17.2,17.23,Low,Low
11125,Daniel Davis,danieldavis1125@attrisense-org.com,37,Female,Sales & BD,Executive,24769,12,High,Poor,Yes,Below Average,1,11.26,11.52,Low,Low
11126,Priya Martin,priyamartin1126@attrisense-org.com,26,Non-binary,Marketing,Mid-Level,8101,6,Low,Poor,Yes,Average,2,83.36,83.42,High,High
11127,Olivia Martinez,oliviamartinez1127@attrisense-org.com,53,Non-binary,Marketing,Senior,13920,3,High,Poor,No,High,2,45.47,46.46,Medium,Medium
11128,Robert Vance,robertvance1128@attrisense-org.com,29,Male,Marketing,Entry,6608,2,High,Average,Yes,Average,1,16.42,15.92,Low,Low
11129,Michael Joshi,michaeljoshi1129@attrisense-org.com,57,Male,Product Management,Entry,8150,4,Low,Good,Yes,Low,1,23.03,24.25,Low,Low
11130,Robert Wilson,robertwilson1130@attrisense-org.com,45,Male,Marketing,Lead,15993,13,Low,Average,No,High,3,11.79,12.57,Low,Low
11131,John Williams,johnwilliams1131@attrisense-org.com,42,Female,Engineering,Lead,16217,13,Low,Good,Yes,Average,1,93.31,93.98,High,High
11132,Priya Smith,priyasmith1132@attrisense-org.com,40,Non-binary,Product Management,Entry,7039,13,High,Good,No,Low,2,58.0,56.78,Medium,Medium
11133,Nancy Smith,nancysmith1133@attrisense-org.com,40,Male,Finance,Senior,15279,13,Medium,Average,Yes,Average,2,17.25,17.91,Low,Low
11134,Aarav Anderson,aaravanderson1134@attrisense-org.com,32,Non-binary,Sales & BD,Mid-Level,10179,6,Medium,Average,Yes,Below Average,3,31.01,29.57,Low,Low
11135,Karen Martinez,karenmartinez1135@attrisense-org.com,39,Female,Marketing,Mid-Level,8285,4,Medium,Average,Yes,Below Average,0,31.92,33.38,Low,Low
11136,Vikram Davis,vikramdavis1136@attrisense-org.com,41,Male,Marketing,Entry,4591,1,Low,Poor,Yes,Below Average,0,83.2,81.41,High,High
11137,Amit Hernandez,amithernandez1137@attrisense-org.com,47,Non-binary,Human Resources,Entry,7083,8,High,Poor,Yes,Average,0,48.08,48.82,Medium,Medium
11138,Amit Kumar,amitkumar1138@attrisense-org.com,36,Non-binary,Finance,Entry,5884,10,Medium,Average,No,High,1,35.02,33.15,Low,Low
11139,Olivia Singh,oliviasingh1139@attrisense-org.com,24,Male,Engineering,Entry,7810,7,Medium,Good,Yes,High,1,17.77,16.99,Low,Low
11140,Karen Kim,karenkim1140@attrisense-org.com,23,Female,Marketing,Mid-Level,11068,14,Medium,Good,Yes,High,2,22.08,21.78,Low,Low
11141,Liam Chen,liamchen1141@attrisense-org.com,45,Male,Finance,Senior,12040,4,Low,Good,No,Below Average,3,79.35,79.85,High,High
11142,Sanjay Hernandez,sanjayhernandez1142@attrisense-org.com,23,Non-binary,Human Resources,Executive,24948,11,Low,Poor,No,Average,1,60.08,60.51,Medium,Medium
11143,John Taylor,johntaylor1143@attrisense-org.com,37,Female,Marketing,Mid-Level,11948,13,High,Average,No,Average,3,12.99,12.73,Low,Low
11144,Carlos Martinez,carlosmartinez1144@attrisense-org.com,40,Female,Human Resources,Executive,23212,12,Medium,Poor,Yes,High,1,24.39,24.21,Low,Low
11145,Emma Joshi,emmajoshi1145@attrisense-org.com,31,Non-binary,Engineering,Senior,13562,2,High,Poor,Yes,Below Average,3,26.56,26.36,Low,Low
11146,Sarah Vance,sarahvance1146@attrisense-org.com,48,Female,Marketing,Executive,21871,4,Low,Good,Yes,Low,1,93.91,94.06,High,High
11147,Sophia Patel,sophiapatel1147@attrisense-org.com,39,Female,Marketing,Lead,15625,8,Low,Poor,No,Low,1,58.21,58.46,Medium,Medium
11148,William Chen,williamchen1148@attrisense-org.com,22,Non-binary,Product Management,Senior,12668,14,High,Average,No,High,1,17.76,16.99,Low,Low
11149,John Chen,johnchen1149@attrisense-org.com,54,Non-binary,Engineering,Executive,21838,1,Low,Poor,No,High,0,30.84,29.66,Low,Low
11150,Linda Rao,lindarao1150@attrisense-org.com,33,Male,Engineering,Senior,14925,1,Medium,Good,Yes,Low,1,19.82,19.82,Low,Low
11151,Emma Patel,emmapatel1151@attrisense-org.com,37,Non-binary,Human Resources,Senior,12769,11,Low,Good,No,High,2,86.64,87.67,High,High
11152,Robert Kim,robertkim1152@attrisense-org.com,33,Female,Marketing,Senior,13026,15,High,Average,No,Average,0,58.37,57.51,Medium,Medium
11153,Anjali Thomas,anjalithomas1153@attrisense-org.com,47,Non-binary,Sales & BD,Senior,12087,11,Medium,Good,No,Below Average,2,27.24,28.94,Low,Low
11154,Amit Rao,amitrao1154@attrisense-org.com,36,Non-binary,Product Management,Mid-Level,9036,3,High,Average,Yes,High,2,33.7,33.78,Low,Low
11155,Sophia Lopez,sophialopez1155@attrisense-org.com,30,Female,Finance,Executive,22200,7,Low,Average,No,Low,0,19.65,19.62,Low,Low
11156,Linda Smith,lindasmith1156@attrisense-org.com,42,Non-binary,Finance,Entry,5496,15,Medium,Good,No,Below Average,0,94.18,93.41,High,High
11157,Emma Hernandez,emmahernandez1157@attrisense-org.com,26,Female,Engineering,Senior,14786,9,High,Poor,Yes,Average,0,56.49,55.33,Medium,Medium
11158,Sophia Miller,sophiamiller1158@attrisense-org.com,41,Female,Engineering,Lead,14579,8,Medium,Poor,No,High,2,20.21,18.63,Low,Low
11159,Emma Martin,emmamartin1159@attrisense-org.com,51,Non-binary,Engineering,Entry,6242,13,High,Average,No,Average,3,23.44,22.89,Low,Low
11160,Robert Jones,robertjones1160@attrisense-org.com,58,Female,Product Management,Entry,4906,12,Medium,Average,Yes,Below Average,0,13.12,12.04,Low,Low
11161,Daniel Taylor,danieltaylor1161@attrisense-org.com,43,Non-binary,Product Management,Senior,15904,11,Low,Poor,Yes,Below Average,0,87.57,88.15,High,High
11162,Anjali Rodriguez,anjalirodriguez1162@attrisense-org.com,29,Non-binary,Sales & BD,Mid-Level,8228,3,Low,Good,No,Below Average,1,55.47,57.29,Medium,Medium
11163,Sarah Martin,sarahmartin1163@attrisense-org.com,55,Non-binary,Sales & BD,Lead,18176,4,High,Average,No,Low,3,34.32,33.61,Low,Low
11164,James Lee,jameslee1164@attrisense-org.com,35,Non-binary,Human Resources,Entry,7905,7,Low,Good,No,Below Average,3,20.6,19.59,Low,Low
11165,Linda Garcia,lindagarcia1165@attrisense-org.com,27,Male,Engineering,Entry,5796,4,Low,Good,No,Low,2,32.9,33.18,Low,Low
11166,Olivia Martinez,oliviamartinez1166@attrisense-org.com,28,Non-binary,Engineering,Lead,15642,6,Medium,Good,No,Low,3,74.24,75.21,High,High
11167,Robert Martin,robertmartin1167@attrisense-org.com,47,Non-binary,Sales & BD,Mid-Level,8298,11,Low,Good,Yes,Low,0,54.78,54.7,Medium,Medium
11168,Nancy Williams,nancywilliams1168@attrisense-org.com,40,Female,Marketing,Entry,6888,14,High,Average,Yes,Average,1,24.23,23.93,Low,Low
11169,Robert Brown,robertbrown1169@attrisense-org.com,49,Non-binary,Engineering,Executive,24234,6,High,Poor,No,Below Average,0,20.26,20.7,Low,Low
11170,Arjun Garcia,arjungarcia1170@attrisense-org.com,36,Non-binary,Product Management,Entry,4949,3,Low,Poor,Yes,High,2,28.89,28.54,Low,Low
11171,Aarav Martin,aaravmartin1171@attrisense-org.com,30,Non-binary,Human Resources,Executive,24624,5,Medium,Poor,Yes,Below Average,0,84.39,85.01,High,High
11172,Emma Kim,emmakim1172@attrisense-org.com,49,Male,Finance,Executive,23512,9,Low,Average,No,High,2,43.89,45.47,Medium,Medium
11173,Lucas Miller,lucasmiller1173@attrisense-org.com,25,Non-binary,Finance,Senior,13718,9,High,Average,Yes,Average,3,21.83,19.98,Low,Low
11174,Amit Wilson,amitwilson1174@attrisense-org.com,27,Male,Marketing,Mid-Level,7974,2,High,Poor,No,High,2,14.55,12.79,Low,Low
11175,Elena Smith,elenasmith1175@attrisense-org.com,38,Non-binary,Product Management,Senior,12898,5,Medium,Average,No,Average,2,12.65,13.4,Low,Low
11176,Amit Moore,amitmoore1176@attrisense-org.com,23,Male,Finance,Executive,22593,7,Low,Poor,Yes,Below Average,0,82.94,84.11,High,High
11177,Michael Smith,michaelsmith1177@attrisense-org.com,38,Female,Marketing,Senior,13448,14,High,Good,No,High,0,54.08,54.18,Medium,Medium
11178,Daniel Thomas,danielthomas1178@attrisense-org.com,57,Male,Engineering,Entry,7489,8,High,Poor,No,Below Average,3,21.31,20.52,Low,Low
11179,Priya Wilson,priyawilson1179@attrisense-org.com,46,Non-binary,Marketing,Executive,20635,6,High,Average,No,Average,3,16.85,17.65,Low,Low
11180,Sophia Thomas,sophiathomas1180@attrisense-org.com,27,Non-binary,Product Management,Lead,18542,1,Medium,Poor,No,Low,1,27.9,29.44,Low,Low
11181,Linda Williams,lindawilliams1181@attrisense-org.com,57,Female,Engineering,Entry,7147,4,High,Good,No,High,1,92.57,91.98,High,High
11182,Michael Rodriguez,michaelrodriguez1182@attrisense-org.com,35,Non-binary,Sales & BD,Entry,5846,11,Medium,Poor,No,High,2,56.53,57.87,Medium,Medium
11183,Priya Kim,priyakim1183@attrisense-org.com,35,Female,Engineering,Lead,17811,13,High,Good,No,Average,1,32.59,33.61,Low,Low
11184,Robert Chen,robertchen1184@attrisense-org.com,53,Male,Marketing,Lead,17157,5,High,Average,No,Below Average,0,12.83,14.19,Low,Low
11185,Robert Chen,robertchen1185@attrisense-org.com,27,Female,Product Management,Executive,22792,12,High,Poor,No,Low,1,25.27,23.44,Low,Low
11186,Nancy Taylor,nancytaylor1186@attrisense-org.com,25,Female,Finance,Lead,16482,6,Low,Poor,No,Low,0,79.26,79.64,High,High
11187,Priya Vance,priyavance1187@attrisense-org.com,51,Non-binary,Finance,Entry,6626,10,High,Good,Yes,Average,3,49.06,48.5,Medium,Medium
11188,Nancy Taylor,nancytaylor1188@attrisense-org.com,22,Non-binary,Finance,Executive,24414,10,Low,Poor,No,Average,1,18.49,20.37,Low,Low
11189,Amit Lee,amitlee1189@attrisense-org.com,32,Male,Marketing,Senior,15685,8,Medium,Poor,Yes,Low,3,23.53,24.74,Low,Low
11190,Anjali Miller,anjalimiller1190@attrisense-org.com,39,Non-binary,Engineering,Executive,24585,7,Medium,Average,No,Below Average,1,23.77,24.21,Low,Low
11191,Liam Miller,liammiller1191@attrisense-org.com,55,Non-binary,Human Resources,Mid-Level,9153,14,High,Average,Yes,Below Average,0,87.91,89.09,High,High
11192,Vikram Lee,vikramlee1192@attrisense-org.com,24,Non-binary,Engineering,Executive,22340,1,High,Good,No,Low,1,60.52,59.29,Medium,Medium
11193,Emma Kumar,emmakumar1193@attrisense-org.com,35,Male,Finance,Lead,18638,2,High,Good,No,Low,3,9.91,11.5,Low,Low
11194,Michael Kumar,michaelkumar1194@attrisense-org.com,57,Female,Product Management,Lead,18777,12,Low,Good,No,Below Average,1,29.68,30.93,Low,Low
11195,Anjali Vance,anjalivance1195@attrisense-org.com,51,Male,Human Resources,Executive,24854,8,Low,Good,No,High,0,17.65,17.82,Low,Low
11196,Sarah Moore,sarahmoore1196@attrisense-org.com,57,Female,Sales & BD,Executive,24105,3,Low,Good,No,Below Average,2,81.7,80.25,High,High
11197,John Wilson,johnwilson1197@attrisense-org.com,44,Male,Finance,Lead,16212,10,High,Poor,No,Average,2,55.59,55.03,Medium,Medium
11198,Sophia Patel,sophiapatel1198@attrisense-org.com,45,Male,Marketing,Senior,13465,7,Medium,Average,Yes,Average,0,24.78,24.33,Low,Low
11199,Nancy Wilson,nancywilson1199@attrisense-org.com,57,Male,Marketing,Mid-Level,10978,12,Low,Average,No,Average,0,23.48,24.09,Low,Low
11200,Sophia Chen,sophiachen1200@attrisense-org.com,49,Male,Finance,Mid-Level,11701,9,Medium,Good,Yes,Below Average,0,30.76,30.29,Low,Low
11201,John Martinez,johnmartinez1201@attrisense-org.com,28,Female,Finance,Lead,16368,5,Medium,Average,Yes,Below Average,2,92.09,91.27,High,High
11202,James Miller,jamesmiller1202@attrisense-org.com,49,Non-binary,Engineering,Lead,17045,8,Medium,Good,No,Average,0,51.11,50.65,Medium,Medium
11203,Aarav Martinez,aaravmartinez1203@attrisense-org.com,56,Male,Marketing,Mid-Level,9758,3,Low,Average,No,High,2,10.57,12.03,Low,Low
11204,Lisa Davis,lisadavis1204@attrisense-org.com,57,Male,Sales & BD,Entry,4768,10,High,Poor,No,Below Average,2,12.05,12.83,Low,Low
11205,Michael Davis,michaeldavis1205@attrisense-org.com,44,Female,Marketing,Mid-Level,7917,4,High,Good,No,Average,1,15.16,14.39,Low,Low
11206,Carlos Sharma,carlossharma1206@attrisense-org.com,54,Female,Product Management,Entry,4827,11,Medium,Good,No,Below Average,1,84.89,85.22,High,High
11207,Arjun Smith,arjunsmith1207@attrisense-org.com,42,Non-binary,Product Management,Mid-Level,8193,2,Medium,Good,No,Average,2,47.15,47.62,Medium,Medium
11208,Neha Jones,nehajones1208@attrisense-org.com,42,Male,Sales & BD,Senior,13087,2,Medium,Poor,No,Below Average,0,15.0,14.46,Low,Low
11209,Neha Singh,nehasingh1209@attrisense-org.com,23,Non-binary,Sales & BD,Senior,12548,8,Medium,Average,Yes,Low,1,27.22,26.64,Low,Low
11210,Sanjay Johnson,sanjayjohnson1210@attrisense-org.com,54,Female,Sales & BD,Entry,8087,12,High,Average,No,Average,1,34.22,34.0,Low,Low
11211,Amit Sharma,amitsharma1211@attrisense-org.com,47,Non-binary,Engineering,Entry,6374,10,Low,Good,No,Below Average,1,83.35,84.79,High,High
11212,James Joshi,jamesjoshi1212@attrisense-org.com,28,Male,Product Management,Mid-Level,8554,4,Low,Good,No,High,2,50.78,50.98,Medium,Medium
11213,Sophia Hernandez,sophiahernandez1213@attrisense-org.com,55,Male,Human Resources,Mid-Level,8121,11,Medium,Average,Yes,High,3,10.73,11.29,Low,Low
11214,Daniel Williams,danielwilliams1214@attrisense-org.com,58,Female,Product Management,Lead,16844,13,High,Average,No,Below Average,3,8.78,10.23,Low,Low
11215,Arjun Vance,arjunvance1215@attrisense-org.com,32,Non-binary,Product Management,Lead,18635,3,Medium,Poor,No,Low,1,31.43,29.57,Low,Low
11216,Jessica Smith,jessicasmith1216@attrisense-org.com,57,Male,Product Management,Lead,15110,9,Low,Average,Yes,Average,1,85.09,85.11,High,High
11217,Arjun Williams,arjunwilliams1217@attrisense-org.com,37,Non-binary,Sales & BD,Executive,22731,8,Low,Average,Yes,Below Average,1,57.67,58.01,Medium,Medium
11218,Sophia Williams,sophiawilliams1218@attrisense-org.com,25,Male,Engineering,Executive,21004,12,Medium,Poor,No,High,1,30.11,30.16,Low,Low
11219,Robert Singh,robertsingh1219@attrisense-org.com,36,Male,Human Resources,Entry,8268,11,Medium,Good,No,Average,1,10.1,11.98,Low,Low
11220,Liam Joshi,liamjoshi1220@attrisense-org.com,45,Male,Product Management,Mid-Level,7753,1,High,Poor,Yes,High,1,27.44,28.27,Low,Low
11221,Sanjay Lopez,sanjaylopez1221@attrisense-org.com,42,Non-binary,Finance,Lead,16070,4,Medium,Poor,No,Below Average,1,80.65,80.5,High,High
11222,Sanjay Hernandez,sanjayhernandez1222@attrisense-org.com,45,Non-binary,Finance,Senior,15413,5,High,Good,No,Low,3,48.03,48.2,Medium,Medium
11223,Linda Patel,lindapatel1223@attrisense-org.com,47,Male,Finance,Executive,24598,12,Medium,Good,No,Average,0,28.88,27.82,Low,Low
11224,Emma Davis,emmadavis1224@attrisense-org.com,25,Non-binary,Human Resources,Lead,16061,2,High,Average,Yes,Low,2,21.64,23.19,Low,Low
11225,Rahul Kim,rahulkim1225@attrisense-org.com,55,Non-binary,Engineering,Entry,8979,6,Medium,Average,Yes,Low,3,13.84,12.74,Low,Low
11226,John Johnson,johnjohnson1226@attrisense-org.com,55,Female,Marketing,Mid-Level,9175,4,High,Good,Yes,Low,2,90.94,91.47,High,High
11227,Jessica Johnson,jessicajohnson1227@attrisense-org.com,29,Female,Product Management,Lead,15977,15,Low,Average,Yes,Low,2,58.8,60.63,Medium,Medium
11228,James Chen,jameschen1228@attrisense-org.com,50,Male,Product Management,Lead,15248,8,Medium,Good,No,Low,2,27.45,27.26,Low,Low
11229,Michael Martin,michaelmartin1229@attrisense-org.com,47,Non-binary,Human Resources,Mid-Level,8475,1,Medium,Good,Yes,High,2,32.16,33.75,Low,Low
11230,Daniel Davis,danieldavis1230@attrisense-org.com,27,Male,Sales & BD,Senior,12955,14,High,Poor,Yes,Below Average,1,30.93,29.92,Low,Low
11231,Daniel Lopez,daniellopez1231@attrisense-org.com,31,Male,Engineering,Entry,7385,6,Low,Poor,Yes,Below Average,2,82.95,80.95,High,High
11232,James Taylor,jamestaylor1232@attrisense-org.com,47,Female,Finance,Entry,5703,6,Low,Poor,Yes,High,0,52.93,53.54,Medium,Medium
11233,Elena Brown,elenabrown1233@attrisense-org.com,27,Male,Marketing,Senior,13814,4,Medium,Good,Yes,Below Average,0,29.36,29.6,Low,Low
11234,Carlos Jones,carlosjones1234@attrisense-org.com,37,Male,Engineering,Executive,22317,1,High,Poor,No,Low,3,34.95,33.85,Low,Low
11235,Lucas Kumar,lucaskumar1235@attrisense-org.com,52,Male,Sales & BD,Lead,15862,5,Medium,Good,Yes,Below Average,3,16.93,15.69,Low,Low
11236,Nancy Rao,nancyrao1236@attrisense-org.com,34,Female,Finance,Entry,7313,9,High,Good,Yes,High,2,86.16,86.76,High,High
11237,Rahul Martinez,rahulmartinez1237@attrisense-org.com,52,Female,Marketing,Senior,15790,11,High,Poor,Yes,Below Average,0,59.03,58.5,Medium,Medium
11238,Elena Thomas,elenathomas1238@attrisense-org.com,38,Female,Engineering,Mid-Level,8397,3,High,Average,No,High,1,12.54,13.98,Low,Low
11239,Sophia Brown,sophiabrown1239@attrisense-org.com,35,Non-binary,Finance,Executive,22171,3,High,Average,Yes,High,2,13.79,14.96,Low,Low
11240,Sarah Kim,sarahkim1240@attrisense-org.com,31,Non-binary,Product Management,Entry,4719,12,Low,Good,Yes,Below Average,3,10.82,11.42,Low,Low
11241,Vikram Jones,vikramjones1241@attrisense-org.com,43,Female,Product Management,Lead,18616,3,High,Average,Yes,High,3,80.78,80.62,High,High
11242,William Garcia,williamgarcia1242@attrisense-org.com,58,Non-binary,Human Resources,Entry,5465,3,High,Poor,Yes,Below Average,1,51.97,51.15,Medium,Medium
11243,Emma Wilson,emmawilson1243@attrisense-org.com,49,Female,Human Resources,Lead,16488,6,Medium,Good,No,Low,2,16.01,16.94,Low,Low
11244,Rahul Singh,rahulsingh1244@attrisense-org.com,35,Female,Product Management,Mid-Level,11149,14,Medium,Good,Yes,Average,0,32.53,30.59,Low,Low
11245,Karen Lopez,karenlopez1245@attrisense-org.com,24,Female,Human Resources,Lead,15829,12,Low,Average,Yes,Average,1,24.68,26.3,Low,Low
11246,Emma Patel,emmapatel1246@attrisense-org.com,52,Non-binary,Marketing,Entry,5804,10,Medium,Average,No,Low,2,95.4,94.26,High,High
11247,David Martin,davidmartin1247@attrisense-org.com,38,Non-binary,Product Management,Lead,16289,12,Medium,Average,Yes,Average,1,64.43,62.46,Medium,Medium
11248,Sarah Lopez,sarahlopez1248@attrisense-org.com,36,Male,Sales & BD,Lead,16811,2,Medium,Good,Yes,High,3,29.32,30.81,Low,Low
11249,Nancy Wilson,nancywilson1249@attrisense-org.com,26,Male,Product Management,Mid-Level,7819,14,High,Poor,No,High,0,29.79,30.79,Low,Low
11250,Sanjay Johnson,sanjayjohnson1250@attrisense-org.com,36,Male,Finance,Entry,5071,3,Medium,Average,No,Average,2,28.38,27.07,Low,Low
11251,Arjun Anderson,arjunanderson1251@attrisense-org.com,23,Male,Finance,Entry,7511,7,High,Good,No,High,3,90.93,90.23,High,High
11252,Elena Sharma,elenasharma1252@attrisense-org.com,41,Non-binary,Marketing,Mid-Level,7798,10,Medium,Good,Yes,Average,1,54.61,54.3,Medium,Medium
11253,Nancy Kumar,nancykumar1253@attrisense-org.com,27,Female,Sales & BD,Lead,16438,13,Medium,Poor,No,Below Average,0,16.11,16.45,Low,Low
11254,Robert Kim,robertkim1254@attrisense-org.com,26,Male,Product Management,Entry,8131,15,Low,Poor,Yes,Average,0,21.38,20.85,Low,Low
11255,Amit Taylor,amittaylor1255@attrisense-org.com,36,Male,Engineering,Senior,15840,5,Low,Good,Yes,High,1,29.49,31.12,Low,Low
11256,Lisa Wilson,lisawilson1256@attrisense-org.com,56,Male,Engineering,Senior,15812,10,High,Average,No,Low,2,84.42,85.31,High,High
11257,Priya Rodriguez,priyarodriguez1257@attrisense-org.com,22,Male,Sales & BD,Senior,11941,12,Low,Average,No,Below Average,2,62.27,62.79,Medium,Medium
11258,Lisa Rodriguez,lisarodriguez1258@attrisense-org.com,42,Female,Product Management,Lead,14837,3,Low,Good,Yes,Low,0,32.12,32.81,Low,Low
11259,Aarav Kumar,aaravkumar1259@attrisense-org.com,58,Male,Human Resources,Mid-Level,8724,6,Medium,Good,No,Below Average,2,11.16,10.06,Low,Low
11260,Robert Smith,robertsmith1260@attrisense-org.com,23,Non-binary,Marketing,Mid-Level,8915,4,Medium,Poor,Yes,Average,3,28.51,27.59,Low,Low
11261,Arjun Kim,arjunkim1261@attrisense-org.com,49,Non-binary,Finance,Entry,8969,15,Medium,Average,No,Below Average,3,84.83,84.17,High,High
11262,Arjun Rodriguez,arjunrodriguez1262@attrisense-org.com,25,Female,Marketing,Senior,12321,7,Low,Poor,No,Low,2,50.06,51.81,Medium,Medium
11263,Amit Martinez,amitmartinez1263@attrisense-org.com,51,Non-binary,Human Resources,Lead,14924,2,Low,Good,No,Low,1,21.7,22.83,Low,Low
11264,Rahul Davis,rahuldavis1264@attrisense-org.com,57,Non-binary,Human Resources,Senior,14268,6,Low,Poor,No,Below Average,1,19.16,20.31,Low,Low
11265,Sanjay Lopez,sanjaylopez1265@attrisense-org.com,45,Non-binary,Finance,Mid-Level,9963,10,High,Poor,No,Below Average,3,17.75,16.44,Low,Low
11266,Rahul Martinez,rahulmartinez1266@attrisense-org.com,28,Non-binary,Human Resources,Lead,16902,1,Medium,Poor,No,Low,3,82.07,81.76,High,High
11267,Elena Lopez,elenalopez1267@attrisense-org.com,36,Female,Sales & BD,Executive,20813,10,Low,Good,Yes,Average,3,55.7,55.76,Medium,Medium
11268,Rahul Kim,rahulkim1268@attrisense-org.com,30,Non-binary,Finance,Entry,8873,6,Medium,Poor,No,Average,1,18.98,18.25,Low,Low
11269,James Patel,jamespatel1269@attrisense-org.com,38,Female,Product Management,Lead,16058,9,Low,Poor,No,High,1,9.56,11.16,Low,Low
11270,Emma Sharma,emmasharma1270@attrisense-org.com,31,Male,Finance,Executive,24460,5,Low,Average,No,Below Average,3,28.65,28.81,Low,Low
11271,Daniel Taylor,danieltaylor1271@attrisense-org.com,27,Female,Finance,Lead,17562,9,Low,Average,Yes,Low,3,78.91,77.48,High,High
11272,Linda Hernandez,lindahernandez1272@attrisense-org.com,42,Female,Human Resources,Mid-Level,8680,2,High,Average,No,Average,0,51.38,53.38,Medium,Medium
11273,Liam Rao,liamrao1273@attrisense-org.com,58,Male,Marketing,Executive,22969,2,Low,Average,Yes,Low,3,31.8,32.99,Low,Low
11274,Daniel Kim,danielkim1274@attrisense-org.com,37,Non-binary,Human Resources,Executive,24806,3,Medium,Good,No,Low,0,25.06,26.53,Low,Low
11275,Olivia Smith,oliviasmith1275@attrisense-org.com,44,Non-binary,Engineering,Lead,18814,5,Medium,Average,Yes,Low,1,24.24,25.6,Low,Low
11276,Olivia Hernandez,oliviahernandez1276@attrisense-org.com,45,Male,Marketing,Lead,14515,1,High,Poor,Yes,High,0,92.75,93.65,High,High
11277,Lisa Hernandez,lisahernandez1277@attrisense-org.com,31,Non-binary,Marketing,Lead,14850,9,Low,Good,Yes,Average,3,56.44,57.44,Medium,Medium
11278,Carlos Lopez,carloslopez1278@attrisense-org.com,39,Male,Finance,Mid-Level,10075,14,Medium,Average,No,Below Average,2,20.54,18.92,Low,Low
11279,Linda Smith,lindasmith1279@attrisense-org.com,27,Female,Finance,Lead,14545,13,Medium,Good,Yes,Below Average,1,13.56,13.97,Low,Low
11280,Olivia Vance,oliviavance1280@attrisense-org.com,22,Female,Finance,Senior,13700,6,Medium,Average,Yes,Below Average,0,18.13,17.33,Low,Low
11281,Neha Kim,nehakim1281@attrisense-org.com,53,Male,Sales & BD,Senior,14033,10,Low,Poor,Yes,High,3,80.3,79.68,High,High
11282,Michael Rodriguez,michaelrodriguez1282@attrisense-org.com,22,Female,Marketing,Entry,8898,5,Low,Average,Yes,Below Average,0,56.37,58.37,Medium,Medium
11283,Linda Lopez,lindalopez1283@attrisense-org.com,34,Non-binary,Finance,Lead,16006,4,Low,Average,Yes,Below Average,0,19.97,21.44,Low,Low
11284,Vikram Davis,vikramdavis1284@attrisense-org.com,39,Male,Engineering,Lead,14865,9,Low,Good,Yes,High,3,16.15,15.43,Low,Low
11285,James Vance,jamesvance1285@attrisense-org.com,27,Non-binary,Human Resources,Mid-Level,9622,12,Medium,Average,No,Average,0,11.0,10.22,Low,Low
11286,Liam Thomas,liamthomas1286@attrisense-org.com,28,Female,Marketing,Entry,7543,4,Low,Poor,No,Low,1,93.29,91.34,High,High
11287,Olivia Joshi,oliviajoshi1287@attrisense-org.com,44,Female,Engineering,Lead,17811,13,Medium,Average,No,Below Average,3,51.55,53.02,Medium,Medium
11288,Vikram Garcia,vikramgarcia1288@attrisense-org.com,33,Male,Sales & BD,Entry,5493,1,Low,Average,No,Below Average,2,11.23,11.7,Low,Low
11289,Karen Sharma,karensharma1289@attrisense-org.com,45,Non-binary,Engineering,Executive,20774,8,High,Poor,No,Below Average,0,25.95,27.54,Low,Low
11290,Vikram Chen,vikramchen1290@attrisense-org.com,27,Male,Marketing,Mid-Level,11755,11,Medium,Poor,Yes,High,2,19.04,17.52,Low,Low
11291,Vikram Kumar,vikramkumar1291@attrisense-org.com,25,Non-binary,Sales & BD,Lead,16202,4,Medium,Good,Yes,High,2,78.83,77.74,High,High
11292,David Garcia,davidgarcia1292@attrisense-org.com,37,Male,Product Management,Mid-Level,9495,1,Medium,Good,No,Below Average,2,57.84,59.31,Medium,Medium
11293,Elena Sharma,elenasharma1293@attrisense-org.com,30,Male,Product Management,Lead,18635,12,Medium,Poor,No,High,0,32.4,33.83,Low,Low
11294,Neha Hernandez,nehahernandez1294@attrisense-org.com,49,Female,Engineering,Senior,12367,4,Low,Average,Yes,High,0,20.76,22.73,Low,Low
11295,Liam Wilson,liamwilson1295@attrisense-org.com,56,Male,Human Resources,Entry,7199,3,High,Poor,Yes,Below Average,2,25.36,25.6,Low,Low
11296,John Singh,johnsingh1296@attrisense-org.com,51,Female,Product Management,Lead,18211,11,Low,Poor,Yes,Below Average,0,89.96,89.45,High,High
11297,Nancy Singh,nancysingh1297@attrisense-org.com,53,Non-binary,Human Resources,Entry,5334,3,Medium,Average,Yes,Below Average,2,47.53,47.88,Medium,Medium
11298,Robert Miller,robertmiller1298@attrisense-org.com,55,Female,Product Management,Executive,24117,5,Low,Average,No,High,2,27.92,26.48,Low,Low
11299,Emma Joshi,emmajoshi1299@attrisense-org.com,54,Non-binary,Marketing,Entry,6926,6,Medium,Average,Yes,Below Average,2,10.48,12.08,Low,Low
11300,Jessica Singh,jessicasingh1300@attrisense-org.com,48,Non-binary,Finance,Senior,11806,11,High,Average,Yes,Low,1,28.42,28.06,Low,Low
11301,Linda Smith,lindasmith1301@attrisense-org.com,32,Non-binary,Marketing,Entry,8206,15,Medium,Average,No,Average,1,84.53,82.68,High,High
11302,Vikram Martinez,vikrammartinez1302@attrisense-org.com,42,Non-binary,Product Management,Entry,7441,2,Low,Good,No,Below Average,1,49.54,50.98,Medium,Medium
11303,Sophia Patel,sophiapatel1303@attrisense-org.com,43,Male,Human Resources,Entry,4506,9,High,Poor,No,High,1,14.99,16.65,Low,Low
11304,Sophia Kumar,sophiakumar1304@attrisense-org.com,43,Female,Finance,Executive,24505,4,High,Good,Yes,High,0,23.68,23.28,Low,Low
11305,Sophia Smith,sophiasmith1305@attrisense-org.com,34,Male,Product Management,Entry,8918,2,Medium,Poor,No,Low,1,25.7,24.58,Low,Low
11306,Olivia Anderson,oliviaanderson1306@attrisense-org.com,28,Non-binary,Human Resources,Executive,24324,5,Low,Poor,Yes,Average,3,90.2,88.81,High,High
11307,Robert Smith,robertsmith1307@attrisense-org.com,54,Male,Human Resources,Entry,6160,1,Low,Poor,No,Average,0,56.72,57.51,Medium,Medium
11308,Neha Hernandez,nehahernandez1308@attrisense-org.com,55,Male,Engineering,Lead,15520,14,High,Average,Yes,Low,1,22.47,22.43,Low,Low
11309,Nancy Joshi,nancyjoshi1309@attrisense-org.com,54,Male,Human Resources,Entry,5502,1,Low,Average,Yes,Below Average,1,27.13,27.95,Low,Low
11310,Robert Williams,robertwilliams1310@attrisense-org.com,38,Female,Finance,Mid-Level,9854,14,Medium,Good,No,Low,0,12.9,11.31,Low,Low
11311,Anjali Moore,anjalimoore1311@attrisense-org.com,58,Male,Product Management,Executive,20671,1,High,Poor,No,Below Average,3,94.07,94.09,High,High
11312,Sophia Anderson,sophiaanderson1312@attrisense-org.com,44,Female,Product Management,Senior,13291,2,Low,Average,Yes,Average,3,47.14,47.14,Medium,Medium
11313,Sophia Davis,sophiadavis1313@attrisense-org.com,55,Female,Sales & BD,Senior,11567,9,High,Poor,No,Low,2,24.36,24.25,Low,Low
11314,Carlos Martin,carlosmartin1314@attrisense-org.com,30,Male,Finance,Mid-Level,7968,15,High,Good,No,Low,1,35.41,33.46,Low,Low
11315,James Anderson,jamesanderson1315@attrisense-org.com,58,Non-binary,Engineering,Executive,24212,5,Medium,Good,Yes,Below Average,1,30.94,32.41,Low,Low
11316,Liam Taylor,liamtaylor1316@attrisense-org.com,39,Female,Sales & BD,Entry,6999,11,Low,Good,Yes,Low,0,92.49,92.22,High,High
11317,Sanjay Jones,sanjayjones1317@attrisense-org.com,49,Non-binary,Engineering,Entry,5726,5,High,Poor,Yes,Average,1,52.67,51.94,Medium,Medium
11318,Neha Kim,nehakim1318@attrisense-org.com,37,Male,Human Resources,Executive,20552,2,Low,Good,No,Low,2,30.13,28.31,Low,Low
11319,Neha Kim,nehakim1319@attrisense-org.com,29,Female,Sales & BD,Senior,14768,2,High,Poor,Yes,High,0,26.56,28.49,Low,Low
11320,David Hernandez,davidhernandez1320@attrisense-org.com,27,Female,Engineering,Lead,17472,10,High,Poor,Yes,Low,3,10.67,11.62,Low,Low
11321,David Joshi,davidjoshi1321@attrisense-org.com,47,Male,Marketing,Executive,24698,6,High,Poor,No,High,2,74.04,75.8,High,High
11322,Elena Singh,elenasingh1322@attrisense-org.com,53,Male,Marketing,Entry,5518,8,Medium,Poor,No,High,3,60.03,60.0,Medium,Medium
11323,William Vance,williamvance1323@attrisense-org.com,37,Female,Product Management,Executive,23197,14,Medium,Poor,Yes,Average,1,25.09,25.09,Low,Low
11324,Nancy Johnson,nancyjohnson1324@attrisense-org.com,30,Female,Human Resources,Entry,7381,1,Medium,Average,No,High,1,20.78,19.97,Low,Low
11325,Anjali Moore,anjalimoore1325@attrisense-org.com,44,Female,Human Resources,Mid-Level,8525,1,Low,Poor,Yes,Below Average,2,12.13,11.98,Low,Low
11326,Daniel Rao,danielrao1326@attrisense-org.com,38,Non-binary,Human Resources,Mid-Level,10506,4,Medium,Poor,No,High,3,86.43,87.32,High,High
11327,Lisa Lopez,lisalopez1327@attrisense-org.com,52,Non-binary,Finance,Executive,22599,13,Low,Average,Yes,Below Average,1,50.94,50.89,Medium,Medium
11328,Sarah Thomas,sarahthomas1328@attrisense-org.com,41,Non-binary,Engineering,Senior,14712,5,Medium,Average,Yes,Average,0,16.11,14.88,Low,Low
11329,Anjali Jones,anjalijones1329@attrisense-org.com,54,Female,Marketing,Senior,12608,1,Medium,Good,Yes,Below Average,1,22.43,22.87,Low,Low
11330,Nancy Hernandez,nancyhernandez1330@attrisense-org.com,51,Non-binary,Sales & BD,Lead,16391,5,Medium,Average,No,High,1,26.56,25.22,Low,Low
11331,James Williams,jameswilliams1331@attrisense-org.com,29,Female,Sales & BD,Mid-Level,9890,13,Medium,Good,Yes,Average,1,86.88,88.62,High,High
11332,Jessica Thomas,jessicathomas1332@attrisense-org.com,42,Non-binary,Engineering,Executive,22522,9,Low,Average,Yes,Below Average,3,59.19,58.27,Medium,Medium
11333,Amit Rodriguez,amitrodriguez1333@attrisense-org.com,47,Non-binary,Human Resources,Entry,6259,13,High,Poor,Yes,Average,0,28.55,30.32,Low,Low
11334,Lucas Rao,lucasrao1334@attrisense-org.com,42,Male,Human Resources,Executive,21782,10,Medium,Good,No,Low,3,11.81,12.07,Low,Low
11335,Priya Lee,priyalee1335@attrisense-org.com,49,Female,Product Management,Entry,7462,10,High,Poor,Yes,Low,3,21.32,20.88,Low,Low
11336,Nancy Martinez,nancymartinez1336@attrisense-org.com,23,Male,Engineering,Senior,14419,8,Medium,Poor,No,Below Average,3,82.16,81.19,High,High
11337,David Smith,davidsmith1337@attrisense-org.com,46,Non-binary,Marketing,Senior,14055,4,Medium,Poor,Yes,High,0,57.55,59.07,Medium,Medium
11338,Aarav Davis,aaravdavis1338@attrisense-org.com,28,Non-binary,Engineering,Mid-Level,9557,1,Low,Poor,No,Average,3,27.8,26.99,Low,Low
11339,Lisa Singh,lisasingh1339@attrisense-org.com,54,Female,Finance,Senior,12419,9,Medium,Average,No,Below Average,0,15.74,13.93,Low,Low
11340,Sarah Martin,sarahmartin1340@attrisense-org.com,57,Non-binary,Sales & BD,Lead,15811,1,Low,Good,No,High,1,23.68,22.55,Low,Low
11341,Elena Hernandez,elenahernandez1341@attrisense-org.com,52,Male,Engineering,Entry,5976,14,Low,Poor,Yes,High,2,88.09,89.42,High,High
11342,Anjali Kumar,anjalikumar1342@attrisense-org.com,48,Female,Engineering,Executive,22653,3,High,Average,Yes,High,3,48.53,47.41,Medium,Medium
11343,Sarah Chen,sarahchen1343@attrisense-org.com,54,Female,Human Resources,Lead,16631,4,Medium,Poor,Yes,Low,0,18.0,16.45,Low,Low
11344,Priya Wilson,priyawilson1344@attrisense-org.com,56,Female,Product Management,Entry,4775,3,Medium,Poor,No,Average,0,26.63,28.51,Low,Low
11345,Lucas Patel,lucaspatel1345@attrisense-org.com,24,Male,Engineering,Entry,5777,8,Medium,Average,No,High,0,28.46,29.37,Low,Low
11346,Olivia Rao,oliviarao1346@attrisense-org.com,39,Non-binary,Sales & BD,Mid-Level,10876,14,Low,Poor,No,High,2,77.13,76.28,High,High
11347,Karen Patel,karenpatel1347@attrisense-org.com,42,Male,Marketing,Lead,15251,11,Low,Average,No,Below Average,1,54.27,55.96,Medium,Medium
11348,Robert Chen,robertchen1348@attrisense-org.com,36,Male,Sales & BD,Lead,17464,2,High,Good,No,Average,3,20.36,20.92,Low,Low
11349,Arjun Martin,arjunmartin1349@attrisense-org.com,34,Non-binary,Human Resources,Executive,21381,1,Low,Average,Yes,Below Average,3,22.26,21.99,Low,Low
11350,Lucas Anderson,lucasanderson1350@attrisense-org.com,23,Male,Marketing,Senior,12227,13,Medium,Good,Yes,Average,2,17.84,18.82,Low,Low
11351,Sanjay Williams,sanjaywilliams1351@attrisense-org.com,56,Female,Finance,Lead,17791,11,Medium,Poor,No,Low,0,77.36,77.06,High,High
11352,Liam Moore,liammoore1352@attrisense-org.com,27,Female,Human Resources,Mid-Level,8272,10,Medium,Poor,No,Low,2,57.64,58.73,Medium,Medium
11353,Amit Chen,amitchen1353@attrisense-org.com,57,Male,Marketing,Executive,24284,13,High,Poor,Yes,Below Average,0,20.39,22.21,Low,Low
11354,Karen Brown,karenbrown1354@attrisense-org.com,45,Female,Engineering,Entry,5101,7,Low,Average,No,High,0,29.69,30.71,Low,Low
11355,Sophia Smith,sophiasmith1355@attrisense-org.com,38,Male,Sales & BD,Lead,15873,13,Medium,Average,No,Average,2,20.85,21.32,Low,Low
11356,Sophia Kumar,sophiakumar1356@attrisense-org.com,31,Female,Product Management,Mid-Level,11180,11,High,Good,No,Below Average,1,79.72,78.0,High,High
11357,Emma Chen,emmachen1357@attrisense-org.com,52,Female,Product Management,Mid-Level,10613,3,High,Poor,Yes,Average,0,61.5,61.29,Medium,Medium
11358,Sanjay Lopez,sanjaylopez1358@attrisense-org.com,33,Male,Sales & BD,Executive,21718,15,Medium,Average,No,Low,1,32.89,31.93,Low,Low
11359,Rahul Anderson,rahulanderson1359@attrisense-org.com,33,Male,Product Management,Lead,15027,14,High,Good,No,Below Average,3,19.35,20.06,Low,Low
11360,Anjali Davis,anjalidavis1360@attrisense-org.com,39,Male,Engineering,Executive,23107,15,High,Poor,No,High,0,20.87,19.99,Low,Low
11361,Arjun Hernandez,arjunhernandez1361@attrisense-org.com,44,Female,Human Resources,Executive,23350,12,Medium,Good,No,High,3,78.74,80.43,High,High
11362,Vikram Lee,vikramlee1362@attrisense-org.com,38,Non-binary,Human Resources,Lead,15222,14,Medium,Poor,Yes,Below Average,2,52.09,52.08,Medium,Medium
11363,Arjun Joshi,arjunjoshi1363@attrisense-org.com,58,Non-binary,Product Management,Mid-Level,10087,15,High,Average,Yes,High,3,30.37,31.65,Low,Low
11364,Lisa Anderson,lisaanderson1364@attrisense-org.com,22,Female,Finance,Senior,15748,4,Low,Good,Yes,Low,0,31.23,29.3,Low,Low
11365,Lisa Rodriguez,lisarodriguez1365@attrisense-org.com,55,Non-binary,Finance,Executive,21465,9,Low,Average,Yes,Low,1,31.18,32.9,Low,Low
11366,Lisa Singh,lisasingh1366@attrisense-org.com,44,Male,Sales & BD,Senior,15888,10,Medium,Poor,Yes,Low,1,83.43,84.3,High,High
11367,Sophia Lopez,sophialopez1367@attrisense-org.com,51,Female,Finance,Entry,8268,10,Medium,Average,Yes,Low,3,60.36,61.05,Medium,Medium
11368,Sarah Rodriguez,sarahrodriguez1368@attrisense-org.com,24,Male,Marketing,Entry,7722,13,Low,Good,No,Below Average,1,21.3,23.27,Low,Low
11369,Neha Thomas,nehathomas1369@attrisense-org.com,29,Female,Engineering,Entry,5614,12,Low,Average,Yes,Low,0,15.08,14.82,Low,Low
11370,Olivia Patel,oliviapatel1370@attrisense-org.com,46,Female,Human Resources,Lead,15994,9,Medium,Poor,No,Low,3,17.78,17.29,Low,Low
11371,Sanjay Williams,sanjaywilliams1371@attrisense-org.com,38,Non-binary,Marketing,Entry,8100,2,Low,Average,No,Below Average,3,84.65,84.28,High,High
11372,Rahul Lee,rahullee1372@attrisense-org.com,39,Female,Engineering,Entry,5863,11,Low,Poor,Yes,High,2,55.46,54.37,Medium,Medium
11373,Aarav Singh,aaravsingh1373@attrisense-org.com,31,Male,Sales & BD,Mid-Level,11460,10,Low,Good,Yes,Low,1,16.29,14.69,Low,Low
11374,Linda Martinez,lindamartinez1374@attrisense-org.com,36,Male,Marketing,Mid-Level,9434,7,Low,Average,Yes,Low,3,27.23,28.25,Low,Low
11375,Michael Martinez,michaelmartinez1375@attrisense-org.com,38,Male,Product Management,Senior,14387,3,Low,Average,Yes,High,3,9.79,10.15,Low,Low
11376,Emma Smith,emmasmith1376@attrisense-org.com,46,Non-binary,Marketing,Executive,21031,2,Low,Good,Yes,High,2,79.05,79.66,High,High
11377,Anjali Miller,anjalimiller1377@attrisense-org.com,32,Male,Marketing,Executive,24415,12,Medium,Average,Yes,Below Average,3,62.46,60.95,Medium,Medium
11378,Olivia Wilson,oliviawilson1378@attrisense-org.com,49,Female,Engineering,Lead,15867,14,Medium,Poor,Yes,Average,2,30.83,32.82,Low,Low
11379,Nancy Singh,nancysingh1379@attrisense-org.com,55,Male,Product Management,Mid-Level,11886,9,Low,Average,No,High,3,27.18,25.78,Low,Low
11380,Vikram Kim,vikramkim1380@attrisense-org.com,47,Female,Engineering,Executive,23899,10,High,Average,Yes,Average,2,25.87,27.45,Low,Low
11381,Daniel Vance,danielvance1381@attrisense-org.com,38,Male,Product Management,Entry,6572,8,Low,Average,Yes,High,3,84.55,85.6,High,High
11382,Priya Brown,priyabrown1382@attrisense-org.com,37,Female,Marketing,Senior,15858,4,Medium,Good,Yes,High,3,52.59,54.35,Medium,Medium
11383,Carlos Thomas,carlosthomas1383@attrisense-org.com,54,Non-binary,Sales & BD,Lead,15326,11,High,Average,No,Low,1,34.78,33.93,Low,Low
11384,Lucas Anderson,lucasanderson1384@attrisense-org.com,50,Female,Marketing,Senior,15567,12,High,Good,No,Average,3,13.92,12.23,Low,Low
11385,Sarah Miller,sarahmiller1385@attrisense-org.com,34,Non-binary,Marketing,Lead,17121,14,Low,Average,Yes,Average,2,31.61,31.53,Low,Low
11386,Carlos Rao,carlosrao1386@attrisense-org.com,43,Non-binary,Human Resources,Mid-Level,8661,5,Low,Poor,No,Average,0,88.51,89.02,High,High
11387,Nancy Thomas,nancythomas1387@attrisense-org.com,53,Male,Finance,Mid-Level,7942,5,High,Good,No,Average,2,61.86,63.52,Medium,Medium
11388,Sanjay Jones,sanjayjones1388@attrisense-org.com,58,Male,Marketing,Senior,13698,2,Medium,Average,Yes,Average,3,10.82,12.29,Low,Low
11389,Amit Brown,amitbrown1389@attrisense-org.com,48,Female,Human Resources,Executive,24044,2,Low,Poor,No,Average,3,27.98,29.68,Low,Low
11390,Arjun Garcia,arjungarcia1390@attrisense-org.com,41,Male,Sales & BD,Lead,16589,12,Low,Good,Yes,Low,3,23.37,23.63,Low,Low
11391,Elena Jones,elenajones1391@attrisense-org.com,31,Non-binary,Finance,Lead,16817,10,High,Good,Yes,Below Average,0,93.23,94.28,High,High
11392,William Jones,williamjones1392@attrisense-org.com,31,Non-binary,Finance,Lead,18538,9,Low,Average,No,Below Average,0,49.22,49.96,Medium,Medium
11393,David Joshi,davidjoshi1393@attrisense-org.com,47,Non-binary,Marketing,Lead,16968,1,Medium,Good,No,High,3,30.02,29.22,Low,Low
11394,Carlos Rodriguez,carlosrodriguez1394@attrisense-org.com,40,Non-binary,Sales & BD,Mid-Level,8369,1,Medium,Good,Yes,High,1,26.92,27.65,Low,Low
11395,Karen Davis,karendavis1395@attrisense-org.com,38,Male,Human Resources,Lead,17659,8,High,Poor,Yes,Average,3,14.83,16.53,Low,Low
11396,Carlos Jones,carlosjones1396@attrisense-org.com,32,Male,Sales & BD,Entry,6637,15,Medium,Average,Yes,Below Average,3,80.17,79.05,High,High
11397,Rahul Lee,rahullee1397@attrisense-org.com,31,Female,Product Management,Entry,8870,10,High,Average,Yes,Low,3,54.73,56.11,Medium,Medium
11398,Emma Rodriguez,emmarodriguez1398@attrisense-org.com,48,Male,Marketing,Entry,7508,13,Medium,Poor,No,Low,2,13.8,13.94,Low,Low
11399,Nancy Joshi,nancyjoshi1399@attrisense-org.com,39,Female,Product Management,Executive,22206,1,Low,Good,Yes,High,2,19.9,19.76,Low,Low
11400,Liam Singh,liamsingh1400@attrisense-org.com,51,Female,Product Management,Lead,16106,2,Medium,Average,Yes,Average,0,31.98,33.15,Low,Low
11401,David Lopez,davidlopez1401@attrisense-org.com,58,Male,Sales & BD,Entry,8975,7,Low,Average,Yes,Low,0,80.23,81.17,High,High
11402,Jessica Kim,jessicakim1402@attrisense-org.com,35,Male,Finance,Executive,23822,2,High,Good,Yes,Low,3,45.91,47.28,Medium,Medium
11403,John Thomas,johnthomas1403@attrisense-org.com,53,Non-binary,Sales & BD,Executive,21915,4,Medium,Good,No,Average,0,27.78,26.47,Low,Low
11404,Aarav Rodriguez,aaravrodriguez1404@attrisense-org.com,24,Male,Finance,Mid-Level,10281,14,Medium,Good,No,Average,2,24.89,26.73,Low,Low
11405,Daniel Davis,danieldavis1405@attrisense-org.com,39,Non-binary,Marketing,Lead,17427,15,High,Poor,Yes,Average,0,29.37,30.06,Low,Low
11406,Lisa Williams,lisawilliams1406@attrisense-org.com,52,Female,Human Resources,Mid-Level,8293,7,High,Good,No,High,0,75.81,76.82,High,High
11407,Sanjay Patel,sanjaypatel1407@attrisense-org.com,31,Non-binary,Sales & BD,Entry,7666,9,High,Good,No,Below Average,2,51.81,51.76,Medium,Medium
11408,Lisa Miller,lisamiller1408@attrisense-org.com,40,Non-binary,Marketing,Senior,13435,1,High,Poor,No,Below Average,0,25.29,26.25,Low,Low
11409,David Martin,davidmartin1409@attrisense-org.com,30,Male,Sales & BD,Mid-Level,8964,4,High,Average,No,Low,1,31.9,33.78,Low,Low
11410,Nancy Martin,nancymartin1410@attrisense-org.com,26,Male,Product Management,Lead,14589,4,High,Poor,Yes,High,3,19.52,19.71,Low,Low
11411,David Moore,davidmoore1411@attrisense-org.com,31,Female,Product Management,Lead,15855,9,High,Good,No,Below Average,1,88.96,89.96,High,High
11412,Aarav Rodriguez,aaravrodriguez1412@attrisense-org.com,50,Female,Human Resources,Entry,7719,10,Low,Average,No,Low,3,55.0,53.78,Medium,Medium
11413,Lisa Lopez,lisalopez1413@attrisense-org.com,38,Female,Sales & BD,Executive,22636,7,Low,Average,Yes,High,0,11.41,13.36,Low,Low
11414,David Martinez,davidmartinez1414@attrisense-org.com,23,Male,Product Management,Mid-Level,8506,14,High,Average,No,Average,3,31.86,29.93,Low,Low
11415,Emma Lopez,emmalopez1415@attrisense-org.com,58,Female,Human Resources,Lead,16761,1,Low,Good,Yes,Low,0,14.43,13.14,Low,Low
11416,Daniel Martinez,danielmartinez1416@attrisense-org.com,48,Female,Sales & BD,Lead,17298,14,Low,Poor,Yes,Average,1,82.96,82.44,High,High
11417,Rahul Kim,rahulkim1417@attrisense-org.com,25,Male,Engineering,Entry,6694,13,High,Poor,No,Low,0,57.58,57.25,Medium,Medium
11418,Linda Martin,lindamartin1418@attrisense-org.com,55,Non-binary,Sales & BD,Entry,7433,8,Medium,Good,No,Low,3,17.46,16.21,Low,Low
11419,Karen Thomas,karenthomas1419@attrisense-org.com,28,Female,Human Resources,Lead,16899,6,Medium,Average,No,High,0,8.78,10.52,Low,Low
11420,Daniel Lopez,daniellopez1420@attrisense-org.com,35,Non-binary,Engineering,Entry,7876,2,Medium,Good,Yes,Average,2,31.43,31.66,Low,Low
11421,Robert Taylor,roberttaylor1421@attrisense-org.com,31,Male,Finance,Entry,8625,2,High,Average,No,Below Average,2,79.2,77.58,High,High
11422,Aarav Williams,aaravwilliams1422@attrisense-org.com,48,Female,Finance,Mid-Level,10962,7,High,Good,No,Average,2,60.09,60.76,Medium,Medium
11423,Robert Jones,robertjones1423@attrisense-org.com,41,Male,Engineering,Senior,14988,8,High,Average,No,Average,1,10.86,11.02,Low,Low
11424,Jessica Kim,jessicakim1424@attrisense-org.com,48,Non-binary,Engineering,Mid-Level,11514,10,Low,Good,No,Low,1,14.33,14.03,Low,Low
11425,Nancy Vance,nancyvance1425@attrisense-org.com,42,Non-binary,Marketing,Lead,18052,7,High,Good,Yes,Below Average,1,29.3,29.72,Low,Low
11426,Lucas Miller,lucasmiller1426@attrisense-org.com,34,Male,Finance,Executive,20603,4,Low,Poor,No,Below Average,1,76.32,75.59,High,High
11427,Lucas Jones,lucasjones1427@attrisense-org.com,58,Non-binary,Product Management,Senior,12544,4,Medium,Good,Yes,Average,0,47.14,48.28,Medium,Medium
11428,Robert Kim,robertkim1428@attrisense-org.com,57,Non-binary,Human Resources,Mid-Level,8242,2,High,Poor,No,Average,2,13.61,14.49,Low,Low
11429,Michael Jones,michaeljones1429@attrisense-org.com,24,Non-binary,Finance,Mid-Level,8565,11,High,Poor,Yes,Low,3,29.34,31.2,Low,Low
11430,Robert Vance,robertvance1430@attrisense-org.com,53,Non-binary,Marketing,Entry,8163,10,High,Average,No,High,0,23.84,24.86,Low,Low
11431,Michael Smith,michaelsmith1431@attrisense-org.com,38,Non-binary,Marketing,Senior,13120,8,Medium,Poor,Yes,Low,1,80.55,80.9,High,High
11432,Anjali Moore,anjalimoore1432@attrisense-org.com,48,Non-binary,Product Management,Lead,17005,3,Medium,Average,Yes,Low,0,53.7,55.46,Medium,Medium
11433,Neha Hernandez,nehahernandez1433@attrisense-org.com,50,Non-binary,Finance,Mid-Level,8415,5,Medium,Good,No,Average,0,15.26,16.71,Low,Low
11434,Sarah Lee,sarahlee1434@attrisense-org.com,35,Female,Product Management,Entry,7414,7,Low,Good,No,Average,2,16.33,14.79,Low,Low
11435,Amit Thomas,amitthomas1435@attrisense-org.com,46,Non-binary,Marketing,Mid-Level,11145,14,High,Poor,Yes,Average,3,23.14,22.62,Low,Low
11436,Olivia Kim,oliviakim1436@attrisense-org.com,58,Male,Human Resources,Senior,13787,1,Medium,Good,Yes,High,2,92.22,91.04,High,High
11437,Rahul Martinez,rahulmartinez1437@attrisense-org.com,22,Male,Sales & BD,Entry,5652,5,Medium,Average,No,High,0,64.93,63.8,Medium,Medium
11438,Sophia Kumar,sophiakumar1438@attrisense-org.com,36,Non-binary,Finance,Executive,22311,2,Low,Poor,No,Low,3,18.8,18.62,Low,Low
11439,Daniel Davis,danieldavis1439@attrisense-org.com,29,Female,Engineering,Mid-Level,9741,15,High,Good,Yes,Average,1,23.28,21.63,Low,Low
11440,Jessica Taylor,jessicataylor1440@attrisense-org.com,44,Female,Marketing,Lead,16012,9,High,Average,Yes,Low,0,21.61,22.06,Low,Low
11441,Michael Martinez,michaelmartinez1441@attrisense-org.com,47,Non-binary,Product Management,Mid-Level,11447,6,Medium,Good,Yes,Average,1,77.88,78.6,High,High
11442,Sanjay Kumar,sanjaykumar1442@attrisense-org.com,34,Non-binary,Product Management,Lead,14946,12,Low,Good,No,High,3,50.74,49.16,Medium,Medium
11443,Emma Jones,emmajones1443@attrisense-org.com,42,Non-binary,Finance,Lead,15804,11,Medium,Poor,Yes,Low,0,26.91,28.68,Low,Low
11444,Priya Taylor,priyataylor1444@attrisense-org.com,55,Female,Product Management,Senior,13307,15,Low,Good,Yes,Average,0,33.92,33.8,Low,Low
11445,Sanjay Kumar,sanjaykumar1445@attrisense-org.com,37,Non-binary,Engineering,Entry,5029,2,Low,Good,No,Low,0,30.4,28.4,Low,Low
11446,Olivia Garcia,oliviagarcia1446@attrisense-org.com,53,Male,Marketing,Senior,15590,8,Low,Average,Yes,Average,0,92.88,94.48,High,High
11447,Aarav Sharma,aaravsharma1447@attrisense-org.com,23,Female,Finance,Entry,4761,1,High,Poor,Yes,Average,1,56.55,57.48,Medium,Medium
11448,Rahul Taylor,rahultaylor1448@attrisense-org.com,57,Non-binary,Human Resources,Mid-Level,10355,7,Medium,Good,No,Average,3,31.26,29.59,Low,Low
11449,Elena Wilson,elenawilson1449@attrisense-org.com,56,Female,Engineering,Senior,12538,15,Low,Average,No,Low,2,13.33,11.34,Low,Low
11450,Anjali Wilson,anjaliwilson1450@attrisense-org.com,58,Non-binary,Sales & BD,Lead,16092,1,Medium,Good,Yes,High,1,16.66,15.27,Low,Low
11451,Rahul Thomas,rahulthomas1451@attrisense-org.com,37,Male,Marketing,Mid-Level,9141,2,Medium,Good,No,Low,2,90.37,90.95,High,High
11452,John Hernandez,johnhernandez1452@attrisense-org.com,42,Female,Finance,Lead,18979,1,High,Poor,No,High,3,62.33,60.95,Medium,Medium
11453,Emma Hernandez,emmahernandez1453@attrisense-org.com,33,Female,Human Resources,Senior,14253,3,Medium,Good,No,Below Average,2,14.6,14.23,Low,Low
11454,Sanjay Brown,sanjaybrown1454@attrisense-org.com,56,Female,Finance,Senior,15193,12,Medium,Poor,No,High,3,30.14,29.35,Low,Low
11455,Lucas Lee,lucaslee1455@attrisense-org.com,57,Female,Finance,Mid-Level,10035,4,High,Average,Yes,Average,0,30.05,31.94,Low,Low
11456,Anjali Taylor,anjalitaylor1456@attrisense-org.com,38,Non-binary,Product Management,Senior,12169,8,High,Good,No,Below Average,2,90.8,89.01,High,High
11457,Jessica Joshi,jessicajoshi1457@attrisense-org.com,40,Male,Sales & BD,Senior,14009,7,Medium,Good,No,Below Average,0,55.96,55.71,Medium,Medium
11458,James Thomas,jamesthomas1458@attrisense-org.com,42,Male,Sales & BD,Executive,22138,12,Low,Poor,No,Low,2,16.47,14.52,Low,Low
11459,Michael Williams,michaelwilliams1459@attrisense-org.com,36,Female,Human Resources,Lead,15533,15,High,Poor,Yes,High,3,31.13,31.16,Low,Low
11460,Sophia Miller,sophiamiller1460@attrisense-org.com,51,Female,Engineering,Entry,6429,13,High,Good,Yes,Below Average,2,17.38,17.42,Low,Low
11461,William Lopez,williamlopez1461@attrisense-org.com,32,Non-binary,Sales & BD,Mid-Level,8844,1,Low,Poor,No,High,2,75.74,76.81,High,High
11462,Aarav Rao,aaravrao1462@attrisense-org.com,49,Male,Sales & BD,Lead,15709,8,Medium,Average,Yes,Low,3,49.27,49.16,Medium,Medium
11463,Rahul Vance,rahulvance1463@attrisense-org.com,56,Male,Product Management,Entry,8367,9,Medium,Poor,No,Average,1,11.69,10.02,Low,Low
11464,Sophia Anderson,sophiaanderson1464@attrisense-org.com,35,Female,Sales & BD,Mid-Level,8818,5,Medium,Poor,Yes,Below Average,1,13.36,14.84,Low,Low
11465,Liam Kim,liamkim1465@attrisense-org.com,55,Female,Marketing,Mid-Level,7501,13,Medium,Poor,Yes,Low,0,28.89,27.21,Low,Low
11466,Nancy Rao,nancyrao1466@attrisense-org.com,57,Female,Finance,Entry,8614,2,High,Good,Yes,Average,2,91.18,91.89,High,High
11467,Elena Sharma,elenasharma1467@attrisense-org.com,50,Male,Engineering,Executive,21759,13,Medium,Good,No,High,2,45.77,45.42,Medium,Medium
11468,Arjun Sharma,arjunsharma1468@attrisense-org.com,42,Non-binary,Sales & BD,Lead,17448,15,Low,Average,No,Average,0,33.11,32.01,Low,Low
11469,Sophia Davis,sophiadavis1469@attrisense-org.com,54,Female,Product Management,Senior,11845,7,Low,Poor,Yes,Below Average,2,31.76,30.32,Low,Low
11470,Neha Anderson,nehaanderson1470@attrisense-org.com,24,Non-binary,Human Resources,Senior,13514,14,Low,Good,No,Below Average,0,32.54,33.05,Low,Low
11471,Nancy Davis,nancydavis1471@attrisense-org.com,30,Non-binary,Human Resources,Lead,17664,12,Low,Good,Yes,Below Average,3,93.42,93.84,High,High
11472,Neha Jones,nehajones1472@attrisense-org.com,33,Non-binary,Human Resources,Mid-Level,11889,9,Medium,Poor,Yes,Low,2,46.13,46.92,Medium,Medium
11473,Anjali Martin,anjalimartin1473@attrisense-org.com,51,Non-binary,Finance,Senior,14493,6,High,Poor,Yes,Average,1,11.9,13.27,Low,Low
11474,Vikram Martinez,vikrammartinez1474@attrisense-org.com,42,Female,Marketing,Mid-Level,9948,13,Low,Poor,No,Below Average,3,33.94,32.77,Low,Low
11475,Neha Joshi,nehajoshi1475@attrisense-org.com,22,Male,Sales & BD,Entry,7821,7,Medium,Good,No,Low,2,33.66,33.06,Low,Low
11476,Olivia Thomas,oliviathomas1476@attrisense-org.com,30,Non-binary,Finance,Entry,8890,15,Medium,Average,No,Below Average,3,80.35,78.48,High,High
11477,John Thomas,johnthomas1477@attrisense-org.com,31,Female,Finance,Senior,11629,9,High,Good,Yes,Below Average,0,59.9,58.18,Medium,Medium
11478,Sophia Miller,sophiamiller1478@attrisense-org.com,53,Male,Marketing,Executive,21840,9,Medium,Poor,No,Below Average,2,27.78,28.89,Low,Low
11479,Emma Anderson,emmaanderson1479@attrisense-org.com,49,Non-binary,Sales & BD,Mid-Level,8538,4,Medium,Average,Yes,Below Average,1,22.83,24.13,Low,Low
11480,Amit Martin,amitmartin1480@attrisense-org.com,37,Female,Marketing,Executive,20792,13,High,Poor,Yes,Below Average,3,18.11,17.36,Low,Low
11481,Nancy Singh,nancysingh1481@attrisense-org.com,40,Female,Product Management,Mid-Level,11354,6,Medium,Average,Yes,Average,2,78.47,77.55,High,High
11482,Aarav Wilson,aaravwilson1482@attrisense-org.com,34,Non-binary,Product Management,Mid-Level,11001,5,High,Good,Yes,High,1,64.82,63.03,Medium,Medium
11483,Robert Thomas,robertthomas1483@attrisense-org.com,27,Female,Engineering,Senior,15589,1,Medium,Poor,Yes,Average,3,21.38,19.4,Low,Low
11484,Arjun Hernandez,arjunhernandez1484@attrisense-org.com,48,Non-binary,Engineering,Executive,22157,4,Low,Good,No,High,3,31.29,33.16,Low,Low
11485,Arjun Smith,arjunsmith1485@attrisense-org.com,44,Female,Product Management,Senior,15564,2,Medium,Good,Yes,Average,3,26.14,24.46,Low,Low
11486,William Davis,williamdavis1486@attrisense-org.com,24,Non-binary,Engineering,Entry,8248,10,Medium,Average,Yes,Below Average,1,93.23,94.35,High,High
11487,Priya Kumar,priyakumar1487@attrisense-org.com,45,Male,Marketing,Entry,6636,8,Low,Poor,No,Low,3,57.5,55.75,Medium,Medium
11488,James Rodriguez,jamesrodriguez1488@attrisense-org.com,27,Male,Product Management,Lead,16859,14,Low,Average,No,Average,2,14.36,13.38,Low,Low
11489,Olivia Johnson,oliviajohnson1489@attrisense-org.com,22,Male,Marketing,Lead,18049,1,Low,Poor,No,Below Average,1,17.64,15.71,Low,Low
11490,Neha Chen,nehachen1490@attrisense-org.com,54,Female,Marketing,Senior,15768,5,Medium,Average,No,High,3,15.57,14.03,Low,Low
11491,Rahul Wilson,rahulwilson1491@attrisense-org.com,48,Non-binary,Engineering,Senior,12461,2,Medium,Poor,No,High,3,77.61,76.77,High,High
11492,Olivia Chen,oliviachen1492@attrisense-org.com,44,Male,Marketing,Lead,17737,2,High,Good,No,Low,1,58.69,57.14,Medium,Medium
11493,John Kumar,johnkumar1493@attrisense-org.com,44,Non-binary,Sales & BD,Lead,15452,6,High,Poor,Yes,Average,2,19.78,20.72,Low,Low
11494,Priya Kumar,priyakumar1494@attrisense-org.com,36,Male,Sales & BD,Mid-Level,9063,13,Medium,Average,Yes,Average,0,14.26,15.99,Low,Low
11495,Arjun Brown,arjunbrown1495@attrisense-org.com,45,Female,Engineering,Mid-Level,9013,10,High,Average,Yes,Average,2,14.59,16.16,Low,Low
11496,Sophia Davis,sophiadavis1496@attrisense-org.com,36,Female,Human Resources,Executive,21324,3,Medium,Poor,Yes,Low,1,74.57,75.03,High,High
11497,Jessica Sharma,jessicasharma1497@attrisense-org.com,35,Female,Human Resources,Entry,7915,1,Medium,Average,Yes,Low,2,60.8,58.92,Medium,Medium
11498,Arjun Rodriguez,arjunrodriguez1498@attrisense-org.com,30,Female,Engineering,Senior,15947,13,Medium,Poor,Yes,Below Average,3,31.2,31.23,Low,Low
11499,Amit Williams,amitwilliams1499@attrisense-org.com,43,Female,Marketing,Entry,8953,7,Low,Average,Yes,Below Average,3,19.27,19.09,Low,Low
11500,Sarah Garcia,sarahgarcia1500@attrisense-org.com,29,Female,Finance,Executive,21229,4,High,Poor,Yes,Average,3,12.35,12.43,Low,Low
11501,Michael Chen,michaelchen1501@attrisense-org.com,31,Non-binary,Marketing,Senior,15070,10,Low,Good,Yes,High,1,92.88,92.28,High,High
11502,William Lopez,williamlopez1502@attrisense-org.com,24,Male,Sales & BD,Lead,16004,9,Medium,Poor,No,Below Average,3,56.71,58.06,Medium,Medium
11503,Jessica Kumar,jessicakumar1503@attrisense-org.com,57,Female,Marketing,Entry,6069,2,High,Poor,No,Average,1,13.15,11.77,Low,Low
11504,Michael Brown,michaelbrown1504@attrisense-org.com,53,Female,Engineering,Senior,15824,6,Medium,Average,Yes,Average,1,16.35,17.08,Low,Low
11505,Daniel Smith,danielsmith1505@attrisense-org.com,46,Female,Engineering,Lead,16573,1,Low,Poor,Yes,High,1,31.14,32.84,Low,Low
11506,Neha Williams,nehawilliams1506@attrisense-org.com,55,Female,Sales & BD,Mid-Level,11727,13,Low,Good,Yes,Average,0,77.9,78.4,High,High
11507,James Brown,jamesbrown1507@attrisense-org.com,22,Male,Product Management,Mid-Level,10993,14,High,Poor,No,Low,0,59.1,58.91,Medium,Medium
11508,Jessica Anderson,jessicaanderson1508@attrisense-org.com,37,Male,Marketing,Executive,23073,2,Medium,Average,No,Low,3,29.92,31.55,Low,Low
11509,Lisa Anderson,lisaanderson1509@attrisense-org.com,47,Non-binary,Sales & BD,Executive,22535,8,High,Average,Yes,Low,1,24.71,24.26,Low,Low
11510,Sophia Rodriguez,sophiarodriguez1510@attrisense-org.com,29,Female,Sales & BD,Senior,15148,10,Medium,Average,No,Average,2,19.71,21.59,Low,Low
11511,Linda Singh,lindasingh1511@attrisense-org.com,58,Male,Human Resources,Senior,12149,14,Low,Average,No,Low,0,92.51,93.85,High,High
11512,Karen Chen,karenchen1512@attrisense-org.com,51,Male,Finance,Entry,8220,11,Medium,Average,Yes,Low,0,60.54,61.91,Medium,Medium
11513,Arjun Taylor,arjuntaylor1513@attrisense-org.com,58,Male,Marketing,Lead,16816,15,Medium,Average,Yes,High,3,11.25,12.43,Low,Low
11514,Olivia Taylor,oliviataylor1514@attrisense-org.com,38,Non-binary,Product Management,Lead,14676,6,Low,Good,No,High,2,15.35,14.56,Low,Low
11515,Aarav Kumar,aaravkumar1515@attrisense-org.com,46,Non-binary,Finance,Entry,6938,3,Low,Average,Yes,Average,0,28.25,27.33,Low,Low
11516,Daniel Jones,danieljones1516@attrisense-org.com,31,Male,Product Management,Entry,9000,6,High,Good,Yes,Low,3,79.44,80.31,High,High
11517,Rahul Martinez,rahulmartinez1517@attrisense-org.com,58,Male,Engineering,Senior,13078,8,Low,Good,No,High,3,47.71,49.51,Medium,Medium
11518,Arjun Chen,arjunchen1518@attrisense-org.com,28,Non-binary,Sales & BD,Senior,11991,11,Low,Average,Yes,High,1,25.08,23.72,Low,Low
11519,Vikram Vance,vikramvance1519@attrisense-org.com,54,Male,Product Management,Lead,17476,3,Medium,Average,Yes,Below Average,1,13.13,13.69,Low,Low
11520,Arjun Joshi,arjunjoshi1520@attrisense-org.com,57,Male,Marketing,Mid-Level,8256,9,Medium,Good,Yes,Below Average,3,19.44,20.26,Low,Low
11521,Sarah Martin,sarahmartin1521@attrisense-org.com,37,Non-binary,Marketing,Mid-Level,7831,2,Medium,Poor,Yes,Below Average,3,88.64,88.24,High,High
11522,Rahul Joshi,rahuljoshi1522@attrisense-org.com,39,Female,Sales & BD,Entry,6920,15,Low,Average,No,Below Average,2,46.89,48.79,Medium,Medium
11523,Michael Martin,michaelmartin1523@attrisense-org.com,50,Male,Engineering,Lead,18577,6,Low,Average,Yes,High,2,13.27,14.1,Low,Low
11524,Michael Rodriguez,michaelrodriguez1524@attrisense-org.com,56,Non-binary,Finance,Lead,18323,3,Low,Average,Yes,Low,1,13.35,11.97,Low,Low
11525,Sanjay Patel,sanjaypatel1525@attrisense-org.com,25,Male,Engineering,Lead,16228,3,Medium,Good,Yes,Average,0,16.99,17.4,Low,Low
11526,Aarav Davis,aaravdavis1526@attrisense-org.com,29,Male,Human Resources,Mid-Level,9082,11,Medium,Good,No,Below Average,1,85.42,84.78,High,High
11527,Arjun Williams,arjunwilliams1527@attrisense-org.com,35,Non-binary,Sales & BD,Executive,22772,15,Low,Average,No,High,3,46.91,46.73,Medium,Medium
11528,Aarav Anderson,aaravanderson1528@attrisense-org.com,22,Non-binary,Marketing,Entry,7488,14,High,Poor,No,Below Average,3,15.98,14.44,Low,Low
11529,Sarah Patel,sarahpatel1529@attrisense-org.com,54,Female,Finance,Executive,20856,4,Low,Poor,Yes,Below Average,0,18.65,18.87,Low,Low
11530,Anjali Kumar,anjalikumar1530@attrisense-org.com,30,Female,Human Resources,Senior,15786,8,High,Average,No,Below Average,3,16.18,16.32,Low,Low
11531,Olivia Rao,oliviarao1531@attrisense-org.com,58,Non-binary,Marketing,Executive,20563,10,High,Poor,No,Low,3,78.59,79.52,High,High
11532,Rahul Patel,rahulpatel1532@attrisense-org.com,58,Female,Human Resources,Senior,11708,11,Low,Poor,No,High,1,47.18,46.17,Medium,Medium
11533,Nancy Vance,nancyvance1533@attrisense-org.com,37,Non-binary,Product Management,Senior,12526,12,Low,Good,Yes,Average,3,24.36,26.02,Low,Low
11534,William Jones,williamjones1534@attrisense-org.com,57,Non-binary,Engineering,Entry,4941,14,Medium,Average,Yes,High,1,18.42,18.25,Low,Low
11535,Michael Joshi,michaeljoshi1535@attrisense-org.com,56,Male,Sales & BD,Executive,22545,10,Low,Average,Yes,Average,3,33.66,33.3,Low,Low
11536,Amit Hernandez,amithernandez1536@attrisense-org.com,30,Non-binary,Engineering,Executive,22735,2,Low,Average,No,High,2,87.43,86.07,High,High
11537,Liam Williams,liamwilliams1537@attrisense-org.com,33,Male,Finance,Mid-Level,9818,10,Low,Average,Yes,Below Average,3,60.22,60.55,Medium,Medium
11538,Jessica Rodriguez,jessicarodriguez1538@attrisense-org.com,58,Female,Marketing,Entry,7136,11,Medium,Good,No,Below Average,2,24.32,22.85,Low,Low
11539,Lucas Joshi,lucasjoshi1539@attrisense-org.com,29,Male,Product Management,Lead,15150,15,Medium,Average,No,Low,3,22.93,21.4,Low,Low
11540,Carlos Patel,carlospatel1540@attrisense-org.com,35,Non-binary,Sales & BD,Entry,6313,9,Low,Poor,Yes,Average,3,19.75,21.43,Low,Low
11541,Nancy Joshi,nancyjoshi1541@attrisense-org.com,56,Male,Human Resources,Senior,15860,6,High,Average,Yes,High,1,93.92,93.06,High,High
11542,Olivia Jones,oliviajones1542@attrisense-org.com,41,Female,Finance,Lead,17332,8,Low,Good,Yes,Below Average,2,56.14,54.54,Medium,Medium
11543,Lucas Lee,lucaslee1543@attrisense-org.com,39,Non-binary,Product Management,Mid-Level,8098,5,Low,Good,No,High,2,29.92,29.21,Low,Low
11544,Daniel Martin,danielmartin1544@attrisense-org.com,42,Male,Product Management,Mid-Level,10994,13,Medium,Poor,No,Below Average,3,23.37,24.89,Low,Low
11545,Linda Jones,lindajones1545@attrisense-org.com,47,Non-binary,Engineering,Mid-Level,10686,9,Low,Average,No,Below Average,1,26.86,28.17,Low,Low
11546,Vikram Garcia,vikramgarcia1546@attrisense-org.com,53,Male,Product Management,Entry,8723,3,High,Average,Yes,Below Average,2,96.58,94.69,High,High
11547,Liam Davis,liamdavis1547@attrisense-org.com,43,Non-binary,Finance,Mid-Level,9852,11,High,Average,No,Average,2,58.86,60.36,Medium,Medium
11548,David Lee,davidlee1548@attrisense-org.com,33,Male,Marketing,Mid-Level,9857,2,Medium,Poor,Yes,Below Average,1,22.11,20.16,Low,Low
11549,Aarav Vance,aaravvance1549@attrisense-org.com,50,Female,Marketing,Lead,18253,8,Low,Good,No,High,2,22.44,20.45,Low,Low
11550,Arjun Kumar,arjunkumar1550@attrisense-org.com,39,Non-binary,Human Resources,Executive,24471,14,High,Average,No,Average,3,26.39,25.05,Low,Low
11551,Nancy Miller,nancymiller1551@attrisense-org.com,33,Female,Human Resources,Senior,12854,15,Low,Poor,No,Low,2,81.8,80.16,High,High
11552,Aarav Anderson,aaravanderson1552@attrisense-org.com,51,Male,Engineering,Entry,7047,10,Low,Average,Yes,Average,2,60.64,62.37,Medium,Medium
11553,Sophia Kumar,sophiakumar1553@attrisense-org.com,42,Female,Engineering,Senior,11723,3,Medium,Good,Yes,Below Average,3,18.9,19.31,Low,Low
11554,Emma Chen,emmachen1554@attrisense-org.com,24,Non-binary,Finance,Senior,12706,8,High,Poor,Yes,Average,3,16.93,17.83,Low,Low
11555,Anjali Joshi,anjalijoshi1555@attrisense-org.com,41,Non-binary,Human Resources,Senior,12968,4,Low,Good,Yes,Below Average,2,22.49,21.0,Low,Low
11556,Sarah Lopez,sarahlopez1556@attrisense-org.com,23,Non-binary,Marketing,Mid-Level,11000,2,Medium,Average,No,High,3,91.22,90.73,High,High
11557,Emma Martin,emmamartin1557@attrisense-org.com,52,Male,Human Resources,Mid-Level,8030,2,Low,Poor,No,Below Average,0,54.61,54.93,Medium,Medium
11558,Emma Patel,emmapatel1558@attrisense-org.com,33,Female,Product Management,Senior,15301,14,High,Good,No,High,2,18.54,19.95,Low,Low
11559,Priya Thomas,priyathomas1559@attrisense-org.com,30,Non-binary,Finance,Senior,11662,2,Low,Good,Yes,High,2,25.14,24.11,Low,Low
11560,Linda Jones,lindajones1560@attrisense-org.com,53,Female,Finance,Entry,4861,1,High,Poor,Yes,Average,2,34.25,32.55,Low,Low
11561,Carlos Wilson,carloswilson1561@attrisense-org.com,34,Female,Sales & BD,Lead,15043,1,High,Average,Yes,Average,2,84.65,86.25,High,High
11562,John Kim,johnkim1562@attrisense-org.com,52,Male,Human Resources,Senior,11677,3,Low,Good,No,Average,1,50.58,50.44,Medium,Medium
11563,Anjali Sharma,anjalisharma1563@attrisense-org.com,41,Male,Product Management,Entry,7029,7,Low,Poor,Yes,Average,3,17.89,18.25,Low,Low
11564,Michael Hernandez,michaelhernandez1564@attrisense-org.com,24,Male,Marketing,Entry,7507,14,Medium,Good,No,Below Average,0,19.13,19.19,Low,Low
11565,John Hernandez,johnhernandez1565@attrisense-org.com,54,Non-binary,Engineering,Executive,24255,12,High,Average,Yes,Low,2,22.77,24.62,Low,Low
11566,Anjali Garcia,anjaligarcia1566@attrisense-org.com,48,Female,Engineering,Senior,15052,12,Medium,Average,No,Average,1,79.09,80.51,High,High
11567,Sophia Martinez,sophiamartinez1567@attrisense-org.com,58,Male,Sales & BD,Senior,13519,14,Medium,Average,No,Average,2,57.33,56.56,Medium,Medium
11568,Neha Johnson,nehajohnson1568@attrisense-org.com,33,Non-binary,Marketing,Entry,7876,3,High,Average,No,Average,2,12.49,10.93,Low,Low
11569,Neha Sharma,nehasharma1569@attrisense-org.com,48,Male,Human Resources,Mid-Level,8079,8,Low,Good,No,High,0,16.91,17.96,Low,Low
11570,Lisa Rodriguez,lisarodriguez1570@attrisense-org.com,50,Female,Sales & BD,Senior,14275,6,High,Poor,No,Low,1,29.58,27.9,Low,Low
11571,David Williams,davidwilliams1571@attrisense-org.com,26,Male,Sales & BD,Executive,22994,2,Medium,Good,No,Average,1,91.02,92.94,High,High
11572,William Davis,williamdavis1572@attrisense-org.com,55,Non-binary,Human Resources,Lead,15754,7,Low,Poor,Yes,High,2,59.74,60.53,Medium,Medium
11573,Elena Rao,elenarao1573@attrisense-org.com,36,Female,Product Management,Executive,24012,10,High,Good,Yes,Below Average,3,16.7,16.73,Low,Low
11574,Vikram Wilson,vikramwilson1574@attrisense-org.com,57,Male,Product Management,Executive,21112,7,Medium,Average,Yes,Low,1,25.1,26.71,Low,Low
11575,Karen Sharma,karensharma1575@attrisense-org.com,30,Female,Finance,Entry,7784,10,Low,Average,Yes,Low,3,29.39,30.85,Low,Low
11576,Karen Rodriguez,karenrodriguez1576@attrisense-org.com,56,Male,Engineering,Executive,24963,7,High,Good,No,Below Average,0,94.25,94.48,High,High
11577,Vikram Joshi,vikramjoshi1577@attrisense-org.com,57,Male,Engineering,Entry,8780,4,High,Average,No,High,3,59.77,60.69,Medium,Medium
11578,Olivia Kim,oliviakim1578@attrisense-org.com,46,Non-binary,Engineering,Senior,14142,15,Medium,Average,No,Average,1,20.58,20.0,Low,Low
11579,Sanjay Kim,sanjaykim1579@attrisense-org.com,27,Male,Finance,Lead,17460,10,High,Average,No,Average,2,13.36,14.51,Low,Low
11580,Vikram Garcia,vikramgarcia1580@attrisense-org.com,37,Non-binary,Engineering,Mid-Level,8748,4,High,Good,Yes,High,0,30.74,29.78,Low,Low
11581,Daniel Chen,danielchen1581@attrisense-org.com,50,Female,Product Management,Executive,22898,8,High,Poor,No,Low,2,91.66,90.19,High,High
11582,Carlos Chen,carloschen1582@attrisense-org.com,45,Female,Engineering,Executive,21320,5,Low,Average,Yes,Average,0,60.66,60.6,Medium,Medium
11583,Amit Taylor,amittaylor1583@attrisense-org.com,36,Female,Product Management,Senior,12464,9,Medium,Poor,No,High,0,13.06,13.82,Low,Low
11584,Sophia Brown,sophiabrown1584@attrisense-org.com,53,Non-binary,Marketing,Entry,7133,9,High,Good,Yes,High,3,20.7,22.16,Low,Low
11585,Arjun Martin,arjunmartin1585@attrisense-org.com,25,Non-binary,Engineering,Senior,12288,15,High,Poor,No,High,0,31.95,30.43,Low,Low
11586,Aarav Brown,aaravbrown1586@attrisense-org.com,35,Female,Sales & BD,Entry,7934,3,High,Poor,Yes,High,2,74.35,75.58,High,High
11587,Daniel Davis,danieldavis1587@attrisense-org.com,34,Non-binary,Sales & BD,Entry,5324,2,Medium,Average,No,Low,2,62.18,60.83,Medium,Medium
11588,Sophia Brown,sophiabrown1588@attrisense-org.com,36,Non-binary,Product Management,Senior,13518,8,Medium,Good,Yes,Average,1,15.82,15.99,Low,Low
11589,Rahul Kim,rahulkim1589@attrisense-org.com,26,Male,Human Resources,Entry,7501,12,Medium,Average,No,Low,2,32.85,32.03,Low,Low
11590,Robert Brown,robertbrown1590@attrisense-org.com,43,Male,Human Resources,Executive,24817,7,Medium,Poor,No,High,3,17.87,16.58,Low,Low
11591,Emma Williams,emmawilliams1591@attrisense-org.com,57,Non-binary,Human Resources,Senior,13156,2,High,Poor,No,Average,0,85.64,85.1,High,High
11592,Carlos Brown,carlosbrown1592@attrisense-org.com,35,Non-binary,Human Resources,Entry,8806,5,High,Poor,Yes,Below Average,3,45.47,47.35,Medium,Medium
11593,Sophia Smith,sophiasmith1593@attrisense-org.com,41,Non-binary,Finance,Senior,13498,8,Medium,Good,Yes,Below Average,1,19.32,18.94,Low,Low
11594,Elena Miller,elenamiller1594@attrisense-org.com,43,Female,Human Resources,Entry,8730,2,High,Average,No,High,1,15.74,14.26,Low,Low
11595,Michael Sharma,michaelsharma1595@attrisense-org.com,27,Female,Engineering,Entry,4833,1,Low,Average,Yes,Low,3,23.49,24.09,Low,Low
11596,Emma Miller,emmamiller1596@attrisense-org.com,27,Male,Marketing,Entry,5993,4,Medium,Poor,No,Average,1,79.85,78.27,High,High
11597,John Miller,johnmiller1597@attrisense-org.com,54,Female,Marketing,Senior,12269,13,High,Poor,No,High,2,59.99,59.23,Medium,Medium
11598,Arjun Davis,arjundavis1598@attrisense-org.com,31,Female,Finance,Mid-Level,11246,6,Medium,Average,No,Average,0,16.39,16.84,Low,Low
11599,Olivia Moore,oliviamoore1599@attrisense-org.com,49,Non-binary,Finance,Senior,15362,2,Medium,Poor,No,Average,3,14.2,13.91,Low,Low
11600,Daniel Davis,danieldavis1600@attrisense-org.com,27,Male,Marketing,Executive,20732,15,High,Good,Yes,High,0,34.59,33.16,Low,Low
11601,Robert Moore,robertmoore1601@attrisense-org.com,55,Non-binary,Human Resources,Executive,21317,5,Low,Average,No,Average,0,88.66,87.95,High,High
11602,Daniel Wilson,danielwilson1602@attrisense-org.com,41,Female,Engineering,Entry,7487,10,Medium,Average,No,Average,1,49.75,50.11,Medium,Medium
11603,William Chen,williamchen1603@attrisense-org.com,23,Female,Product Management,Senior,13385,1,High,Average,Yes,High,1,11.6,10.48,Low,Low
11604,Amit Hernandez,amithernandez1604@attrisense-org.com,56,Male,Engineering,Lead,16520,6,Low,Average,Yes,Below Average,3,26.46,28.42,Low,Low
11605,Karen Rao,karenrao1605@attrisense-org.com,56,Female,Marketing,Entry,7527,2,Medium,Good,Yes,Below Average,1,32.47,31.88,Low,Low
11606,William Garcia,williamgarcia1606@attrisense-org.com,44,Non-binary,Sales & BD,Executive,22783,11,Medium,Average,Yes,Below Average,2,85.05,87.02,High,High
11607,Emma Johnson,emmajohnson1607@attrisense-org.com,24,Male,Marketing,Lead,17557,2,High,Average,No,Low,2,51.02,49.8,Medium,Medium
11608,Emma Thomas,emmathomas1608@attrisense-org.com,44,Female,Human Resources,Mid-Level,8558,5,Low,Good,Yes,High,1,19.2,17.33,Low,Low
11609,Amit Vance,amitvance1609@attrisense-org.com,24,Non-binary,Sales & BD,Executive,24641,6,Medium,Average,Yes,Average,0,25.13,25.43,Low,Low
11610,Arjun Jones,arjunjones1610@attrisense-org.com,57,Non-binary,Marketing,Entry,7571,13,High,Average,No,High,2,18.43,19.04,Low,Low
11611,Elena Joshi,elenajoshi1611@attrisense-org.com,50,Non-binary,Product Management,Mid-Level,11902,2,Low,Good,Yes,Average,1,79.91,80.04,High,High
11612,Nancy Lopez,nancylopez1612@attrisense-org.com,26,Female,Engineering,Senior,13433,15,Low,Average,Yes,Low,1,59.17,57.87,Medium,Medium
11613,Robert Smith,robertsmith1613@attrisense-org.com,24,Female,Engineering,Entry,6710,14,Medium,Good,No,Low,2,17.94,19.53,Low,Low
11614,Nancy Joshi,nancyjoshi1614@attrisense-org.com,25,Female,Sales & BD,Senior,14041,4,High,Average,No,High,3,22.93,22.28,Low,Low
11615,Emma Davis,emmadavis1615@attrisense-org.com,42,Non-binary,Engineering,Mid-Level,10095,2,Medium,Good,No,High,3,29.74,30.24,Low,Low
11616,Nancy Brown,nancybrown1616@attrisense-org.com,51,Male,Product Management,Executive,22946,4,High,Good,No,Below Average,3,88.39,87.95,High,High
11617,Lisa Rao,lisarao1617@attrisense-org.com,42,Non-binary,Sales & BD,Lead,18634,8,Low,Good,Yes,Average,0,49.1,50.67,Medium,Medium
11618,Jessica Johnson,jessicajohnson1618@attrisense-org.com,55,Non-binary,Marketing,Executive,22214,14,Low,Average,Yes,Below Average,2,13.48,11.53,Low,Low
11619,Elena Moore,elenamoore1619@attrisense-org.com,22,Female,Marketing,Executive,20644,7,Medium,Average,No,Low,2,26.82,25.37,Low,Low
11620,Emma Brown,emmabrown1620@attrisense-org.com,31,Non-binary,Product Management,Senior,13707,7,High,Poor,Yes,Below Average,3,17.11,16.27,Low,Low
11621,Lisa Garcia,lisagarcia1621@attrisense-org.com,27,Male,Product Management,Lead,18256,8,High,Average,Yes,Average,2,92.05,92.85,High,High
11622,Aarav Rao,aaravrao1622@attrisense-org.com,52,Non-binary,Marketing,Lead,17015,5,Medium,Good,No,High,3,48.91,47.85,Medium,Medium
11623,Elena Martin,elenamartin1623@attrisense-org.com,23,Male,Finance,Entry,8736,6,High,Average,Yes,High,1,32.81,31.59,Low,Low
11624,Linda Moore,lindamoore1624@attrisense-org.com,25,Female,Finance,Executive,21603,2,Medium,Good,No,Average,3,29.66,29.26,Low,Low
11625,Rahul Jones,rahuljones1625@attrisense-org.com,53,Female,Human Resources,Entry,7213,2,Medium,Poor,No,Average,2,26.57,25.85,Low,Low
11626,John Lee,johnlee1626@attrisense-org.com,44,Male,Engineering,Executive,24751,14,Medium,Average,Yes,Below Average,0,90.05,89.43,High,High
11627,John Taylor,johntaylor1627@attrisense-org.com,57,Non-binary,Engineering,Mid-Level,8527,11,Medium,Good,Yes,Low,2,62.99,63.95,Medium,Medium
11628,Daniel Patel,danielpatel1628@attrisense-org.com,56,Male,Product Management,Executive,21046,10,Low,Poor,Yes,Average,2,19.6,20.05,Low,Low
11629,Elena Martinez,elenamartinez1629@attrisense-org.com,54,Male,Engineering,Lead,18867,6,Medium,Average,Yes,Low,0,11.68,10.85,Low,Low
11630,Lisa Rodriguez,lisarodriguez1630@attrisense-org.com,49,Female,Human Resources,Executive,20512,4,High,Good,Yes,Low,0,22.49,23.73,Low,Low
11631,Priya Kumar,priyakumar1631@attrisense-org.com,51,Female,Product Management,Entry,8399,1,Low,Poor,Yes,Average,2,88.42,89.53,High,High
11632,Lucas Martinez,lucasmartinez1632@attrisense-org.com,29,Female,Engineering,Entry,5258,15,Low,Good,No,Low,3,56.3,55.16,Medium,Medium
11633,Arjun Brown,arjunbrown1633@attrisense-org.com,41,Non-binary,Sales & BD,Mid-Level,8919,5,Low,Average,No,Low,1,32.45,31.76,Low,Low
11634,Sophia Lee,sophialee1634@attrisense-org.com,36,Male,Engineering,Executive,24396,8,High,Average,No,Low,1,23.56,22.18,Low,Low
11635,Amit Johnson,amitjohnson1635@attrisense-org.com,50,Non-binary,Finance,Entry,7866,12,Low,Poor,No,High,2,31.69,30.18,Low,Low
11636,Karen Taylor,karentaylor1636@attrisense-org.com,58,Non-binary,Sales & BD,Lead,15580,8,High,Good,No,Low,1,77.01,78.62,High,High
11637,Carlos Lopez,carloslopez1637@attrisense-org.com,42,Male,Marketing,Entry,8488,8,Low,Poor,Yes,Average,3,46.46,47.43,Medium,Medium
11638,Robert Martin,robertmartin1638@attrisense-org.com,33,Female,Engineering,Entry,7091,3,Low,Good,No,Low,1,30.45,29.4,Low,Low
11639,Carlos Lee,carloslee1639@attrisense-org.com,22,Non-binary,Engineering,Mid-Level,11613,1,Medium,Good,Yes,Below Average,0,15.11,14.39,Low,Low
11640,Emma Patel,emmapatel1640@attrisense-org.com,54,Non-binary,Engineering,Senior,15574,7,Medium,Good,Yes,High,3,16.42,18.06,Low,Low
11641,Nancy Williams,nancywilliams1641@attrisense-org.com,49,Male,Sales & BD,Entry,5050,12,Medium,Poor,Yes,High,3,83.09,82.11,High,High
11642,James Hernandez,jameshernandez1642@attrisense-org.com,57,Male,Engineering,Entry,7452,11,Medium,Average,Yes,Low,2,51.98,50.83,Medium,Medium
11643,Karen Thomas,karenthomas1643@attrisense-org.com,25,Non-binary,Engineering,Lead,14645,14,Medium,Good,No,High,1,16.99,17.95,Low,Low
11644,Sophia Brown,sophiabrown1644@attrisense-org.com,22,Non-binary,Human Resources,Entry,6949,2,Medium,Average,No,High,2,18.46,17.06,Low,Low
11645,Olivia Wilson,oliviawilson1645@attrisense-org.com,28,Male,Product Management,Executive,20925,9,Medium,Poor,Yes,Low,0,22.76,21.29,Low,Low
11646,William Joshi,williamjoshi1646@attrisense-org.com,46,Male,Product Management,Executive,24223,10,High,Average,Yes,Low,1,88.45,86.67,High,High
11647,Neha Miller,nehamiller1647@attrisense-org.com,47,Female,Sales & BD,Lead,18607,2,High,Good,Yes,Below Average,2,47.91,46.35,Medium,Medium
11648,Michael Martin,michaelmartin1648@attrisense-org.com,48,Male,Product Management,Mid-Level,9186,10,Medium,Average,Yes,Low,3,23.48,22.01,Low,Low
11649,Liam Kumar,liamkumar1649@attrisense-org.com,41,Non-binary,Product Management,Entry,5005,9,Low,Average,No,Low,0,18.35,19.16,Low,Low
11650,Aarav Martin,aaravmartin1650@attrisense-org.com,35,Non-binary,Finance,Mid-Level,8707,6,Medium,Good,Yes,Low,2,12.72,11.3,Low,Low
11651,Nancy Kumar,nancykumar1651@attrisense-org.com,47,Male,Finance,Lead,16323,7,Low,Average,Yes,High,2,76.55,77.75,High,High
11652,Arjun Chen,arjunchen1652@attrisense-org.com,41,Male,Human Resources,Entry,5147,8,Medium,Good,Yes,Low,3,53.05,52.77,Medium,Medium
11653,Anjali Thomas,anjalithomas1653@attrisense-org.com,23,Female,Engineering,Entry,4664,10,Low,Good,Yes,High,3,31.59,31.76,Low,Low
11654,Karen Lee,karenlee1654@attrisense-org.com,33,Female,Engineering,Mid-Level,11365,2,Medium,Average,No,Average,3,18.45,17.59,Low,Low
11655,Michael Patel,michaelpatel1655@attrisense-org.com,39,Male,Finance,Mid-Level,8064,12,Low,Good,No,Low,2,28.64,28.69,Low,Low
11656,Priya Rao,priyarao1656@attrisense-org.com,38,Male,Product Management,Lead,16400,3,Low,Good,No,Low,2,86.33,87.62,High,High
11657,Nancy Sharma,nancysharma1657@attrisense-org.com,43,Non-binary,Finance,Executive,23364,3,Low,Poor,No,Below Average,1,55.08,57.06,Medium,Medium
11658,Michael Jones,michaeljones1658@attrisense-org.com,29,Female,Marketing,Senior,14790,2,Medium,Average,No,Average,1,17.6,16.56,Low,Low
11659,James Chen,jameschen1659@attrisense-org.com,36,Non-binary,Finance,Executive,24880,12,High,Average,Yes,High,1,15.11,14.05,Low,Low
11660,Anjali Williams,anjaliwilliams1660@attrisense-org.com,34,Female,Finance,Entry,8050,9,Low,Good,Yes,Low,2,22.8,21.75,Low,Low
11661,Karen Moore,karenmoore1661@attrisense-org.com,52,Male,Marketing,Mid-Level,8130,5,Low,Good,No,Average,3,77.22,76.76,High,High
11662,Elena Kumar,elenakumar1662@attrisense-org.com,34,Female,Finance,Lead,17457,5,High,Good,No,Average,0,56.65,57.04,Medium,Medium
11663,Aarav Davis,aaravdavis1663@attrisense-org.com,51,Male,Human Resources,Lead,15525,15,Medium,Poor,No,Low,0,32.7,33.17,Low,Low
11664,Aarav Johnson,aaravjohnson1664@attrisense-org.com,55,Non-binary,Human Resources,Lead,15072,11,Low,Average,Yes,Below Average,3,9.71,10.91,Low,Low
11665,Linda Martinez,lindamartinez1665@attrisense-org.com,48,Non-binary,Human Resources,Lead,18377,2,Low,Poor,Yes,Low,0,17.01,18.95,Low,Low
11666,Daniel Jones,danieljones1666@attrisense-org.com,34,Female,Sales & BD,Lead,15655,3,Medium,Average,Yes,Low,2,82.77,81.44,High,High
11667,Arjun Brown,arjunbrown1667@attrisense-org.com,24,Male,Sales & BD,Mid-Level,10824,10,Medium,Good,Yes,High,3,49.33,48.62,Medium,Medium
11668,Liam Garcia,liamgarcia1668@attrisense-org.com,24,Male,Sales & BD,Executive,23988,2,High,Average,No,High,1,24.04,25.04,Low,Low
11669,Rahul Lee,rahullee1669@attrisense-org.com,44,Male,Human Resources,Executive,22559,5,Low,Poor,Yes,Below Average,3,26.02,26.64,Low,Low
11670,Michael Patel,michaelpatel1670@attrisense-org.com,44,Male,Finance,Mid-Level,10615,7,Low,Good,No,Below Average,1,12.62,13.09,Low,Low
11671,Linda Johnson,lindajohnson1671@attrisense-org.com,47,Male,Engineering,Entry,8592,6,Medium,Poor,Yes,Below Average,1,85.44,86.77,High,High
11672,Linda Patel,lindapatel1672@attrisense-org.com,29,Male,Engineering,Senior,15665,2,High,Average,No,Average,2,59.84,60.65,Medium,Medium
11673,Elena Davis,elenadavis1673@attrisense-org.com,48,Female,Product Management,Entry,8559,13,Medium,Good,No,High,1,17.89,16.98,Low,Low
11674,James Miller,jamesmiller1674@attrisense-org.com,56,Female,Engineering,Executive,22785,14,High,Good,Yes,Below Average,3,23.66,24.31,Low,Low
11675,William Miller,williammiller1675@attrisense-org.com,44,Female,Product Management,Senior,11934,2,Medium,Good,Yes,Below Average,1,33.29,31.31,Low,Low
11676,Robert Martin,robertmartin1676@attrisense-org.com,56,Female,Human Resources,Senior,13221,15,Low,Poor,No,High,0,83.46,81.85,High,High
11677,Nancy Lopez,nancylopez1677@attrisense-org.com,30,Non-binary,Marketing,Entry,6391,5,Low,Good,No,Below Average,2,50.58,51.83,Medium,Medium
11678,Lisa Lopez,lisalopez1678@attrisense-org.com,24,Female,Sales & BD,Executive,23520,9,High,Average,Yes,Below Average,1,34.42,32.75,Low,Low
11679,Lisa Williams,lisawilliams1679@attrisense-org.com,31,Female,Engineering,Entry,7048,12,Low,Good,No,High,0,18.59,19.68,Low,Low
11680,Lisa Rodriguez,lisarodriguez1680@attrisense-org.com,35,Male,Sales & BD,Executive,20654,4,Low,Average,No,High,0,25.97,27.45,Low,Low
11681,Daniel Rodriguez,danielrodriguez1681@attrisense-org.com,57,Male,Sales & BD,Senior,15611,4,Low,Average,Yes,Average,1,90.04,89.68,High,High
11682,Michael Wilson,michaelwilson1682@attrisense-org.com,40,Non-binary,Finance,Lead,16477,1,High,Average,Yes,Low,2,47.68,48.21,Medium,Medium
11683,Emma Wilson,emmawilson1683@attrisense-org.com,53,Non-binary,Engineering,Senior,15603,14,Low,Average,Yes,Below Average,1,23.76,25.61,Low,Low
11684,Carlos Brown,carlosbrown1684@attrisense-org.com,45,Female,Sales & BD,Senior,13037,4,High,Good,Yes,Average,2,30.06,31.04,Low,Low
11685,Jessica Singh,jessicasingh1685@attrisense-org.com,50,Non-binary,Human Resources,Lead,16914,3,Medium,Good,Yes,Low,2,21.02,22.83,Low,Low
11686,Priya Miller,priyamiller1686@attrisense-org.com,53,Non-binary,Product Management,Mid-Level,9718,1,Low,Poor,Yes,Below Average,3,95.54,94.89,High,High
11687,Aarav Singh,aaravsingh1687@attrisense-org.com,53,Non-binary,Marketing,Executive,24253,13,Low,Good,Yes,High,1,55.5,57.42,Medium,Medium
11688,Rahul Williams,rahulwilliams1688@attrisense-org.com,57,Female,Finance,Mid-Level,8320,14,Low,Good,No,Below Average,1,26.22,26.55,Low,Low
11689,Emma Brown,emmabrown1689@attrisense-org.com,40,Male,Product Management,Senior,14470,6,Low,Poor,No,Low,0,19.32,19.13,Low,Low
11690,Michael Martinez,michaelmartinez1690@attrisense-org.com,24,Non-binary,Finance,Entry,7197,2,Medium,Poor,Yes,High,1,20.0,21.39,Low,Low
11691,Sophia Miller,sophiamiller1691@attrisense-org.com,36,Male,Sales & BD,Senior,13972,1,High,Good,Yes,Below Average,1,89.42,88.9,High,High
11692,Emma Martin,emmamartin1692@attrisense-org.com,36,Non-binary,Product Management,Lead,16666,9,Medium,Poor,No,Low,0,51.37,50.72,Medium,Medium
11693,Anjali Lee,anjalilee1693@attrisense-org.com,45,Non-binary,Product Management,Senior,14673,11,Medium,Good,Yes,Average,2,24.98,25.9,Low,Low
11694,Emma Lopez,emmalopez1694@attrisense-org.com,28,Male,Finance,Entry,4516,3,Medium,Poor,No,Below Average,1,23.09,24.54,Low,Low
11695,Liam Kim,liamkim1695@attrisense-org.com,38,Female,Finance,Mid-Level,8735,7,Medium,Poor,No,High,2,28.36,29.94,Low,Low
11696,Anjali Vance,anjalivance1696@attrisense-org.com,49,Non-binary,Product Management,Mid-Level,9520,11,Medium,Poor,Yes,High,3,87.85,89.38,High,High
11697,Arjun Wilson,arjunwilson1697@attrisense-org.com,51,Non-binary,Sales & BD,Lead,17518,7,High,Average,Yes,Below Average,2,45.6,47.17,Medium,Medium
11698,Amit Patel,amitpatel1698@attrisense-org.com,38,Male,Sales & BD,Senior,11552,12,Low,Good,Yes,Low,2,13.57,14.77,Low,Low
11699,Sarah Joshi,sarahjoshi1699@attrisense-org.com,47,Male,Sales & BD,Mid-Level,10126,4,Low,Good,Yes,High,3,16.4,16.31,Low,Low
11700,Lucas Lopez,lucaslopez1700@attrisense-org.com,53,Non-binary,Product Management,Entry,5085,10,High,Good,Yes,Below Average,3,15.65,14.84,Low,Low
11701,Rahul Williams,rahulwilliams1701@attrisense-org.com,26,Non-binary,Finance,Mid-Level,11714,7,Low,Good,Yes,Below Average,0,79.07,80.91,High,High
11702,Karen Chen,karenchen1702@attrisense-org.com,57,Female,Engineering,Entry,6288,10,High,Average,No,Average,3,53.26,54.43,Medium,Medium
11703,Michael Martinez,michaelmartinez1703@attrisense-org.com,40,Male,Engineering,Executive,24529,9,Low,Average,Yes,Below Average,0,31.71,32.39,Low,Low
11704,Daniel Lopez,daniellopez1704@attrisense-org.com,47,Non-binary,Sales & BD,Senior,15536,13,Low,Good,No,Low,1,10.76,10.07,Low,Low
11705,Nancy Williams,nancywilliams1705@attrisense-org.com,45,Female,Human Resources,Mid-Level,10097,8,Medium,Poor,No,Average,1,33.11,31.77,Low,Low
11706,Carlos Sharma,carlossharma1706@attrisense-org.com,50,Male,Sales & BD,Mid-Level,8074,15,Low,Poor,No,Average,0,86.98,88.38,High,High
11707,Emma Singh,emmasingh1707@attrisense-org.com,35,Female,Marketing,Entry,5876,9,High,Poor,Yes,Low,2,46.76,46.71,Medium,Medium
11708,Arjun Brown,arjunbrown1708@attrisense-org.com,38,Female,Human Resources,Executive,21717,10,Low,Good,Yes,Low,0,25.78,27.37,Low,Low
11709,Sophia Lee,sophialee1709@attrisense-org.com,41,Male,Product Management,Entry,4502,3,Medium,Average,Yes,Below Average,3,15.06,16.14,Low,Low
11710,Arjun Martinez,arjunmartinez1710@attrisense-org.com,55,Non-binary,Engineering,Lead,16651,10,Low,Good,Yes,High,3,32.91,33.73,Low,Low
11711,John Joshi,johnjoshi1711@attrisense-org.com,25,Non-binary,Engineering,Entry,8179,12,Low,Good,No,Low,3,82.69,84.29,High,High
11712,Sophia Sharma,sophiasharma1712@attrisense-org.com,38,Male,Human Resources,Senior,12512,8,Low,Poor,Yes,Below Average,0,46.48,48.32,Medium,Medium
11713,Rahul Garcia,rahulgarcia1713@attrisense-org.com,44,Male,Engineering,Lead,17050,6,High,Good,No,Below Average,3,18.18,16.97,Low,Low
11714,Michael Martin,michaelmartin1714@attrisense-org.com,32,Male,Product Management,Lead,15851,15,High,Poor,Yes,Below Average,1,18.45,17.5,Low,Low
11715,Sarah Anderson,sarahanderson1715@attrisense-org.com,39,Non-binary,Marketing,Entry,6730,14,High,Good,No,Average,3,13.31,12.28,Low,Low
11716,John Rodriguez,johnrodriguez1716@attrisense-org.com,48,Non-binary,Marketing,Senior,14796,14,High,Good,No,Below Average,2,77.33,75.92,High,High
11717,William Davis,williamdavis1717@attrisense-org.com,50,Non-binary,Finance,Mid-Level,8141,5,Low,Average,No,Average,1,56.28,57.6,Medium,Medium
11718,Daniel Wilson,danielwilson1718@attrisense-org.com,37,Non-binary,Marketing,Senior,15926,10,High,Poor,Yes,Low,1,18.33,18.58,Low,Low
11719,Aarav Vance,aaravvance1719@attrisense-org.com,39,Female,Finance,Executive,21916,14,Low,Average,No,Below Average,3,26.43,24.92,Low,Low
11720,Rahul Anderson,rahulanderson1720@attrisense-org.com,52,Non-binary,Sales & BD,Mid-Level,10724,10,Medium,Good,No,High,3,13.49,12.23,Low,Low
11721,Lisa Joshi,lisajoshi1721@attrisense-org.com,25,Male,Engineering,Lead,17025,6,High,Good,Yes,High,3,78.26,78.66,High,High
11722,Lisa Johnson,lisajohnson1722@attrisense-org.com,34,Female,Product Management,Senior,14884,5,Low,Average,No,High,1,62.37,63.28,Medium,Medium
11723,Linda Martin,lindamartin1723@attrisense-org.com,27,Non-binary,Product Management,Entry,7005,6,High,Good,No,Average,3,20.66,19.26,Low,Low
11724,Nancy Miller,nancymiller1724@attrisense-org.com,39,Male,Product Management,Senior,13669,7,Medium,Good,No,Low,2,29.8,29.2,Low,Low
11725,Elena Lee,elenalee1725@attrisense-org.com,31,Male,Marketing,Mid-Level,11530,10,Medium,Good,Yes,Low,1,27.58,29.13,Low,Low
11726,William Kumar,williamkumar1726@attrisense-org.com,47,Male,Engineering,Executive,21269,11,High,Poor,No,Below Average,0,87.15,88.92,High,High
11727,Robert Singh,robertsingh1727@attrisense-org.com,39,Non-binary,Marketing,Mid-Level,10905,1,Low,Good,Yes,Below Average,3,61.55,62.91,Medium,Medium
11728,Michael Williams,michaelwilliams1728@attrisense-org.com,34,Male,Sales & BD,Senior,11725,7,Medium,Poor,Yes,Low,3,20.34,19.98,Low,Low
11729,Sarah Martinez,sarahmartinez1729@attrisense-org.com,35,Non-binary,Engineering,Executive,23235,12,High,Poor,No,Below Average,0,29.96,29.25,Low,Low
11730,Liam Wilson,liamwilson1730@attrisense-org.com,54,Non-binary,Marketing,Mid-Level,10428,3,Low,Average,Yes,Low,2,13.87,14.35,Low,Low
11731,Aarav Patel,aaravpatel1731@attrisense-org.com,47,Male,Marketing,Mid-Level,11905,8,Medium,Good,No,Average,2,80.29,82.17,High,High
11732,Michael Moore,michaelmoore1732@attrisense-org.com,43,Female,Engineering,Entry,4960,10,Low,Good,Yes,Low,3,59.35,58.0,Medium,Medium
11733,Lucas Moore,lucasmoore1733@attrisense-org.com,43,Male,Human Resources,Lead,16735,9,High,Poor,Yes,Below Average,3,31.88,33.36,Low,Low
11734,Amit Rodriguez,amitrodriguez1734@attrisense-org.com,51,Female,Engineering,Entry,6803,4,High,Poor,Yes,Below Average,1,30.54,32.09,Low,Low
11735,Lisa Singh,lisasingh1735@attrisense-org.com,24,Female,Sales & BD,Executive,22358,4,High,Good,Yes,Average,3,18.05,19.87,Low,Low
11736,Robert Singh,robertsingh1736@attrisense-org.com,26,Female,Product Management,Entry,7962,13,High,Average,No,Low,3,79.49,80.23,High,High
11737,William Kim,williamkim1737@attrisense-org.com,40,Male,Product Management,Lead,16008,6,Low,Good,Yes,High,0,59.1,58.39,Medium,Medium
11738,Karen Rao,karenrao1738@attrisense-org.com,23,Male,Finance,Mid-Level,8204,2,Medium,Poor,Yes,Below Average,1,28.73,28.42,Low,Low
11739,Aarav Singh,aaravsingh1739@attrisense-org.com,46,Male,Finance,Mid-Level,11954,7,Medium,Poor,Yes,High,2,25.47,23.56,Low,Low
11740,Lucas Kim,lucaskim1740@attrisense-org.com,46,Non-binary,Engineering,Entry,7092,15,High,Poor,No,Low,1,25.43,26.08,Low,Low
11741,Nancy Chen,nancychen1741@attrisense-org.com,35,Non-binary,Marketing,Mid-Level,8938,15,Medium,Good,No,Low,3,86.26,85.46,High,High
11742,Robert Miller,robertmiller1742@attrisense-org.com,58,Non-binary,Marketing,Lead,15338,7,Low,Average,No,Average,3,47.46,46.81,Medium,Medium
11743,Neha Taylor,nehataylor1743@attrisense-org.com,52,Female,Marketing,Senior,12993,3,High,Poor,No,Low,3,15.35,15.97,Low,Low
11744,Michael Chen,michaelchen1744@attrisense-org.com,48,Female,Human Resources,Entry,5334,11,Medium,Poor,Yes,High,3,25.77,26.23,Low,Low
11745,Nancy Kim,nancykim1745@attrisense-org.com,27,Male,Product Management,Executive,22598,15,Low,Good,Yes,Low,3,30.37,30.14,Low,Low
11746,Emma Singh,emmasingh1746@attrisense-org.com,52,Male,Marketing,Entry,8173,2,Low,Poor,Yes,Average,3,92.98,94.76,High,High
11747,Vikram Williams,vikramwilliams1747@attrisense-org.com,38,Male,Finance,Mid-Level,11333,10,Medium,Good,No,High,2,55.85,57.22,Medium,Medium
11748,Liam Moore,liammoore1748@attrisense-org.com,57,Female,Marketing,Entry,4786,5,High,Poor,No,Low,1,31.78,30.37,Low,Low
11749,Nancy Williams,nancywilliams1749@attrisense-org.com,30,Female,Product Management,Mid-Level,9549,14,High,Poor,No,Below Average,0,29.17,30.87,Low,Low
11750,John Moore,johnmoore1750@attrisense-org.com,39,Non-binary,Product Management,Mid-Level,11403,5,Low,Average,No,Below Average,3,20.76,21.8,Low,Low
11751,Sanjay Taylor,sanjaytaylor1751@attrisense-org.com,48,Female,Sales & BD,Lead,18457,12,High,Poor,Yes,Below Average,3,92.6,94.4,High,High
11752,Sophia Brown,sophiabrown1752@attrisense-org.com,29,Female,Finance,Mid-Level,8275,5,Low,Good,Yes,Below Average,1,49.8,49.23,Medium,Medium
11753,Liam Lopez,liamlopez1753@attrisense-org.com,54,Female,Sales & BD,Lead,18222,9,Low,Good,No,Low,3,18.62,19.68,Low,Low
11754,Sarah Rao,sarahrao1754@attrisense-org.com,37,Non-binary,Marketing,Lead,16180,11,Low,Poor,Yes,Below Average,0,22.23,21.02,Low,Low
11755,Liam Martinez,liammartinez1755@attrisense-org.com,36,Female,Product Management,Mid-Level,8249,8,Low,Average,No,Average,2,22.18,20.75,Low,Low
11756,Nancy Patel,nancypatel1756@attrisense-org.com,44,Male,Product Management,Lead,17146,4,Medium,Good,Yes,Low,1,82.41,83.94,High,High
11757,Linda Kumar,lindakumar1757@attrisense-org.com,43,Female,Engineering,Executive,22589,15,High,Poor,No,Low,0,55.06,54.45,Medium,Medium
11758,Emma Brown,emmabrown1758@attrisense-org.com,29,Non-binary,Finance,Executive,22637,10,Low,Poor,No,Below Average,3,12.11,12.46,Low,Low
11759,Sarah Smith,sarahsmith1759@attrisense-org.com,38,Female,Finance,Entry,6389,2,High,Average,Yes,Low,3,21.37,23.37,Low,Low
11760,Neha Thomas,nehathomas1760@attrisense-org.com,56,Female,Finance,Executive,24329,10,Medium,Poor,Yes,Low,1,12.6,12.18,Low,Low
11761,Anjali Martinez,anjalimartinez1761@attrisense-org.com,30,Non-binary,Product Management,Lead,18761,13,Low,Good,No,Low,3,86.6,87.38,High,High
11762,Sophia Anderson,sophiaanderson1762@attrisense-org.com,32,Male,Product Management,Executive,21340,12,Medium,Poor,Yes,Low,1,53.49,54.66,Medium,Medium
11763,Liam Rao,liamrao1763@attrisense-org.com,37,Non-binary,Human Resources,Executive,21711,5,Low,Average,Yes,Average,3,27.92,26.12,Low,Low
11764,Lisa Rodriguez,lisarodriguez1764@attrisense-org.com,34,Non-binary,Marketing,Entry,4606,13,Medium,Average,Yes,High,0,16.94,18.72,Low,Low
11765,Michael Wilson,michaelwilson1765@attrisense-org.com,45,Female,Product Management,Executive,23167,2,High,Good,Yes,Below Average,0,15.17,15.35,Low,Low
11766,James Patel,jamespatel1766@attrisense-org.com,57,Male,Human Resources,Mid-Level,8010,7,High,Good,No,Average,2,86.68,86.2,High,High
11767,Sarah Brown,sarahbrown1767@attrisense-org.com,48,Non-binary,Finance,Lead,16131,9,High,Average,No,Below Average,3,54.62,53.99,Medium,Medium
11768,William Jones,williamjones1768@attrisense-org.com,51,Female,Finance,Entry,8485,9,High,Good,No,Average,1,25.64,27.18,Low,Low
11769,Daniel Taylor,danieltaylor1769@attrisense-org.com,55,Male,Finance,Senior,14071,13,Medium,Average,Yes,Low,1,27.11,28.22,Low,Low
11770,Robert Lopez,robertlopez1770@attrisense-org.com,29,Female,Human Resources,Mid-Level,10661,10,Low,Good,No,Average,2,19.51,18.19,Low,Low
11771,Lucas Lee,lucaslee1771@attrisense-org.com,46,Non-binary,Product Management,Lead,16196,2,Medium,Poor,No,Low,1,93.46,94.29,High,High
11772,Anjali Patel,anjalipatel1772@attrisense-org.com,56,Male,Sales & BD,Executive,23735,1,Medium,Good,Yes,Average,2,55.73,54.92,Medium,Medium
11773,Amit Vance,amitvance1773@attrisense-org.com,37,Male,Sales & BD,Executive,22066,8,Medium,Average,Yes,High,2,9.76,11.1,Low,Low
11774,Aarav Rodriguez,aaravrodriguez1774@attrisense-org.com,36,Male,Sales & BD,Mid-Level,11110,4,Low,Average,Yes,Average,1,14.24,13.37,Low,Low
11775,Arjun Garcia,arjungarcia1775@attrisense-org.com,36,Non-binary,Engineering,Mid-Level,7884,12,High,Poor,Yes,Average,0,25.75,27.32,Low,Low
11776,John Rao,johnrao1776@attrisense-org.com,46,Male,Engineering,Entry,7690,3,High,Average,No,Average,1,85.97,87.22,High,High
11777,Daniel Kumar,danielkumar1777@attrisense-org.com,32,Female,Sales & BD,Senior,13055,5,Low,Good,No,High,0,62.24,62.67,Medium,Medium
11778,Carlos Patel,carlospatel1778@attrisense-org.com,47,Female,Sales & BD,Senior,11869,11,High,Good,Yes,Low,2,22.1,20.97,Low,Low
11779,Elena Singh,elenasingh1779@attrisense-org.com,57,Female,Product Management,Entry,8892,4,Medium,Poor,No,Below Average,1,25.63,27.2,Low,Low
11780,Amit Martin,amitmartin1780@attrisense-org.com,41,Female,Marketing,Lead,17516,2,Low,Average,Yes,Average,1,21.66,19.95,Low,Low
11781,Robert Hernandez,roberthernandez1781@attrisense-org.com,23,Male,Marketing,Senior,13409,15,High,Average,No,Average,2,92.11,91.75,High,High
11782,William Davis,williamdavis1782@attrisense-org.com,49,Non-binary,Human Resources,Senior,12667,9,High,Good,No,Average,1,59.47,59.67,Medium,Medium
11783,Rahul Martinez,rahulmartinez1783@attrisense-org.com,49,Non-binary,Human Resources,Lead,18085,3,Low,Average,No,Average,0,27.62,25.8,Low,Low
11784,Emma Sharma,emmasharma1784@attrisense-org.com,31,Male,Finance,Lead,18165,9,Medium,Good,No,Average,0,13.23,13.23,Low,Low
11785,Anjali Miller,anjalimiller1785@attrisense-org.com,36,Male,Product Management,Lead,15760,7,Low,Good,No,Average,2,20.92,22.73,Low,Low
11786,David Wilson,davidwilson1786@attrisense-org.com,26,Male,Human Resources,Senior,12830,15,Low,Good,No,Low,3,95.07,93.71,High,High
11787,Amit Joshi,amitjoshi1787@attrisense-org.com,35,Non-binary,Product Management,Mid-Level,11925,12,High,Average,No,High,0,54.21,54.18,Medium,Medium
11788,Sarah Sharma,sarahsharma1788@attrisense-org.com,22,Female,Engineering,Lead,14629,9,Medium,Good,Yes,Low,3,30.82,32.11,Low,Low
11789,David Sharma,davidsharma1789@attrisense-org.com,57,Female,Finance,Executive,22514,6,Low,Poor,No,Average,2,24.81,23.89,Low,Low
11790,James Joshi,jamesjoshi1790@attrisense-org.com,30,Male,Human Resources,Lead,16235,3,High,Good,Yes,Low,0,12.63,13.08,Low,Low
11791,Amit Joshi,amitjoshi1791@attrisense-org.com,26,Male,Marketing,Executive,22743,15,High,Average,No,Average,2,88.54,87.01,High,High
11792,Sophia Kim,sophiakim1792@attrisense-org.com,29,Male,Sales & BD,Executive,21530,3,High,Average,Yes,Below Average,1,54.12,54.58,Medium,Medium
11793,Nancy Wilson,nancywilson1793@attrisense-org.com,37,Male,Finance,Mid-Level,11886,12,High,Good,Yes,Below Average,1,35.17,33.51,Low,Low
11794,Lucas Smith,lucassmith1794@attrisense-org.com,27,Female,Product Management,Mid-Level,8969,10,High,Poor,No,High,1,27.39,28.3,Low,Low
11795,Liam Davis,liamdavis1795@attrisense-org.com,49,Non-binary,Sales & BD,Entry,7128,8,Medium,Average,Yes,High,2,35.01,33.13,Low,Low
11796,Lucas Kim,lucaskim1796@attrisense-org.com,55,Female,Finance,Entry,5038,4,High,Good,Yes,Average,2,82.59,84.06,High,High
11797,Sanjay Jones,sanjayjones1797@attrisense-org.com,49,Male,Sales & BD,Executive,22031,8,High,Good,Yes,Low,1,53.64,52.84,Medium,Medium
11798,Sophia Sharma,sophiasharma1798@attrisense-org.com,26,Female,Engineering,Executive,24665,7,High,Good,No,Below Average,3,27.16,27.96,Low,Low
11799,Linda Hernandez,lindahernandez1799@attrisense-org.com,39,Female,Marketing,Executive,24848,10,Low,Good,No,Average,0,28.28,26.84,Low,Low
11800,Sanjay Miller,sanjaymiller1800@attrisense-org.com,29,Female,Human Resources,Mid-Level,9694,6,Low,Good,Yes,Low,1,28.82,27.08,Low,Low
11801,Sarah Davis,sarahdavis1801@attrisense-org.com,49,Female,Human Resources,Lead,17897,8,Medium,Good,No,Low,0,86.45,87.65,High,High
11802,Vikram Lopez,vikramlopez1802@attrisense-org.com,36,Non-binary,Product Management,Lead,17579,3,Medium,Average,No,Average,1,56.02,56.86,Medium,Medium
11803,Daniel Lee,daniellee1803@attrisense-org.com,49,Non-binary,Sales & BD,Mid-Level,10767,12,Low,Good,Yes,Low,2,18.98,18.29,Low,Low
11804,Nancy Lee,nancylee1804@attrisense-org.com,36,Non-binary,Sales & BD,Mid-Level,9463,13,Low,Good,No,Below Average,1,34.15,33.55,Low,Low
11805,Sophia Joshi,sophiajoshi1805@attrisense-org.com,28,Female,Marketing,Executive,23733,14,Low,Average,No,High,1,33.02,33.0,Low,Low
11806,Olivia Wilson,oliviawilson1806@attrisense-org.com,50,Male,Human Resources,Executive,22217,12,Low,Average,Yes,Below Average,0,88.18,88.89,High,High
11807,Rahul Hernandez,rahulhernandez1807@attrisense-org.com,31,Female,Engineering,Mid-Level,11434,8,High,Average,No,Below Average,0,46.6,47.19,Medium,Medium
11808,Michael Singh,michaelsingh1808@attrisense-org.com,27,Non-binary,Sales & BD,Senior,13634,1,Low,Average,Yes,Average,0,21.81,21.53,Low,Low
11809,Elena Miller,elenamiller1809@attrisense-org.com,50,Female,Product Management,Senior,15975,2,Low,Poor,No,Average,1,25.68,26.01,Low,Low
11810,Olivia Kumar,oliviakumar1810@attrisense-org.com,34,Non-binary,Sales & BD,Mid-Level,8356,10,Low,Average,No,Low,3,29.32,27.95,Low,Low
11811,Neha Moore,nehamoore1811@attrisense-org.com,30,Non-binary,Engineering,Mid-Level,9570,7,High,Poor,Yes,Average,3,82.11,80.72,High,High
11812,Linda Williams,lindawilliams1812@attrisense-org.com,51,Non-binary,Engineering,Mid-Level,8516,10,High,Average,No,Average,0,60.45,60.36,Medium,Medium
11813,Priya Martin,priyamartin1813@attrisense-org.com,23,Male,Sales & BD,Entry,7445,4,High,Average,No,Below Average,1,9.19,10.61,Low,Low
11814,Michael Thomas,michaelthomas1814@attrisense-org.com,23,Male,Finance,Senior,15005,4,High,Poor,No,Below Average,1,24.89,26.09,Low,Low
11815,Anjali Wilson,anjaliwilson1815@attrisense-org.com,28,Female,Engineering,Executive,22562,8,High,Poor,No,High,1,26.64,28.0,Low,Low
11816,Amit Rodriguez,amitrodriguez1816@attrisense-org.com,34,Female,Engineering,Entry,5075,7,Low,Good,No,High,3,79.73,80.73,High,High
11817,Karen Garcia,karengarcia1817@attrisense-org.com,36,Female,Human Resources,Mid-Level,8662,6,Medium,Poor,Yes,Below Average,1,61.71,60.95,Medium,Medium
11818,Sophia Taylor,sophiataylor1818@attrisense-org.com,32,Male,Finance,Executive,23950,14,Low,Average,No,Average,2,18.09,17.08,Low,Low
11819,Aarav Williams,aaravwilliams1819@attrisense-org.com,46,Male,Human Resources,Mid-Level,9859,12,Medium,Good,Yes,Low,3,12.04,10.78,Low,Low
11820,Sophia Moore,sophiamoore1820@attrisense-org.com,45,Male,Engineering,Senior,12057,2,Low,Poor,Yes,High,2,13.93,12.46,Low,Low
11821,Karen Smith,karensmith1821@attrisense-org.com,32,Male,Engineering,Lead,16591,11,Low,Average,No,Average,3,91.25,89.79,High,High
11822,Sarah Vance,sarahvance1822@attrisense-org.com,24,Non-binary,Sales & BD,Executive,21344,14,Medium,Good,No,Average,3,59.36,59.11,Medium,Medium
11823,Sophia Rodriguez,sophiarodriguez1823@attrisense-org.com,35,Female,Sales & BD,Entry,4503,15,Medium,Poor,Yes,Below Average,0,16.84,15.7,Low,Low
11824,Aarav Hernandez,aaravhernandez1824@attrisense-org.com,41,Non-binary,Human Resources,Lead,17151,7,Medium,Average,No,High,2,28.32,29.17,Low,Low
11825,Nancy Kumar,nancykumar1825@attrisense-org.com,31,Non-binary,Sales & BD,Senior,14096,12,High,Average,No,Average,2,27.66,25.95,Low,Low
11826,William Thomas,williamthomas1826@attrisense-org.com,50,Female,Sales & BD,Entry,6884,7,High,Good,Yes,Low,0,84.58,82.75,High,High
11827,Rahul Johnson,rahuljohnson1827@attrisense-org.com,54,Male,Finance,Senior,14028,5,Low,Poor,No,High,2,62.79,63.54,Medium,Medium
11828,Amit Davis,amitdavis1828@attrisense-org.com,43,Non-binary,Product Management,Lead,16233,12,Low,Good,No,Average,3,21.3,23.25,Low,Low
11829,Neha Lee,nehalee1829@attrisense-org.com,31,Male,Product Management,Senior,11959,3,High,Average,Yes,Average,2,16.51,16.03,Low,Low
11830,Robert Miller,robertmiller1830@attrisense-org.com,37,Female,Product Management,Senior,12182,6,Low,Poor,No,Below Average,0,30.22,28.74,Low,Low
11831,Anjali Lopez,anjalilopez1831@attrisense-org.com,26,Non-binary,Marketing,Entry,7713,6,Medium,Good,Yes,Below Average,1,93.25,91.6,High,High
11832,Nancy Davis,nancydavis1832@attrisense-org.com,56,Female,Human Resources,Lead,17470,9,Medium,Average,Yes,High,1,58.98,58.39,Medium,Medium
11833,Sophia Kumar,sophiakumar1833@attrisense-org.com,56,Non-binary,Product Management,Senior,15796,8,Medium,Good,No,Below Average,3,28.31,28.12,Low,Low
11834,Jessica Miller,jessicamiller1834@attrisense-org.com,41,Male,Product Management,Senior,12106,7,Low,Poor,No,Below Average,0,25.58,24.48,Low,Low
11835,Amit Hernandez,amithernandez1835@attrisense-org.com,29,Male,Human Resources,Lead,18022,15,High,Good,Yes,Below Average,0,32.32,33.14,Low,Low
11836,James Vance,jamesvance1836@attrisense-org.com,31,Female,Human Resources,Senior,14723,3,High,Good,Yes,High,3,79.28,78.55,High,High
11837,Olivia Kim,oliviakim1837@attrisense-org.com,55,Non-binary,Finance,Mid-Level,9883,1,Medium,Average,No,High,1,47.25,48.55,Medium,Medium
11838,Vikram Brown,vikrambrown1838@attrisense-org.com,24,Male,Product Management,Senior,13990,1,Medium,Poor,Yes,Below Average,0,21.84,22.33,Low,Low
11839,Sophia Martinez,sophiamartinez1839@attrisense-org.com,27,Non-binary,Product Management,Senior,13225,4,High,Average,No,Below Average,1,20.51,20.28,Low,Low
11840,Robert Brown,robertbrown1840@attrisense-org.com,49,Male,Human Resources,Mid-Level,8793,10,Low,Good,No,High,1,13.46,13.12,Low,Low
11841,Priya Miller,priyamiller1841@attrisense-org.com,48,Female,Marketing,Senior,12482,3,Medium,Good,No,High,2,79.42,80.1,High,High
11842,Elena Anderson,elenaanderson1842@attrisense-org.com,41,Female,Finance,Lead,18449,14,Low,Average,No,Below Average,3,57.1,58.48,Medium,Medium
11843,David Miller,davidmiller1843@attrisense-org.com,35,Female,Sales & BD,Mid-Level,8679,2,Medium,Poor,No,High,3,12.98,13.69,Low,Low
11844,Lucas Patel,lucaspatel1844@attrisense-org.com,27,Non-binary,Finance,Senior,12256,6,Medium,Poor,Yes,Below Average,2,12.95,11.22,Low,Low
11845,David Rao,davidrao1845@attrisense-org.com,22,Non-binary,Sales & BD,Senior,14463,1,High,Good,Yes,Average,2,25.42,24.77,Low,Low
11846,John Kim,johnkim1846@attrisense-org.com,23,Male,Product Management,Entry,8511,9,High,Poor,Yes,Low,3,85.1,84.81,High,High
11847,Liam Lopez,liamlopez1847@attrisense-org.com,47,Male,Product Management,Mid-Level,8044,8,Low,Poor,Yes,Average,1,52.94,51.8,Medium,Medium
11848,Nancy Taylor,nancytaylor1848@attrisense-org.com,53,Non-binary,Marketing,Entry,8201,4,High,Average,Yes,Average,2,16.51,17.63,Low,Low
11849,Sarah Wilson,sarahwilson1849@attrisense-org.com,56,Male,Product Management,Mid-Level,11618,3,Medium,Average,Yes,High,1,12.68,14.41,Low,Low
11850,Robert Lopez,robertlopez1850@attrisense-org.com,45,Female,Marketing,Mid-Level,10092,10,Medium,Poor,Yes,Average,2,21.78,22.12,Low,Low
11851,Priya Moore,priyamoore1851@attrisense-org.com,56,Female,Product Management,Entry,4500,15,High,Poor,No,Average,0,84.11,85.74,High,High
11852,Karen Thomas,karenthomas1852@attrisense-org.com,26,Non-binary,Marketing,Entry,5749,1,High,Average,Yes,Below Average,1,48.05,49.2,Medium,Medium
11853,Neha Davis,nehadavis1853@attrisense-org.com,58,Female,Product Management,Executive,22488,7,High,Average,No,High,0,17.41,17.97,Low,Low
11854,David Patel,davidpatel1854@attrisense-org.com,22,Male,Human Resources,Senior,13760,15,High,Poor,Yes,Below Average,1,16.25,15.24,Low,Low
11855,Neha Joshi,nehajoshi1855@attrisense-org.com,30,Male,Human Resources,Executive,22029,1,Low,Average,No,Low,2,24.72,22.73,Low,Low
11856,Amit Brown,amitbrown1856@attrisense-org.com,33,Non-binary,Finance,Entry,7606,3,Low,Good,Yes,Low,1,93.39,91.47,High,High
11857,Vikram Johnson,vikramjohnson1857@attrisense-org.com,52,Female,Marketing,Entry,4953,13,Medium,Poor,No,Below Average,1,45.85,45.17,Medium,Medium
11858,Karen Williams,karenwilliams1858@attrisense-org.com,23,Female,Sales & BD,Lead,16066,12,High,Average,Yes,Average,2,22.32,20.7,Low,Low
11859,Neha Moore,nehamoore1859@attrisense-org.com,22,Male,Human Resources,Entry,7820,10,High,Average,Yes,High,2,25.21,24.73,Low,Low
11860,Sophia Hernandez,sophiahernandez1860@attrisense-org.com,51,Non-binary,Finance,Mid-Level,7891,13,Low,Good,No,Below Average,3,33.74,33.01,Low,Low
11861,William Davis,williamdavis1861@attrisense-org.com,35,Male,Marketing,Mid-Level,9098,10,Medium,Average,Yes,Average,0,83.08,81.42,High,High
11862,Carlos Kim,carloskim1862@attrisense-org.com,39,Female,Finance,Senior,13390,15,High,Poor,No,Below Average,0,62.49,62.95,Medium,Medium
11863,Robert Brown,robertbrown1863@attrisense-org.com,28,Male,Human Resources,Executive,23246,8,Low,Good,No,Low,1,22.1,22.97,Low,Low
11864,Neha Anderson,nehaanderson1864@attrisense-org.com,52,Male,Product Management,Lead,14921,1,High,Average,Yes,High,0,33.16,31.87,Low,Low
11865,Amit Moore,amitmoore1865@attrisense-org.com,28,Non-binary,Finance,Mid-Level,11023,12,Low,Average,Yes,Average,2,20.21,19.0,Low,Low
11866,Emma Sharma,emmasharma1866@attrisense-org.com,41,Female,Engineering,Executive,22945,12,Medium,Good,Yes,Below Average,0,82.09,83.91,High,High
11867,Sophia Lee,sophialee1867@attrisense-org.com,25,Non-binary,Sales & BD,Mid-Level,11441,3,High,Good,No,Below Average,1,60.84,62.07,Medium,Medium
11868,Vikram Singh,vikramsingh1868@attrisense-org.com,53,Female,Finance,Entry,5423,12,Low,Average,Yes,Average,0,24.12,22.33,Low,Low
11869,Vikram Chen,vikramchen1869@attrisense-org.com,36,Female,Engineering,Lead,16105,2,Low,Average,No,Low,1,15.85,14.02,Low,Low
11870,Lucas Lopez,lucaslopez1870@attrisense-org.com,46,Female,Finance,Entry,7951,11,High,Poor,Yes,Below Average,3,20.94,22.91,Low,Low
11871,Lisa Anderson,lisaanderson1871@attrisense-org.com,23,Non-binary,Engineering,Entry,7833,2,High,Average,No,Below Average,3,76.99,76.31,High,High
11872,Daniel Martin,danielmartin1872@attrisense-org.com,58,Non-binary,Human Resources,Senior,15190,5,Medium,Good,Yes,Average,3,61.16,59.7,Medium,Medium
11873,Sophia Rodriguez,sophiarodriguez1873@attrisense-org.com,52,Male,Finance,Entry,8157,15,Medium,Good,No,High,3,18.6,20.18,Low,Low
11874,Daniel Chen,danielchen1874@attrisense-org.com,32,Male,Engineering,Entry,5805,15,Medium,Good,No,High,2,23.72,22.91,Low,Low
11875,Sanjay Garcia,sanjaygarcia1875@attrisense-org.com,38,Female,Human Resources,Senior,13204,13,High,Good,No,Average,3,34.53,33.43,Low,Low
11876,Nancy Vance,nancyvance1876@attrisense-org.com,32,Non-binary,Engineering,Mid-Level,11407,2,Low,Good,Yes,High,0,89.69,87.93,High,High
11877,Lucas Thomas,lucasthomas1877@attrisense-org.com,44,Non-binary,Finance,Lead,15130,11,High,Poor,No,High,0,57.81,59.19,Medium,Medium
11878,Neha Brown,nehabrown1878@attrisense-org.com,41,Male,Product Management,Lead,16100,13,Medium,Poor,No,Below Average,1,20.35,21.02,Low,Low
11879,Lisa Vance,lisavance1879@attrisense-org.com,35,Male,Finance,Mid-Level,9842,15,High,Poor,No,Low,3,10.32,12.1,Low,Low
11880,Liam Anderson,liamanderson1880@attrisense-org.com,33,Non-binary,Marketing,Mid-Level,10338,4,Low,Average,No,Below Average,0,29.29,29.06,Low,Low
11881,David Kumar,davidkumar1881@attrisense-org.com,22,Female,Product Management,Mid-Level,8428,5,Low,Average,Yes,Average,0,85.41,86.5,High,High
11882,James Singh,jamessingh1882@attrisense-org.com,36,Female,Sales & BD,Entry,7722,15,High,Poor,Yes,High,2,49.46,49.91,Medium,Medium
11883,Jessica Miller,jessicamiller1883@attrisense-org.com,57,Male,Finance,Executive,21254,13,High,Poor,No,Low,1,24.86,25.13,Low,Low
11884,James Martin,jamesmartin1884@attrisense-org.com,56,Male,Sales & BD,Entry,6777,6,High,Poor,No,Average,0,11.1,10.41,Low,Low
11885,Lucas Johnson,lucasjohnson1885@attrisense-org.com,34,Non-binary,Engineering,Entry,8978,5,Low,Good,No,Low,1,23.41,22.84,Low,Low
11886,Sanjay Hernandez,sanjayhernandez1886@attrisense-org.com,53,Female,Marketing,Mid-Level,11285,5,Medium,Good,No,Below Average,1,88.39,87.37,High,High
11887,Robert Miller,robertmiller1887@attrisense-org.com,26,Female,Human Resources,Executive,23590,7,Low,Poor,Yes,Below Average,2,56.93,56.13,Medium,Medium
11888,Elena Lopez,elenalopez1888@attrisense-org.com,40,Male,Finance,Entry,7371,4,High,Average,Yes,Low,2,13.45,11.74,Low,Low
11889,Amit Garcia,amitgarcia1889@attrisense-org.com,26,Non-binary,Engineering,Senior,11630,13,Medium,Good,No,Below Average,1,13.7,12.55,Low,Low
11890,William Kumar,williamkumar1890@attrisense-org.com,57,Male,Product Management,Mid-Level,11825,13,Medium,Poor,No,Low,3,15.58,17.23,Low,Low
11891,Lucas Kumar,lucaskumar1891@attrisense-org.com,26,Male,Engineering,Mid-Level,11166,13,Low,Good,No,High,0,90.06,90.31,High,High
11892,Anjali Anderson,anjalianderson1892@attrisense-org.com,35,Male,Engineering,Lead,14662,13,Medium,Good,No,Low,1,53.15,52.51,Medium,Medium
11893,Sophia Thomas,sophiathomas1893@attrisense-org.com,48,Non-binary,Marketing,Senior,15081,7,Medium,Poor,Yes,High,0,21.51,21.38,Low,Low
11894,Karen Jones,karenjones1894@attrisense-org.com,43,Male,Finance,Mid-Level,10921,13,Medium,Average,No,Low,0,12.83,13.27,Low,Low
11895,Lucas Williams,lucaswilliams1895@attrisense-org.com,47,Male,Product Management,Entry,7557,8,Medium,Good,No,High,1,29.32,29.14,Low,Low
11896,Linda Rodriguez,lindarodriguez1896@attrisense-org.com,51,Female,Human Resources,Entry,6311,3,High,Average,Yes,Below Average,0,92.78,94.2,High,High
11897,Elena Garcia,elenagarcia1897@attrisense-org.com,48,Male,Human Resources,Lead,14699,7,Low,Average,Yes,Low,3,59.53,57.87,Medium,Medium
11898,Amit Smith,amitsmith1898@attrisense-org.com,24,Female,Human Resources,Mid-Level,8715,8,Low,Poor,No,High,2,30.0,29.08,Low,Low
11899,Sarah Garcia,sarahgarcia1899@attrisense-org.com,25,Female,Finance,Mid-Level,9230,6,High,Poor,Yes,High,0,20.76,18.96,Low,Low
11900,William Brown,williambrown1900@attrisense-org.com,58,Female,Marketing,Senior,11809,8,Low,Good,Yes,Low,3,23.5,23.28,Low,Low
11901,William Moore,williammoore1901@attrisense-org.com,27,Non-binary,Finance,Mid-Level,8947,9,Low,Average,Yes,Average,1,75.48,77.46,High,High
11902,Sanjay Hernandez,sanjayhernandez1902@attrisense-org.com,53,Male,Sales & BD,Lead,16777,14,Medium,Average,Yes,Low,2,56.49,56.34,Medium,Medium
11903,Amit Thomas,amitthomas1903@attrisense-org.com,37,Male,Engineering,Lead,18101,10,Low,Poor,No,Average,0,31.95,32.73,Low,Low
11904,James Lopez,jameslopez1904@attrisense-org.com,52,Non-binary,Human Resources,Entry,6890,4,High,Good,No,Low,3,29.57,27.96,Low,Low
11905,James Rao,jamesrao1905@attrisense-org.com,52,Male,Product Management,Executive,21393,15,High,Good,Yes,High,2,17.9,18.25,Low,Low
11906,Amit Hernandez,amithernandez1906@attrisense-org.com,35,Male,Engineering,Entry,6460,4,Low,Poor,Yes,Low,1,87.97,87.92,High,High
11907,William Johnson,williamjohnson1907@attrisense-org.com,44,Non-binary,Engineering,Lead,15652,15,Medium,Poor,No,Average,1,46.94,48.06,Medium,Medium
11908,Sophia Johnson,sophiajohnson1908@attrisense-org.com,56,Non-binary,Human Resources,Entry,4566,8,High,Poor,Yes,Below Average,3,28.81,30.03,Low,Low
11909,John Davis,johndavis1909@attrisense-org.com,24,Male,Human Resources,Entry,8252,12,Low,Average,No,Low,2,15.55,14.35,Low,Low
11910,Elena Patel,elenapatel1910@attrisense-org.com,27,Female,Human Resources,Executive,21671,3,Low,Poor,No,Low,0,31.86,30.45,Low,Low
11911,Liam Johnson,liamjohnson1911@attrisense-org.com,24,Non-binary,Sales & BD,Lead,18012,10,High,Poor,Yes,Below Average,1,95.63,93.65,High,High
11912,Rahul Martin,rahulmartin1912@attrisense-org.com,38,Non-binary,Marketing,Lead,18501,9,Medium,Good,No,High,2,53.96,53.76,Medium,Medium
11913,John Wilson,johnwilson1913@attrisense-org.com,28,Male,Engineering,Senior,14033,10,High,Average,No,Low,2,15.25,16.98,Low,Low
11914,Priya Joshi,priyajoshi1914@attrisense-org.com,53,Male,Finance,Entry,8970,13,High,Good,Yes,High,0,13.26,12.36,Low,Low
11915,Neha Moore,nehamoore1915@attrisense-org.com,39,Non-binary,Product Management,Lead,16117,3,Medium,Poor,No,High,0,21.01,21.69,Low,Low
11916,John Jones,johnjones1916@attrisense-org.com,42,Female,Engineering,Lead,15485,3,High,Good,Yes,Average,1,78.18,77.56,High,High
11917,James Hernandez,jameshernandez1917@attrisense-org.com,57,Female,Marketing,Lead,18145,4,High,Average,No,Low,3,47.38,46.9,Medium,Medium
11918,Michael Taylor,michaeltaylor1918@attrisense-org.com,51,Female,Marketing,Senior,12600,15,High,Poor,No,High,3,30.87,31.6,Low,Low
11919,John Patel,johnpatel1919@attrisense-org.com,55,Male,Product Management,Executive,23111,10,High,Poor,No,Average,1,21.29,20.82,Low,Low
11920,Lisa Patel,lisapatel1920@attrisense-org.com,41,Female,Marketing,Mid-Level,9839,7,Medium,Poor,Yes,High,3,17.68,17.34,Low,Low
11921,Sophia Kumar,sophiakumar1921@attrisense-org.com,35,Male,Product Management,Entry,4752,12,High,Average,No,Below Average,2,85.77,86.31,High,High
11922,Sanjay Rodriguez,sanjayrodriguez1922@attrisense-org.com,22,Female,Marketing,Executive,24869,7,High,Good,Yes,Average,2,50.72,51.01,Medium,Medium
11923,Liam Anderson,liamanderson1923@attrisense-org.com,31,Non-binary,Human Resources,Mid-Level,8526,13,High,Poor,Yes,Average,3,9.1,10.12,Low,Low
11924,Daniel Sharma,danielsharma1924@attrisense-org.com,24,Non-binary,Product Management,Entry,8412,1,Low,Average,Yes,Average,1,16.28,15.32,Low,Low
11925,Sanjay Lopez,sanjaylopez1925@attrisense-org.com,50,Male,Sales & BD,Entry,7915,10,High,Average,No,Below Average,0,21.83,20.47,Low,Low
11926,Nancy Patel,nancypatel1926@attrisense-org.com,34,Female,Marketing,Executive,22588,7,High,Good,No,High,2,78.62,77.69,High,High
11927,William Garcia,williamgarcia1927@attrisense-org.com,36,Non-binary,Finance,Entry,8237,14,Medium,Poor,No,Low,2,61.53,61.68,Medium,Medium
11928,Sophia Joshi,sophiajoshi1928@attrisense-org.com,48,Non-binary,Marketing,Entry,8205,14,Low,Poor,Yes,High,0,17.83,18.61,Low,Low
11929,Sanjay Sharma,sanjaysharma1929@attrisense-org.com,26,Male,Sales & BD,Lead,17508,4,High,Poor,No,High,2,21.94,23.24,Low,Low
11930,Linda Joshi,lindajoshi1930@attrisense-org.com,41,Female,Engineering,Lead,18488,8,Medium,Poor,Yes,Below Average,1,25.93,24.56,Low,Low
11931,John Brown,johnbrown1931@attrisense-org.com,23,Male,Product Management,Mid-Level,11566,12,High,Poor,Yes,Low,3,90.73,92.17,High,High
11932,Emma Jones,emmajones1932@attrisense-org.com,49,Non-binary,Sales & BD,Lead,17392,1,High,Poor,Yes,Low,3,54.28,55.23,Medium,Medium
11933,Karen Thomas,karenthomas1933@attrisense-org.com,37,Female,Product Management,Senior,14793,1,Medium,Good,No,Average,3,29.58,31.27,Low,Low
11934,John Wilson,johnwilson1934@attrisense-org.com,55,Male,Human Resources,Executive,24394,9,Medium,Average,Yes,Low,1,9.88,11.81,Low,Low
11935,Lisa Wilson,lisawilson1935@attrisense-org.com,39,Non-binary,Human Resources,Entry,7621,10,Low,Good,Yes,Average,0,20.29,22.17,Low,Low
11936,Aarav Patel,aaravpatel1936@attrisense-org.com,52,Non-binary,Sales & BD,Entry,6072,7,Low,Poor,Yes,High,3,86.26,86.64,High,High
11937,Robert Singh,robertsingh1937@attrisense-org.com,47,Female,Product Management,Senior,15953,10,Medium,Good,Yes,Average,1,57.84,56.21,Medium,Medium
11938,Sophia Moore,sophiamoore1938@attrisense-org.com,22,Female,Sales & BD,Mid-Level,10508,11,Medium,Average,No,Low,1,23.41,23.24,Low,Low
11939,Vikram Anderson,vikramanderson1939@attrisense-org.com,25,Non-binary,Sales & BD,Executive,24624,2,High,Average,No,Low,0,33.86,33.97,Low,Low
11940,Vikram Rodriguez,vikramrodriguez1940@attrisense-org.com,33,Male,Marketing,Entry,8163,5,Low,Good,Yes,Low,1,28.06,28.6,Low,Low
11941,Lucas Thomas,lucasthomas1941@attrisense-org.com,22,Female,Product Management,Lead,14941,13,High,Poor,No,Low,0,80.56,79.47,High,High
11942,Sophia Garcia,sophiagarcia1942@attrisense-org.com,49,Male,Engineering,Senior,11816,11,Low,Poor,Yes,Low,3,58.09,58.93,Medium,Medium
11943,Aarav Rao,aaravrao1943@attrisense-org.com,36,Male,Finance,Executive,20767,2,High,Poor,No,High,0,21.19,21.15,Low,Low
11944,Lisa Anderson,lisaanderson1944@attrisense-org.com,52,Male,Human Resources,Mid-Level,8537,9,Low,Poor,Yes,Below Average,2,19.53,19.52,Low,Low
11945,Aarav Brown,aaravbrown1945@attrisense-org.com,32,Non-binary,Engineering,Senior,13745,9,Low,Poor,Yes,High,0,27.29,25.9,Low,Low
11946,Emma Smith,emmasmith1946@attrisense-org.com,25,Female,Finance,Entry,8002,6,Low,Good,Yes,High,0,91.59,91.13,High,High
11947,Sanjay Joshi,sanjayjoshi1947@attrisense-org.com,33,Male,Product Management,Lead,17327,4,High,Average,No,Low,2,48.21,48.15,Medium,Medium
11948,Karen Chen,karenchen1948@attrisense-org.com,29,Male,Marketing,Mid-Level,8000,3,High,Average,Yes,Low,2,19.43,20.71,Low,Low
11949,Priya Brown,priyabrown1949@attrisense-org.com,53,Non-binary,Marketing,Mid-Level,8944,15,High,Average,Yes,Low,0,33.41,32.77,Low,Low
11950,Linda Moore,lindamoore1950@attrisense-org.com,34,Non-binary,Engineering,Entry,8905,12,Low,Poor,Yes,Below Average,1,34.17,33.23,Low,Low
11951,Priya Rao,priyarao1951@attrisense-org.com,26,Male,Sales & BD,Senior,14815,3,Low,Average,No,Below Average,1,84.11,84.67,High,High
11952,Sanjay Garcia,sanjaygarcia1952@attrisense-org.com,36,Non-binary,Engineering,Senior,12799,15,Medium,Average,Yes,Average,0,49.11,49.16,Medium,Medium
11953,John Jones,johnjones1953@attrisense-org.com,42,Male,Marketing,Senior,13254,9,High,Poor,Yes,High,1,10.99,11.51,Low,Low
11954,Rahul Miller,rahulmiller1954@attrisense-org.com,51,Male,Human Resources,Mid-Level,9687,8,Medium,Average,Yes,Below Average,0,9.86,11.03,Low,Low
11955,Nancy Singh,nancysingh1955@attrisense-org.com,57,Male,Finance,Senior,12028,15,Medium,Good,No,Average,0,31.24,31.79,Low,Low
11956,David Williams,davidwilliams1956@attrisense-org.com,34,Male,Human Resources,Senior,15683,4,High,Poor,No,Average,2,84.21,84.39,High,High
11957,Priya Anderson,priyaanderson1957@attrisense-org.com,47,Male,Product Management,Entry,4953,6,Medium,Average,Yes,Below Average,2,47.8,45.88,Medium,Medium
11958,Carlos Rodriguez,carlosrodriguez1958@attrisense-org.com,44,Female,Sales & BD,Lead,18179,5,Low,Poor,No,Low,3,18.59,17.78,Low,Low
11959,Emma Davis,emmadavis1959@attrisense-org.com,44,Male,Sales & BD,Senior,13451,8,High,Good,No,Average,1,23.83,22.51,Low,Low
11960,Elena Sharma,elenasharma1960@attrisense-org.com,26,Female,Product Management,Senior,14244,3,Low,Average,Yes,Below Average,0,29.09,30.04,Low,Low
11961,Sophia Joshi,sophiajoshi1961@attrisense-org.com,39,Male,Sales & BD,Executive,23352,7,Low,Good,No,Average,3,84.59,85.89,High,High
11962,Liam Martinez,liammartinez1962@attrisense-org.com,22,Non-binary,Sales & BD,Mid-Level,9428,9,Low,Poor,Yes,Below Average,0,56.88,57.42,Medium,Medium
11963,Sophia Chen,sophiachen1963@attrisense-org.com,44,Non-binary,Human Resources,Senior,13128,12,High,Poor,No,High,0,27.02,25.68,Low,Low
11964,Vikram Wilson,vikramwilson1964@attrisense-org.com,52,Female,Marketing,Mid-Level,9309,2,Low,Average,Yes,High,2,21.91,22.4,Low,Low
11965,Olivia Smith,oliviasmith1965@attrisense-org.com,23,Female,Engineering,Senior,12970,15,Low,Poor,Yes,Low,0,31.84,31.77,Low,Low
11966,Rahul Hernandez,rahulhernandez1966@attrisense-org.com,54,Male,Engineering,Executive,22036,2,High,Average,No,Average,0,83.53,82.06,High,High
11967,Karen Lee,karenlee1967@attrisense-org.com,29,Male,Product Management,Lead,14785,7,Low,Average,Yes,High,1,54.18,54.25,Medium,Medium
11968,Arjun Joshi,arjunjoshi1968@attrisense-org.com,53,Male,Human Resources,Mid-Level,11570,11,Medium,Average,Yes,Average,1,24.51,24.5,Low,Low
11969,Elena Martin,elenamartin1969@attrisense-org.com,58,Female,Engineering,Executive,22321,13,Low,Average,Yes,Below Average,1,12.0,13.34,Low,Low
11970,Sanjay Lee,sanjaylee1970@attrisense-org.com,54,Male,Engineering,Mid-Level,10974,6,High,Poor,Yes,Average,3,12.42,11.85,Low,Low
11971,William Kumar,williamkumar1971@attrisense-org.com,41,Non-binary,Finance,Senior,15562,1,High,Average,Yes,Below Average,2,77.98,79.23,High,High
11972,Vikram Patel,vikrampatel1972@attrisense-org.com,51,Female,Engineering,Senior,14875,9,High,Average,No,Low,2,52.75,51.88,Medium,Medium
11973,Linda Vance,lindavance1973@attrisense-org.com,45,Non-binary,Sales & BD,Senior,12813,4,High,Average,No,Average,0,11.76,12.84,Low,Low
11974,Robert Rodriguez,robertrodriguez1974@attrisense-org.com,56,Male,Finance,Senior,11678,5,High,Average,Yes,Below Average,3,30.35,29.47,Low,Low
11975,Karen Lee,karenlee1975@attrisense-org.com,49,Non-binary,Product Management,Mid-Level,10206,13,Medium,Poor,No,Below Average,1,21.48,21.56,Low,Low
11976,Jessica Vance,jessicavance1976@attrisense-org.com,42,Non-binary,Marketing,Senior,13123,9,Low,Good,Yes,High,2,77.85,79.21,High,High
11977,Sophia Kumar,sophiakumar1977@attrisense-org.com,55,Female,Marketing,Senior,15788,4,Medium,Poor,Yes,Low,2,58.92,60.83,Medium,Medium
11978,Sophia Rodriguez,sophiarodriguez1978@attrisense-org.com,29,Non-binary,Engineering,Mid-Level,10670,6,Medium,Good,Yes,High,3,11.33,11.04,Low,Low
11979,Sophia Kumar,sophiakumar1979@attrisense-org.com,22,Non-binary,Sales & BD,Entry,5164,13,High,Average,Yes,High,0,14.39,13.87,Low,Low
11980,Sophia Rao,sophiarao1980@attrisense-org.com,56,Male,Sales & BD,Lead,16780,5,Medium,Good,No,Low,1,11.23,10.94,Low,Low
11981,Nancy Lee,nancylee1981@attrisense-org.com,24,Non-binary,Finance,Executive,20750,2,Low,Average,No,Low,0,75.15,76.12,High,High
11982,Robert Johnson,robertjohnson1982@attrisense-org.com,54,Non-binary,Engineering,Mid-Level,7717,4,Low,Average,No,High,1,50.25,48.42,Medium,Medium
11983,Lisa Rodriguez,lisarodriguez1983@attrisense-org.com,41,Female,Marketing,Senior,15544,10,Medium,Good,Yes,Low,3,24.63,24.38,Low,Low
11984,Jessica Rao,jessicarao1984@attrisense-org.com,32,Non-binary,Sales & BD,Lead,18131,1,High,Good,No,High,2,11.33,10.45,Low,Low
11985,Olivia Thomas,oliviathomas1985@attrisense-org.com,28,Non-binary,Marketing,Lead,15302,13,Medium,Average,No,High,3,25.01,25.88,Low,Low
11986,Liam Patel,liampatel1986@attrisense-org.com,43,Non-binary,Marketing,Mid-Level,10530,10,Low,Good,Yes,High,3,76.51,76.71,High,High
11987,Sophia Martin,sophiamartin1987@attrisense-org.com,56,Non-binary,Marketing,Executive,24072,13,Low,Poor,No,Below Average,3,65.33,63.86,Medium,Medium
11988,Rahul Moore,rahulmoore1988@attrisense-org.com,51,Female,Product Management,Mid-Level,10971,7,Medium,Poor,Yes,Below Average,3,15.41,14.09,Low,Low
11989,Olivia Wilson,oliviawilson1989@attrisense-org.com,49,Female,Sales & BD,Entry,5939,6,High,Average,Yes,Below Average,1,25.6,24.42,Low,Low
11990,Elena Garcia,elenagarcia1990@attrisense-org.com,58,Male,Marketing,Lead,18940,5,Low,Average,Yes,Average,2,28.42,29.69,Low,Low
11991,Nancy Anderson,nancyanderson1991@attrisense-org.com,42,Female,Engineering,Entry,7278,15,Low,Average,No,High,3,87.25,88.19,High,High
11992,Elena Jones,elenajones1992@attrisense-org.com,24,Male,Marketing,Lead,17039,5,High,Poor,Yes,Below Average,0,58.13,58.76,Medium,Medium
11993,Sarah Kumar,sarahkumar1993@attrisense-org.com,53,Female,Finance,Lead,17732,1,High,Good,Yes,Low,1,21.24,20.88,Low,Low
11994,Emma Rodriguez,emmarodriguez1994@attrisense-org.com,45,Non-binary,Product Management,Entry,4536,10,High,Good,No,High,3,15.06,15.52,Low,Low
11995,Sophia Martinez,sophiamartinez1995@attrisense-org.com,29,Non-binary,Human Resources,Mid-Level,9109,9,High,Average,No,Below Average,1,11.42,12.61,Low,Low
11996,Arjun Johnson,arjunjohnson1996@attrisense-org.com,33,Female,Finance,Entry,5588,7,High,Poor,No,High,3,92.21,92.19,High,High
11997,William Rodriguez,williamrodriguez1997@attrisense-org.com,29,Male,Finance,Mid-Level,8641,10,High,Average,No,Average,2,51.58,52.98,Medium,Medium
11998,Michael Lee,michaellee1998@attrisense-org.com,52,Female,Sales & BD,Executive,24177,6,High,Average,No,High,3,12.21,12.31,Low,Low
11999,Karen Brown,karenbrown1999@attrisense-org.com,28,Female,Finance,Entry,6342,10,Low,Good,Yes,Average,3,22.91,24.75,Low,Low
12000,Priya Rodriguez,priyarodriguez2000@attrisense-org.com,23,Male,Finance,Entry,8962,12,Medium,Poor,No,Below Average,2,28.82,28.81,Low,Low
12001,Emma Brown,emmabrown2001@attrisense-org.com,25,Female,Human Resources,Mid-Level,10619,5,Low,Poor,Yes,Low,0,77.28,77.35,High,High
12002,John Garcia,johngarcia2002@attrisense-org.com,45,Female,Marketing,Mid-Level,9127,15,Medium,Good,No,Average,0,47.89,47.48,Medium,Medium
12003,Sarah Johnson,sarahjohnson2003@attrisense-org.com,45,Non-binary,Engineering,Lead,16169,13,Low,Good,Yes,Low,1,31.45,29.86,Low,Low
12004,John Smith,johnsmith2004@attrisense-org.com,32,Male,Marketing,Senior,15109,5,Medium,Poor,No,Low,2,29.2,28.6,Low,Low
12005,Aarav Kumar,aaravkumar2005@attrisense-org.com,42,Non-binary,Product Management,Lead,16296,1,Medium,Poor,Yes,High,1,22.01,22.53,Low,Low
12006,Elena Brown,elenabrown2006@attrisense-org.com,28,Non-binary,Product Management,Entry,4509,10,Medium,Good,Yes,Below Average,3,75.99,75.87,High,High
12007,William Kumar,williamkumar2007@attrisense-org.com,51,Non-binary,Marketing,Lead,18429,7,Low,Good,Yes,High,2,50.57,49.36,Medium,Medium
12008,Liam Thomas,liamthomas2008@attrisense-org.com,51,Non-binary,Human Resources,Mid-Level,9437,13,High,Good,Yes,Below Average,1,28.47,28.95,Low,Low
12009,Carlos Lopez,carloslopez2009@attrisense-org.com,28,Male,Human Resources,Executive,22326,1,Medium,Average,No,Average,3,25.11,24.14,Low,Low
12010,Amit Rao,amitrao2010@attrisense-org.com,41,Non-binary,Human Resources,Lead,18456,7,Medium,Average,Yes,Average,3,29.07,28.28,Low,Low
12011,Linda Kumar,lindakumar2011@attrisense-org.com,39,Female,Product Management,Lead,18491,1,Low,Average,Yes,Average,0,75.49,76.95,High,High
12012,Aarav Johnson,aaravjohnson2012@attrisense-org.com,40,Female,Engineering,Mid-Level,8904,3,High,Poor,No,Low,2,53.0,54.07,Medium,Medium
12013,Liam Joshi,liamjoshi2013@attrisense-org.com,50,Female,Human Resources,Mid-Level,8677,9,Low,Average,No,Low,0,29.75,30.62,Low,Low
12014,Karen Vance,karenvance2014@attrisense-org.com,35,Non-binary,Product Management,Executive,24203,4,Medium,Good,Yes,Average,1,30.67,31.04,Low,Low
12015,Daniel Lopez,daniellopez2015@attrisense-org.com,52,Male,Product Management,Senior,11578,6,Medium,Poor,No,Low,2,15.38,14.54,Low,Low
12016,Lisa Chen,lisachen2016@attrisense-org.com,51,Male,Sales & BD,Entry,6107,1,Low,Poor,Yes,Average,1,91.1,90.79,High,High
12017,John Lee,johnlee2017@attrisense-org.com,50,Male,Human Resources,Entry,6073,9,Medium,Average,Yes,High,2,45.27,47.24,Medium,Medium
12018,Sophia Vance,sophiavance2018@attrisense-org.com,24,Male,Marketing,Lead,16732,2,Medium,Poor,No,Low,3,26.46,25.71,Low,Low
12019,Priya Jones,priyajones2019@attrisense-org.com,53,Female,Human Resources,Entry,7188,3,Medium,Good,No,Low,3,17.03,17.58,Low,Low
12020,John Williams,johnwilliams2020@attrisense-org.com,56,Male,Sales & BD,Lead,14662,14,Medium,Poor,Yes,Low,3,14.32,13.71,Low,Low
12021,Nancy Joshi,nancyjoshi2021@attrisense-org.com,31,Non-binary,Human Resources,Executive,21992,2,High,Average,No,Low,3,81.49,80.07,High,High
12022,Liam Brown,liambrown2022@attrisense-org.com,38,Non-binary,Product Management,Senior,13816,15,Low,Poor,No,Average,0,52.51,53.05,Medium,Medium
12023,Priya Lopez,priyalopez2023@attrisense-org.com,23,Male,Finance,Senior,15609,14,Medium,Average,No,Below Average,0,17.33,16.61,Low,Low
12024,Sarah Moore,sarahmoore2024@attrisense-org.com,27,Female,Engineering,Mid-Level,11184,10,High,Poor,Yes,Low,0,27.77,28.12,Low,Low
12025,Liam Lopez,liamlopez2025@attrisense-org.com,47,Non-binary,Marketing,Entry,7148,2,Low,Average,Yes,Low,2,28.74,28.81,Low,Low
12026,Aarav Patel,aaravpatel2026@attrisense-org.com,22,Female,Marketing,Entry,6544,12,Medium,Good,Yes,Average,3,82.62,82.4,High,High
12027,Carlos Rodriguez,carlosrodriguez2027@attrisense-org.com,57,Male,Engineering,Lead,14705,6,Low,Average,Yes,Low,3,49.05,49.82,Medium,Medium
12028,Priya Lee,priyalee2028@attrisense-org.com,48,Non-binary,Finance,Senior,12844,1,High,Good,No,Low,0,19.08,18.26,Low,Low
12029,Anjali Martinez,anjalimartinez2029@attrisense-org.com,51,Female,Marketing,Senior,13724,5,High,Average,Yes,Low,2,29.08,27.66,Low,Low
12030,Daniel Lee,daniellee2030@attrisense-org.com,56,Male,Marketing,Lead,16919,2,Medium,Poor,Yes,Average,2,26.81,25.82,Low,Low
12031,Neha Brown,nehabrown2031@attrisense-org.com,44,Female,Engineering,Mid-Level,10156,4,High,Good,No,Low,0,84.73,83.93,High,High
12032,James Rao,jamesrao2032@attrisense-org.com,37,Female,Product Management,Lead,17921,12,Low,Poor,No,Below Average,2,46.93,48.07,Medium,Medium
12033,Sophia Brown,sophiabrown2033@attrisense-org.com,27,Male,Human Resources,Lead,17026,3,Low,Average,Yes,Low,1,18.96,19.61,Low,Low
12034,John Williams,johnwilliams2034@attrisense-org.com,42,Female,Sales & BD,Senior,13616,12,Medium,Poor,No,High,2,24.0,23.21,Low,Low
12035,David Garcia,davidgarcia2035@attrisense-org.com,38,Male,Human Resources,Executive,22675,11,Medium,Poor,No,Below Average,2,25.6,26.96,Low,Low
12036,Olivia Lee,olivialee2036@attrisense-org.com,31,Non-binary,Sales & BD,Senior,15100,14,Low,Good,No,High,1,92.31,94.29,High,High
12037,Carlos Joshi,carlosjoshi2037@attrisense-org.com,45,Female,Engineering,Lead,14958,6,High,Good,No,Average,0,45.31,46.73,Medium,Medium
12038,Vikram Rao,vikramrao2038@attrisense-org.com,51,Non-binary,Sales & BD,Lead,18948,5,Medium,Good,No,High,0,31.96,32.22,Low,Low
12039,Arjun Rodriguez,arjunrodriguez2039@attrisense-org.com,50,Female,Engineering,Lead,15903,14,Medium,Poor,No,Average,1,10.43,11.54,Low,Low
12040,Karen Kim,karenkim2040@attrisense-org.com,36,Male,Product Management,Senior,14364,1,High,Good,Yes,High,0,10.07,11.92,Low,Low
12041,Aarav Hernandez,aaravhernandez2041@attrisense-org.com,22,Non-binary,Marketing,Executive,20943,15,High,Poor,No,Low,0,84.63,82.69,High,High
12042,James Lopez,jameslopez2042@attrisense-org.com,41,Male,Sales & BD,Entry,5680,6,Low,Poor,Yes,High,3,56.75,56.67,Medium,Medium
12043,John Jones,johnjones2043@attrisense-org.com,47,Male,Finance,Executive,22398,10,Medium,Good,Yes,Average,3,27.47,27.08,Low,Low
12044,Sarah Brown,sarahbrown2044@attrisense-org.com,41,Male,Sales & BD,Mid-Level,11133,9,Medium,Poor,No,Average,2,33.98,32.7,Low,Low
12045,Arjun Kim,arjunkim2045@attrisense-org.com,56,Female,Human Resources,Mid-Level,9890,2,Low,Average,Yes,High,2,25.13,25.37,Low,Low
12046,William Garcia,williamgarcia2046@attrisense-org.com,41,Male,Sales & BD,Entry,5165,8,Low,Good,No,Average,1,79.66,79.03,High,High
12047,Nancy Rao,nancyrao2047@attrisense-org.com,41,Female,Engineering,Lead,18049,14,Low,Average,Yes,Low,2,59.41,60.27,Medium,Medium
12048,James Rao,jamesrao2048@attrisense-org.com,41,Male,Sales & BD,Entry,5770,14,Medium,Average,Yes,High,2,11.21,10.81,Low,Low
12049,Rahul Brown,rahulbrown2049@attrisense-org.com,23,Non-binary,Sales & BD,Lead,16868,9,Low,Poor,Yes,Low,3,21.31,22.38,Low,Low
12050,Amit Sharma,amitsharma2050@attrisense-org.com,54,Male,Sales & BD,Entry,5895,8,Medium,Poor,Yes,Below Average,2,12.21,14.07,Low,Low
12051,Nancy Singh,nancysingh2051@attrisense-org.com,33,Male,Product Management,Senior,12305,3,Low,Poor,Yes,Low,2,77.79,79.79,High,High
12052,Carlos Kim,carloskim2052@attrisense-org.com,54,Female,Engineering,Lead,18565,6,Medium,Good,No,High,0,49.98,47.99,Medium,Medium
12053,John Chen,johnchen2053@attrisense-org.com,45,Male,Product Management,Executive,21357,6,Medium,Good,Yes,Below Average,3,28.12,28.71,Low,Low
12054,Olivia Martin,oliviamartin2054@attrisense-org.com,47,Male,Sales & BD,Mid-Level,11837,11,High,Poor,No,Low,3,19.82,19.48,Low,Low
12055,Arjun Vance,arjunvance2055@attrisense-org.com,40,Female,Marketing,Senior,13112,4,Low,Good,Yes,Average,3,23.38,22.43,Low,Low
12056,Linda Johnson,lindajohnson2056@attrisense-org.com,56,Female,Engineering,Senior,14658,10,Low,Good,Yes,High,2,74.73,76.37,High,High
12057,Sophia Anderson,sophiaanderson2057@attrisense-org.com,47,Female,Engineering,Lead,17800,5,Low,Good,Yes,High,1,51.73,50.41,Medium,Medium
12058,John Lopez,johnlopez2058@attrisense-org.com,51,Female,Marketing,Lead,15659,13,Low,Average,Yes,Average,0,31.35,31.96,Low,Low
12059,Olivia Wilson,oliviawilson2059@attrisense-org.com,32,Female,Finance,Mid-Level,9192,2,Low,Average,No,Average,2,32.23,33.12,Low,Low
12060,James Davis,jamesdavis2060@attrisense-org.com,55,Male,Finance,Executive,24252,8,Low,Good,Yes,Below Average,2,23.33,24.55,Low,Low
12061,Arjun Singh,arjunsingh2061@attrisense-org.com,41,Non-binary,Marketing,Lead,15865,15,High,Good,No,Low,1,93.89,93.59,High,High
12062,Anjali Davis,anjalidavis2062@attrisense-org.com,50,Female,Product Management,Mid-Level,8231,15,High,Poor,No,Average,2,49.59,49.96,Medium,Medium
12063,Neha Smith,nehasmith2063@attrisense-org.com,26,Male,Finance,Lead,15013,8,Low,Average,No,High,1,10.85,12.56,Low,Low
12064,Emma Martinez,emmamartinez2064@attrisense-org.com,24,Non-binary,Product Management,Lead,16908,14,High,Poor,No,Average,2,18.85,17.06,Low,Low
12065,Sarah Singh,sarahsingh2065@attrisense-org.com,37,Female,Engineering,Entry,7230,14,High,Average,No,Below Average,1,31.1,29.27,Low,Low
12066,Lisa Smith,lisasmith2066@attrisense-org.com,58,Female,Product Management,Mid-Level,10831,4,Medium,Poor,Yes,Average,3,93.77,92.52,High,High
12067,Sarah Johnson,sarahjohnson2067@attrisense-org.com,26,Male,Sales & BD,Executive,23420,8,Low,Average,Yes,Average,2,56.7,55.92,Medium,Medium
12068,Sanjay Williams,sanjaywilliams2068@attrisense-org.com,43,Male,Engineering,Executive,24274,12,Medium,Average,Yes,Low,0,33.44,33.19,Low,Low
12069,Carlos Rodriguez,carlosrodriguez2069@attrisense-org.com,51,Non-binary,Sales & BD,Senior,11685,8,Low,Good,Yes,High,1,29.51,28.48,Low,Low
12070,Neha Miller,nehamiller2070@attrisense-org.com,43,Non-binary,Human Resources,Executive,23667,10,High,Average,Yes,Average,0,32.91,33.07,Low,Low
12071,Lisa Davis,lisadavis2071@attrisense-org.com,32,Male,Sales & BD,Entry,4911,11,Medium,Average,No,High,0,84.56,84.21,High,High
12072,Sarah Singh,sarahsingh2072@attrisense-org.com,40,Non-binary,Marketing,Executive,21564,12,Low,Poor,Yes,Below Average,1,43.99,45.52,Medium,Medium
12073,Amit Wilson,amitwilson2073@attrisense-org.com,44,Female,Human Resources,Executive,23249,4,Medium,Poor,Yes,High,2,12.15,11.62,Low,Low
12074,Michael Brown,michaelbrown2074@attrisense-org.com,29,Female,Product Management,Executive,23048,2,Low,Good,No,Average,3,34.57,33.86,Low,Low
12075,Sophia Kumar,sophiakumar2075@attrisense-org.com,29,Female,Product Management,Lead,17361,15,High,Poor,No,Low,0,14.78,15.52,Low,Low
12076,Carlos Wilson,carloswilson2076@attrisense-org.com,40,Male,Finance,Lead,16921,14,High,Average,Yes,Average,3,94.18,94.11,High,High
12077,James Joshi,jamesjoshi2077@attrisense-org.com,23,Non-binary,Sales & BD,Lead,16574,10,High,Poor,No,High,3,46.51,45.18,Medium,Medium
12078,Lisa Moore,lisamoore2078@attrisense-org.com,51,Non-binary,Product Management,Lead,15562,2,High,Good,No,High,0,14.33,15.96,Low,Low
12079,Neha Sharma,nehasharma2079@attrisense-org.com,48,Female,Engineering,Mid-Level,7837,11,Medium,Good,No,Below Average,0,27.45,26.17,Low,Low
12080,Priya Chen,priyachen2080@attrisense-org.com,50,Non-binary,Marketing,Mid-Level,10886,7,Medium,Good,Yes,Below Average,1,13.55,11.82,Low,Low
12081,Elena Taylor,elenataylor2081@attrisense-org.com,44,Non-binary,Engineering,Mid-Level,8933,6,Low,Good,No,Average,1,83.94,84.53,High,High
12082,Emma Hernandez,emmahernandez2082@attrisense-org.com,25,Non-binary,Engineering,Executive,22151,7,High,Average,Yes,Below Average,1,61.07,61.99,Medium,Medium
12083,Arjun Martinez,arjunmartinez2083@attrisense-org.com,27,Female,Engineering,Executive,21382,6,Low,Good,Yes,Below Average,2,33.46,32.73,Low,Low
12084,Neha Lopez,nehalopez2084@attrisense-org.com,25,Male,Engineering,Executive,23324,3,Low,Average,Yes,Average,0,31.84,31.84,Low,Low
12085,Emma Wilson,emmawilson2085@attrisense-org.com,39,Male,Finance,Lead,15263,8,High,Average,Yes,Average,2,15.73,14.79,Low,Low
12086,Daniel Johnson,danieljohnson2086@attrisense-org.com,44,Female,Human Resources,Entry,8786,2,High,Poor,Yes,Low,1,91.28,92.45,High,High
12087,Aarav Taylor,aaravtaylor2087@attrisense-org.com,38,Non-binary,Engineering,Executive,21098,5,Medium,Good,Yes,Low,0,47.85,48.85,Medium,Medium
12088,Liam Lopez,liamlopez2088@attrisense-org.com,49,Female,Engineering,Entry,7396,1,Low,Good,Yes,Low,0,23.47,24.85,Low,Low
12089,Anjali Hernandez,anjalihernandez2089@attrisense-org.com,38,Non-binary,Product Management,Mid-Level,10105,15,Medium,Good,No,Low,1,14.24,12.56,Low,Low
12090,Lisa Lee,lisalee2090@attrisense-org.com,58,Female,Product Management,Senior,13223,14,High,Poor,No,High,2,26.87,26.22,Low,Low
12091,Sanjay Sharma,sanjaysharma2091@attrisense-org.com,35,Male,Finance,Entry,8423,6,High,Good,Yes,Average,3,88.34,87.28,High,High
12092,Sophia Smith,sophiasmith2092@attrisense-org.com,41,Male,Human Resources,Lead,18134,1,High,Poor,No,Below Average,2,53.46,55.29,Medium,Medium
12093,Michael Smith,michaelsmith2093@attrisense-org.com,51,Female,Engineering,Executive,24738,7,Medium,Good,No,Low,0,22.06,21.58,Low,Low
12094,Daniel Rao,danielrao2094@attrisense-org.com,26,Male,Product Management,Senior,15860,15,High,Average,No,Below Average,3,23.76,21.82,Low,Low
12095,Linda Anderson,lindaanderson2095@attrisense-org.com,28,Non-binary,Engineering,Executive,24553,9,Medium,Poor,Yes,Average,0,33.01,31.53,Low,Low
12096,Aarav Thomas,aaravthomas2096@attrisense-org.com,39,Non-binary,Finance,Mid-Level,9403,1,Medium,Average,Yes,Average,1,86.76,84.82,High,High
12097,Robert Joshi,robertjoshi2097@attrisense-org.com,51,Non-binary,Finance,Mid-Level,9774,4,Medium,Good,Yes,Average,3,61.52,62.4,Medium,Medium
12098,Karen Rao,karenrao2098@attrisense-org.com,25,Male,Sales & BD,Entry,5273,10,Low,Good,No,Below Average,3,15.64,15.33,Low,Low
12099,Elena Joshi,elenajoshi2099@attrisense-org.com,24,Male,Sales & BD,Entry,8316,12,Low,Good,Yes,Average,2,12.5,11.3,Low,Low
12100,Lucas Miller,lucasmiller2100@attrisense-org.com,22,Female,Marketing,Senior,15458,15,Medium,Good,No,Low,3,21.64,21.48,Low,Low
12101,Anjali Garcia,anjaligarcia2101@attrisense-org.com,53,Female,Product Management,Lead,16372,2,High,Average,No,Average,3,84.62,85.05,High,High
12102,Lisa Jones,lisajones2102@attrisense-org.com,26,Male,Sales & BD,Lead,15030,2,Low,Poor,No,Average,0,56.74,58.04,Medium,Medium
12103,Neha Rodriguez,neharodriguez2103@attrisense-org.com,39,Male,Human Resources,Senior,15199,9,High,Average,Yes,Low,0,34.23,33.44,Low,Low
12104,Emma Jones,emmajones2104@attrisense-org.com,33,Male,Human Resources,Entry,8146,3,Medium,Average,Yes,Average,1,21.8,21.04,Low,Low
12105,Aarav Martin,aaravmartin2105@attrisense-org.com,32,Non-binary,Finance,Mid-Level,11341,6,High,Good,Yes,High,3,9.12,10.28,Low,Low
12106,Lucas Davis,lucasdavis2106@attrisense-org.com,38,Female,Human Resources,Mid-Level,9792,5,Medium,Average,No,Average,2,85.92,86.62,High,High
12107,Arjun Chen,arjunchen2107@attrisense-org.com,35,Male,Human Resources,Mid-Level,8230,10,High,Good,No,Average,1,55.68,56.64,Medium,Medium
12108,Linda Smith,lindasmith2108@attrisense-org.com,58,Male,Finance,Lead,14950,12,Medium,Good,No,Average,1,22.12,23.17,Low,Low
12109,Lisa Martin,lisamartin2109@attrisense-org.com,32,Non-binary,Marketing,Mid-Level,8504,11,High,Poor,Yes,Average,2,21.76,21.31,Low,Low
12110,Sanjay Lee,sanjaylee2110@attrisense-org.com,22,Male,Marketing,Executive,22155,9,High,Average,No,High,0,18.78,18.78,Low,Low
12111,Linda Jones,lindajones2111@attrisense-org.com,28,Non-binary,Engineering,Entry,7532,5,Medium,Average,No,Below Average,2,80.01,79.21,High,High
12112,Linda Martinez,lindamartinez2112@attrisense-org.com,54,Non-binary,Marketing,Mid-Level,9184,5,High,Poor,No,Average,1,53.49,52.07,Medium,Medium
12113,Rahul Sharma,rahulsharma2113@attrisense-org.com,47,Non-binary,Human Resources,Executive,21704,7,Low,Good,No,Low,2,15.43,16.71,Low,Low
12114,Priya Singh,priyasingh2114@attrisense-org.com,38,Non-binary,Engineering,Lead,16222,13,Low,Average,No,Below Average,0,13.45,13.15,Low,Low
12115,Emma Joshi,emmajoshi2115@attrisense-org.com,38,Male,Engineering,Mid-Level,9968,8,High,Average,Yes,High,2,13.89,15.49,Low,Low
12116,Amit Rodriguez,amitrodriguez2116@attrisense-org.com,30,Non-binary,Product Management,Executive,21869,15,Medium,Average,No,High,0,79.34,80.4,High,High
12117,Daniel Thomas,danielthomas2117@attrisense-org.com,35,Male,Marketing,Entry,7385,9,Low,Good,No,Below Average,1,52.73,53.21,Medium,Medium
12118,Arjun Martinez,arjunmartinez2118@attrisense-org.com,40,Non-binary,Engineering,Entry,7199,14,Low,Poor,Yes,High,3,15.34,13.5,Low,Low
12119,Sophia Anderson,sophiaanderson2119@attrisense-org.com,24,Non-binary,Product Management,Executive,20912,6,Low,Good,No,Below Average,0,14.81,13.59,Low,Low
12120,Karen Thomas,karenthomas2120@attrisense-org.com,34,Male,Human Resources,Senior,15724,7,High,Good,Yes,Below Average,1,14.24,14.24,Low,Low
12121,Amit Rodriguez,amitrodriguez2121@attrisense-org.com,26,Female,Finance,Executive,21896,4,Low,Good,Yes,Average,2,96.31,94.91,High,High
12122,Sarah Jones,sarahjones2122@attrisense-org.com,35,Male,Marketing,Lead,17979,9,Medium,Average,No,Low,1,55.7,54.82,Medium,Medium
12123,Vikram Sharma,vikramsharma2123@attrisense-org.com,34,Non-binary,Product Management,Executive,20681,15,High,Poor,Yes,High,3,28.05,28.85,Low,Low
12124,William Vance,williamvance2124@attrisense-org.com,31,Male,Engineering,Mid-Level,8538,2,Medium,Average,Yes,Average,0,23.76,23.49,Low,Low
12125,Rahul Rao,rahulrao2125@attrisense-org.com,36,Non-binary,Product Management,Senior,12055,5,Low,Poor,Yes,Low,0,20.32,19.56,Low,Low
12126,Anjali Patel,anjalipatel2126@attrisense-org.com,31,Male,Product Management,Mid-Level,11556,10,Low,Average,No,High,0,77.46,76.2,High,High
12127,Anjali Wilson,anjaliwilson2127@attrisense-org.com,55,Female,Finance,Entry,8766,15,Medium,Average,Yes,Average,3,54.57,54.05,Medium,Medium
12128,Karen Williams,karenwilliams2128@attrisense-org.com,39,Non-binary,Marketing,Lead,15432,12,High,Average,Yes,Average,3,20.14,20.8,Low,Low
12129,Emma Taylor,emmataylor2129@attrisense-org.com,56,Non-binary,Sales & BD,Entry,4618,13,High,Average,Yes,Below Average,0,18.9,18.66,Low,Low
12130,Anjali Joshi,anjalijoshi2130@attrisense-org.com,48,Female,Finance,Senior,13724,13,Medium,Poor,No,Average,0,31.39,32.36,Low,Low
12131,Sanjay Lee,sanjaylee2131@attrisense-org.com,55,Male,Sales & BD,Senior,15260,14,Medium,Average,Yes,Below Average,1,73.88,75.4,High,High
12132,Amit Rodriguez,amitrodriguez2132@attrisense-org.com,58,Non-binary,Marketing,Mid-Level,9807,14,High,Poor,Yes,Below Average,0,63.33,61.48,Medium,Medium
12133,Aarav Johnson,aaravjohnson2133@attrisense-org.com,32,Male,Product Management,Executive,23233,4,Low,Good,Yes,Average,2,15.07,14.77,Low,Low
12134,Aarav Williams,aaravwilliams2134@attrisense-org.com,37,Non-binary,Human Resources,Executive,21962,8,Low,Good,Yes,Below Average,2,24.28,25.58,Low,Low
12135,Robert Jones,robertjones2135@attrisense-org.com,22,Non-binary,Human Resources,Executive,23313,10,Low,Good,No,Average,2,28.15,28.73,Low,Low
12136,Nancy Davis,nancydavis2136@attrisense-org.com,36,Female,Finance,Mid-Level,7978,11,High,Average,No,High,2,88.41,88.46,High,High
12137,Vikram Martinez,vikrammartinez2137@attrisense-org.com,46,Male,Finance,Mid-Level,8431,1,High,Poor,No,Low,0,60.55,58.99,Medium,Medium
12138,Carlos Williams,carloswilliams2138@attrisense-org.com,33,Male,Product Management,Entry,7609,13,Medium,Average,Yes,Low,0,18.3,19.15,Low,Low
12139,Sophia Wilson,sophiawilson2139@attrisense-org.com,52,Non-binary,Human Resources,Lead,17182,3,Medium,Average,Yes,High,2,23.74,25.16,Low,Low
12140,Nancy Chen,nancychen2140@attrisense-org.com,45,Non-binary,Finance,Executive,21201,4,High,Average,No,High,2,15.25,14.02,Low,Low
12141,Emma Brown,emmabrown2141@attrisense-org.com,24,Non-binary,Human Resources,Entry,7394,1,Medium,Good,Yes,Low,3,82.28,81.75,High,High
12142,Emma Davis,emmadavis2142@attrisense-org.com,54,Female,Engineering,Lead,15301,6,Low,Average,No,Below Average,2,57.26,55.86,Medium,Medium
12143,Daniel Joshi,danieljoshi2143@attrisense-org.com,42,Non-binary,Human Resources,Senior,12031,4,Medium,Average,No,Low,0,10.36,11.71,Low,Low
12144,David Brown,davidbrown2144@attrisense-org.com,55,Female,Engineering,Executive,23739,9,Low,Average,No,Low,1,14.75,15.48,Low,Low
12145,Elena Lee,elenalee2145@attrisense-org.com,50,Non-binary,Engineering,Lead,17995,4,Medium,Poor,No,Below Average,1,16.06,16.99,Low,Low
12146,Carlos Chen,carloschen2146@attrisense-org.com,34,Male,Marketing,Executive,24368,3,Low,Average,No,Low,3,86.97,87.89,High,High
12147,Lucas Williams,lucaswilliams2147@attrisense-org.com,36,Male,Finance,Senior,12005,13,Medium,Poor,No,Below Average,2,54.9,53.45,Medium,Medium
12148,Nancy Joshi,nancyjoshi2148@attrisense-org.com,44,Non-binary,Marketing,Lead,18583,12,Medium,Average,Yes,Average,2,19.07,18.72,Low,Low
12149,Karen Rodriguez,karenrodriguez2149@attrisense-org.com,36,Male,Sales & BD,Mid-Level,9978,3,Low,Average,No,High,0,32.83,33.17,Low,Low
12150,Robert Martin,robertmartin2150@attrisense-org.com,53,Female,Product Management,Lead,18380,13,High,Average,Yes,High,0,12.5,14.41,Low,Low
12151,Aarav Lee,aaravlee2151@attrisense-org.com,34,Male,Product Management,Entry,7867,9,High,Poor,Yes,High,3,90.21,89.56,High,High
12152,Arjun Johnson,arjunjohnson2152@attrisense-org.com,53,Male,Finance,Entry,8194,4,Low,Good,Yes,Low,0,63.67,62.87,Medium,Medium
12153,Jessica Garcia,jessicagarcia2153@attrisense-org.com,33,Non-binary,Sales & BD,Mid-Level,10084,14,Low,Good,Yes,Low,2,10.59,11.92,Low,Low
12154,Elena Williams,elenawilliams2154@attrisense-org.com,30,Non-binary,Human Resources,Lead,17076,11,Medium,Average,Yes,Average,1,10.73,12.47,Low,Low
12155,Anjali Johnson,anjalijohnson2155@attrisense-org.com,51,Non-binary,Sales & BD,Lead,16589,1,High,Poor,No,Average,1,31.28,31.09,Low,Low
12156,Linda Sharma,lindasharma2156@attrisense-org.com,32,Male,Finance,Senior,12206,6,Medium,Poor,No,Below Average,2,75.12,75.53,High,High
12157,John Jones,johnjones2157@attrisense-org.com,42,Male,Product Management,Mid-Level,10024,6,High,Good,No,Below Average,3,57.86,59.53,Medium,Medium
12158,Elena Johnson,elenajohnson2158@attrisense-org.com,46,Female,Engineering,Mid-Level,10813,2,Medium,Average,No,Below Average,1,14.92,16.3,Low,Low
12159,Linda Vance,lindavance2159@attrisense-org.com,43,Non-binary,Finance,Lead,15941,14,High,Poor,No,Average,3,27.26,25.72,Low,Low
12160,Carlos Lopez,carloslopez2160@attrisense-org.com,35,Non-binary,Engineering,Executive,21455,1,Low,Poor,No,Below Average,2,16.41,17.42,Low,Low
12161,Lisa Smith,lisasmith2161@attrisense-org.com,36,Non-binary,Sales & BD,Executive,23431,15,Low,Average,No,Low,2,81.19,80.68,High,High
12162,Linda Miller,lindamiller2162@attrisense-org.com,40,Female,Marketing,Executive,21052,13,Low,Average,No,Below Average,2,48.84,47.49,Medium,Medium
12163,Lisa Rodriguez,lisarodriguez2163@attrisense-org.com,47,Male,Marketing,Senior,12754,11,Low,Good,Yes,Average,1,11.34,10.69,Low,Low
12164,Vikram Martin,vikrammartin2164@attrisense-org.com,33,Non-binary,Human Resources,Entry,6075,5,High,Good,No,Low,1,29.95,30.65,Low,Low
12165,Linda Rao,lindarao2165@attrisense-org.com,42,Male,Sales & BD,Entry,8312,13,Low,Poor,Yes,Average,0,23.33,21.43,Low,Low
12166,Arjun Lee,arjunlee2166@attrisense-org.com,31,Male,Sales & BD,Executive,22199,14,Low,Average,No,Below Average,3,84.9,85.81,High,High
12167,Sophia Williams,sophiawilliams2167@attrisense-org.com,46,Female,Finance,Mid-Level,10742,12,Medium,Average,Yes,Average,3,55.33,53.45,Medium,Medium
12168,Rahul Patel,rahulpatel2168@attrisense-org.com,55,Male,Finance,Senior,12514,9,Low,Poor,Yes,Low,1,25.45,26.74,Low,Low
12169,James Johnson,jamesjohnson2169@attrisense-org.com,39,Female,Engineering,Executive,24724,8,High,Average,Yes,High,0,24.86,24.34,Low,Low
12170,Aarav Anderson,aaravanderson2170@attrisense-org.com,54,Non-binary,Marketing,Mid-Level,10109,14,Medium,Good,No,Average,0,25.52,25.26,Low,Low
12171,Daniel Singh,danielsingh2171@attrisense-org.com,43,Male,Engineering,Lead,16791,3,Medium,Poor,No,High,2,86.03,85.47,High,High
12172,John Jones,johnjones2172@attrisense-org.com,35,Male,Sales & BD,Executive,21474,8,High,Poor,No,High,2,50.27,50.88,Medium,Medium
12173,Amit Rao,amitrao2173@attrisense-org.com,46,Non-binary,Engineering,Entry,4558,15,High,Average,No,Low,3,24.17,22.95,Low,Low
12174,Michael Garcia,michaelgarcia2174@attrisense-org.com,23,Male,Product Management,Mid-Level,10041,15,Low,Good,No,Below Average,1,20.06,20.6,Low,Low
12175,Sophia Brown,sophiabrown2175@attrisense-org.com,40,Male,Engineering,Mid-Level,11460,13,Low,Poor,Yes,High,0,15.45,16.24,Low,Low
12176,David Martin,davidmartin2176@attrisense-org.com,50,Male,Product Management,Entry,7252,8,Medium,Average,No,Below Average,2,76.26,75.0,High,High
12177,William Miller,williammiller2177@attrisense-org.com,40,Male,Sales & BD,Senior,13611,15,High,Good,Yes,High,3,60.49,61.11,Medium,Medium
12178,Carlos Garcia,carlosgarcia2178@attrisense-org.com,47,Male,Engineering,Lead,17430,12,Medium,Good,Yes,Below Average,1,19.29,21.26,Low,Low
12179,Anjali Martinez,anjalimartinez2179@attrisense-org.com,27,Male,Engineering,Entry,6468,3,Low,Poor,No,High,2,33.92,32.13,Low,Low
12180,Vikram Moore,vikrammoore2180@attrisense-org.com,24,Male,Engineering,Lead,14997,14,Low,Average,No,Average,1,19.49,21.45,Low,Low
12181,Michael Rodriguez,michaelrodriguez2181@attrisense-org.com,53,Non-binary,Marketing,Senior,12655,5,High,Good,No,High,2,82.78,83.61,High,High
12182,Lisa Martin,lisamartin2182@attrisense-org.com,49,Female,Human Resources,Executive,23403,10,Low,Average,No,Low,2,47.42,49.39,Medium,Medium
12183,Michael Rodriguez,michaelrodriguez2183@attrisense-org.com,48,Non-binary,Engineering,Executive,23441,2,High,Good,No,Low,2,18.62,18.97,Low,Low
12184,James Hernandez,jameshernandez2184@attrisense-org.com,56,Non-binary,Engineering,Lead,16189,4,Low,Good,No,Below Average,1,23.03,23.45,Low,Low
12185,John Rao,johnrao2185@attrisense-org.com,37,Female,Sales & BD,Lead,15665,12,High,Poor,Yes,Average,2,14.87,13.92,Low,Low
12186,Lisa Lee,lisalee2186@attrisense-org.com,32,Female,Marketing,Lead,18787,10,High,Good,No,High,1,82.3,82.79,High,High
12187,Robert Taylor,roberttaylor2187@attrisense-org.com,56,Non-binary,Marketing,Lead,15184,6,Low,Good,Yes,Average,2,49.69,50.0,Medium,Medium
12188,Linda Miller,lindamiller2188@attrisense-org.com,52,Female,Engineering,Executive,22784,5,Low,Average,Yes,Average,2,16.81,15.75,Low,Low
12189,Karen Kim,karenkim2189@attrisense-org.com,41,Male,Marketing,Senior,11950,11,High,Poor,Yes,Average,1,33.07,31.84,Low,Low
12190,Robert Sharma,robertsharma2190@attrisense-org.com,28,Female,Engineering,Mid-Level,7902,2,Low,Average,Yes,High,1,25.57,26.43,Low,Low
12191,Robert Martinez,robertmartinez2191@attrisense-org.com,25,Non-binary,Product Management,Mid-Level,8030,2,Low,Poor,Yes,Low,3,91.1,89.86,High,High
12192,Robert Martin,robertmartin2192@attrisense-org.com,56,Male,Marketing,Entry,8481,12,Low,Average,No,Low,0,54.26,52.85,Medium,Medium
12193,Carlos Williams,carloswilliams2193@attrisense-org.com,56,Non-binary,Marketing,Senior,12451,15,High,Poor,No,Below Average,0,13.54,14.38,Low,Low
12194,David Martin,davidmartin2194@attrisense-org.com,38,Female,Human Resources,Senior,15061,4,Medium,Poor,No,Average,0,25.76,25.29,Low,Low
12195,Linda Jones,lindajones2195@attrisense-org.com,39,Non-binary,Human Resources,Lead,18804,3,Medium,Average,No,Below Average,0,17.02,16.53,Low,Low
12196,Linda Miller,lindamiller2196@attrisense-org.com,47,Male,Marketing,Executive,24907,4,High,Poor,No,Below Average,3,76.84,78.76,High,High
12197,Liam Rao,liamrao2197@attrisense-org.com,23,Non-binary,Finance,Senior,12309,3,High,Good,No,Below Average,1,46.08,45.94,Medium,Medium
12198,Michael Lopez,michaellopez2198@attrisense-org.com,47,Male,Human Resources,Senior,15554,2,Low,Average,Yes,Average,2,12.87,14.46,Low,Low
12199,Nancy Vance,nancyvance2199@attrisense-org.com,53,Male,Finance,Executive,21928,1,Low,Good,Yes,High,3,17.32,16.46,Low,Low
12200,David Chen,davidchen2200@attrisense-org.com,26,Non-binary,Sales & BD,Entry,7794,9,Low,Average,No,High,1,26.38,27.45,Low,Low
12201,Rahul Taylor,rahultaylor2201@attrisense-org.com,32,Female,Product Management,Lead,15833,12,Low,Good,Yes,Low,2,77.98,78.01,High,High
12202,Emma Sharma,emmasharma2202@attrisense-org.com,53,Non-binary,Marketing,Entry,8012,10,Medium,Average,Yes,High,0,50.75,51.5,Medium,Medium
12203,Michael Miller,michaelmiller2203@attrisense-org.com,48,Female,Sales & BD,Senior,12930,1,High,Poor,No,High,2,31.18,29.19,Low,Low
12204,Elena Miller,elenamiller2204@attrisense-org.com,27,Female,Product Management,Lead,17494,1,High,Poor,Yes,Average,1,22.3,21.13,Low,Low
12205,Olivia Taylor,oliviataylor2205@attrisense-org.com,44,Female,Product Management,Lead,15090,12,Medium,Average,No,Below Average,1,19.3,17.93,Low,Low
12206,Michael Thomas,michaelthomas2206@attrisense-org.com,36,Female,Engineering,Executive,21940,5,High,Good,Yes,High,2,92.25,94.03,High,High
12207,Carlos Vance,carlosvance2207@attrisense-org.com,43,Male,Engineering,Lead,16064,7,High,Average,Yes,Average,0,58.03,59.74,Medium,Medium
12208,Priya Williams,priyawilliams2208@attrisense-org.com,29,Male,Finance,Lead,14544,2,Low,Poor,No,Average,2,20.05,21.28,Low,Low
12209,Jessica Vance,jessicavance2209@attrisense-org.com,45,Male,Engineering,Executive,20854,12,High,Good,No,Low,1,31.47,30.2,Low,Low
12210,Amit Garcia,amitgarcia2210@attrisense-org.com,45,Female,Human Resources,Senior,13889,11,High,Average,No,Below Average,1,28.37,29.88,Low,Low
12211,Vikram Lee,vikramlee2211@attrisense-org.com,43,Non-binary,Finance,Lead,16293,7,Medium,Poor,Yes,Below Average,1,89.36,90.36,High,High
12212,John Brown,johnbrown2212@attrisense-org.com,48,Female,Engineering,Executive,23392,6,Low,Average,Yes,Low,3,59.42,59.65,Medium,Medium
12213,Liam Lopez,liamlopez2213@attrisense-org.com,31,Female,Finance,Mid-Level,11583,7,Low,Good,Yes,Low,2,25.83,27.7,Low,Low
12214,Olivia Brown,oliviabrown2214@attrisense-org.com,49,Female,Engineering,Executive,23494,8,Medium,Poor,No,Below Average,1,22.14,21.06,Low,Low
12215,Vikram Williams,vikramwilliams2215@attrisense-org.com,35,Female,Engineering,Lead,18915,2,High,Good,Yes,Low,2,24.44,22.51,Low,Low
12216,Vikram Singh,vikramsingh2216@attrisense-org.com,56,Non-binary,Finance,Entry,8861,11,Medium,Good,No,Below Average,0,85.19,84.46,High,High
12217,Lisa Patel,lisapatel2217@attrisense-org.com,44,Female,Product Management,Mid-Level,9905,14,Medium,Good,Yes,Below Average,1,50.22,50.93,Medium,Medium
12218,Nancy Smith,nancysmith2218@attrisense-org.com,33,Non-binary,Human Resources,Mid-Level,8306,2,Low,Good,No,Low,2,23.27,25.1,Low,Low
12219,Elena Singh,elenasingh2219@attrisense-org.com,46,Male,Product Management,Senior,15288,15,High,Poor,Yes,High,3,32.58,32.5,Low,Low
12220,Liam Vance,liamvance2220@attrisense-org.com,30,Male,Sales & BD,Executive,21609,15,Low,Good,Yes,High,1,16.63,16.08,Low,Low
12221,Daniel Smith,danielsmith2221@attrisense-org.com,56,Non-binary,Sales & BD,Entry,7595,10,Medium,Good,No,Average,2,80.52,78.97,High,High
12222,Linda Moore,lindamoore2222@attrisense-org.com,28,Female,Finance,Entry,8579,13,Low,Good,Yes,Average,3,60.28,61.41,Medium,Medium
12223,Amit Patel,amitpatel2223@attrisense-org.com,35,Non-binary,Finance,Executive,23334,11,Low,Good,No,Below Average,3,13.24,12.71,Low,Low
12224,Emma Miller,emmamiller2224@attrisense-org.com,37,Female,Human Resources,Executive,24014,7,Medium,Good,Yes,Below Average,0,16.46,17.79,Low,Low
12225,Neha Kumar,nehakumar2225@attrisense-org.com,46,Male,Marketing,Lead,15539,9,High,Good,Yes,Low,2,15.11,16.63,Low,Low
12226,James Lee,jameslee2226@attrisense-org.com,43,Non-binary,Sales & BD,Executive,21731,14,High,Poor,Yes,Low,3,88.82,90.78,High,High
12227,Robert Martinez,robertmartinez2227@attrisense-org.com,44,Male,Marketing,Executive,22201,9,Low,Poor,Yes,Average,3,46.93,45.8,Medium,Medium
12228,Daniel Rodriguez,danielrodriguez2228@attrisense-org.com,35,Female,Finance,Lead,17587,2,Low,Good,Yes,High,2,21.79,21.41,Low,Low
12229,Neha Wilson,nehawilson2229@attrisense-org.com,42,Male,Finance,Entry,7485,6,Medium,Poor,Yes,Below Average,0,17.27,18.91,Low,Low
12230,Sarah Brown,sarahbrown2230@attrisense-org.com,50,Female,Human Resources,Lead,15141,7,High,Good,No,High,1,12.15,13.78,Low,Low
12231,Sophia Thomas,sophiathomas2231@attrisense-org.com,27,Male,Sales & BD,Executive,20793,5,Low,Poor,Yes,Low,0,89.09,87.37,High,High
12232,Daniel Thomas,danielthomas2232@attrisense-org.com,44,Female,Product Management,Lead,17801,13,Medium,Poor,No,High,0,64.44,63.94,Medium,Medium
12233,Priya Moore,priyamoore2233@attrisense-org.com,30,Female,Marketing,Senior,15423,5,Medium,Poor,No,High,1,12.01,11.43,Low,Low
12234,Michael Rodriguez,michaelrodriguez2234@attrisense-org.com,50,Male,Engineering,Executive,23555,12,High,Good,No,Below Average,0,28.0,26.83,Low,Low
12235,Elena Garcia,elenagarcia2235@attrisense-org.com,38,Male,Sales & BD,Entry,8138,12,High,Good,No,High,0,11.95,13.02,Low,Low
12236,Elena Patel,elenapatel2236@attrisense-org.com,31,Male,Sales & BD,Executive,21482,3,High,Average,No,Average,0,95.78,94.63,High,High
12237,Sophia Martin,sophiamartin2237@attrisense-org.com,44,Female,Engineering,Executive,24342,8,Medium,Poor,Yes,Low,0,60.6,59.38,Medium,Medium
12238,Sanjay Rodriguez,sanjayrodriguez2238@attrisense-org.com,32,Female,Human Resources,Lead,14620,13,High,Good,Yes,Below Average,3,19.3,20.53,Low,Low
12239,Jessica Hernandez,jessicahernandez2239@attrisense-org.com,55,Female,Finance,Executive,22318,2,High,Average,No,High,2,25.97,26.54,Low,Low
12240,Amit Thomas,amitthomas2240@attrisense-org.com,57,Female,Product Management,Mid-Level,10726,5,Medium,Good,No,Below Average,3,14.82,13.23,Low,Low
12241,Liam Lopez,liamlopez2241@attrisense-org.com,38,Male,Sales & BD,Executive,22586,3,Medium,Good,Yes,Average,2,84.46,84.71,High,High
12242,Anjali Sharma,anjalisharma2242@attrisense-org.com,55,Non-binary,Sales & BD,Lead,18144,14,Low,Good,Yes,Average,2,51.39,50.6,Medium,Medium
12243,Nancy Lee,nancylee2243@attrisense-org.com,33,Female,Engineering,Senior,14371,10,High,Average,No,High,0,13.3,14.55,Low,Low
12244,Elena Vance,elenavance2244@attrisense-org.com,40,Non-binary,Engineering,Mid-Level,8388,3,Low,Average,No,Low,3,19.27,18.34,Low,Low
12245,Vikram Thomas,vikramthomas2245@attrisense-org.com,45,Non-binary,Sales & BD,Executive,24455,11,Medium,Average,Yes,High,3,17.94,16.61,Low,Low
12246,David Rodriguez,davidrodriguez2246@attrisense-org.com,52,Non-binary,Sales & BD,Entry,6971,14,Low,Poor,No,Low,0,93.51,93.29,High,High
12247,Lisa Moore,lisamoore2247@attrisense-org.com,52,Non-binary,Product Management,Lead,18944,13,Medium,Poor,Yes,High,1,44.93,46.31,Medium,Medium
12248,Olivia Singh,oliviasingh2248@attrisense-org.com,32,Female,Product Management,Mid-Level,10179,14,Medium,Good,Yes,Below Average,0,16.15,17.1,Low,Low
12249,Michael Vance,michaelvance2249@attrisense-org.com,33,Non-binary,Human Resources,Lead,14653,14,Low,Poor,Yes,Low,2,16.81,18.81,Low,Low
12250,Liam Davis,liamdavis2250@attrisense-org.com,49,Male,Human Resources,Entry,4879,3,Medium,Poor,No,Below Average,0,24.83,25.31,Low,Low
12251,Vikram Martinez,vikrammartinez2251@attrisense-org.com,27,Male,Human Resources,Mid-Level,8246,2,Medium,Good,No,Below Average,2,76.78,78.71,High,High
12252,Vikram Patel,vikrampatel2252@attrisense-org.com,50,Male,Sales & BD,Entry,7505,1,Low,Average,No,Low,0,62.38,61.28,Medium,Medium
12253,Lucas Jones,lucasjones2253@attrisense-org.com,48,Female,Sales & BD,Entry,8765,1,Medium,Good,Yes,Average,3,16.61,15.73,Low,Low
12254,Daniel Vance,danielvance2254@attrisense-org.com,43,Female,Sales & BD,Entry,5155,5,High,Good,Yes,Low,3,25.96,25.8,Low,Low
12255,Sophia Hernandez,sophiahernandez2255@attrisense-org.com,26,Male,Human Resources,Mid-Level,7519,13,Medium,Poor,No,High,1,19.4,19.3,Low,Low
12256,Lucas Kumar,lucaskumar2256@attrisense-org.com,53,Non-binary,Product Management,Lead,17846,2,Medium,Average,Yes,High,0,85.16,84.95,High,High
12257,Carlos Jones,carlosjones2257@attrisense-org.com,33,Male,Marketing,Executive,22541,11,Low,Good,No,Below Average,3,55.94,56.65,Medium,Medium
12258,David Lopez,davidlopez2258@attrisense-org.com,28,Male,Human Resources,Executive,23420,10,High,Poor,Yes,Average,1,23.82,25.38,Low,Low
12259,Lucas Martinez,lucasmartinez2259@attrisense-org.com,31,Female,Human Resources,Executive,23566,15,Medium,Average,Yes,Low,1,20.83,22.56,Low,Low
12260,Linda Jones,lindajones2260@attrisense-org.com,39,Non-binary,Product Management,Entry,6665,7,High,Average,Yes,Average,3,28.56,30.04,Low,Low
12261,Arjun Johnson,arjunjohnson2261@attrisense-org.com,25,Non-binary,Engineering,Mid-Level,11134,13,Medium,Poor,No,High,2,91.28,92.47,High,High
12262,Elena Kim,elenakim2262@attrisense-org.com,44,Non-binary,Human Resources,Executive,21864,9,Low,Good,No,Low,0,52.62,54.22,Medium,Medium
12263,Elena Kim,elenakim2263@attrisense-org.com,50,Male,Sales & BD,Lead,14603,4,Medium,Good,No,Low,3,25.05,23.7,Low,Low
12264,Karen Smith,karensmith2264@attrisense-org.com,40,Non-binary,Sales & BD,Entry,7420,11,High,Average,No,Average,2,25.89,25.79,Low,Low
12265,Elena Smith,elenasmith2265@attrisense-org.com,29,Female,Marketing,Lead,15739,9,High,Average,No,Low,3,25.85,26.83,Low,Low
12266,David Johnson,davidjohnson2266@attrisense-org.com,32,Male,Product Management,Entry,5345,6,Low,Good,Yes,Below Average,1,82.75,82.33,High,High
12267,Vikram Williams,vikramwilliams2267@attrisense-org.com,44,Non-binary,Finance,Executive,21880,13,Medium,Good,No,Average,0,48.07,46.35,Medium,Medium
12268,William Singh,williamsingh2268@attrisense-org.com,54,Non-binary,Product Management,Senior,15738,14,Medium,Poor,No,Average,0,14.98,15.01,Low,Low
12269,James Rodriguez,jamesrodriguez2269@attrisense-org.com,56,Male,Human Resources,Executive,20626,1,High,Good,Yes,Below Average,2,29.67,31.35,Low,Low
12270,Amit Rao,amitrao2270@attrisense-org.com,53,Female,Marketing,Entry,6845,8,Low,Average,Yes,Low,2,27.46,29.22,Low,Low
12271,Lucas Lee,lucaslee2271@attrisense-org.com,29,Male,Human Resources,Executive,23398,2,Low,Poor,Yes,High,3,87.91,86.16,High,High
12272,Robert Jones,robertjones2272@attrisense-org.com,29,Non-binary,Engineering,Mid-Level,7737,9,Low,Poor,No,Average,1,52.38,52.9,Medium,Medium
12273,Daniel Moore,danielmoore2273@attrisense-org.com,26,Male,Finance,Senior,12704,3,Low,Average,Yes,Below Average,0,28.29,27.0,Low,Low
12274,David Martinez,davidmartinez2274@attrisense-org.com,26,Non-binary,Product Management,Executive,23744,14,High,Average,Yes,Average,1,14.54,16.38,Low,Low
12275,Nancy Miller,nancymiller2275@attrisense-org.com,37,Male,Finance,Senior,14342,13,Low,Average,Yes,Below Average,3,10.91,11.69,Low,Low
12276,Linda Thomas,lindathomas2276@attrisense-org.com,32,Male,Finance,Lead,18796,12,Low,Average,Yes,Average,3,95.73,93.89,High,High
12277,Olivia Taylor,oliviataylor2277@attrisense-org.com,23,Male,Product Management,Senior,13966,13,Low,Good,Yes,Low,2,47.75,46.85,Medium,Medium
12278,Sanjay Davis,sanjaydavis2278@attrisense-org.com,30,Non-binary,Marketing,Senior,14911,2,Low,Good,No,Below Average,0,21.52,22.76,Low,Low
12279,Priya Vance,priyavance2279@attrisense-org.com,46,Non-binary,Marketing,Lead,16318,5,Low,Good,No,Average,1,21.63,22.63,Low,Low
12280,Robert Williams,robertwilliams2280@attrisense-org.com,43,Male,Marketing,Executive,20947,8,Medium,Good,No,Low,2,23.73,25.01,Low,Low
12281,Vikram Singh,vikramsingh2281@attrisense-org.com,35,Male,Sales & BD,Lead,17260,9,Low,Good,Yes,Low,3,89.64,89.98,High,High
12282,Lucas Patel,lucaspatel2282@attrisense-org.com,47,Female,Human Resources,Senior,15753,6,Medium,Average,Yes,Below Average,3,47.55,47.0,Medium,Medium
12283,James Taylor,jamestaylor2283@attrisense-org.com,45,Female,Engineering,Executive,23854,11,High,Average,Yes,Below Average,3,18.42,18.59,Low,Low
12284,Lucas Moore,lucasmoore2284@attrisense-org.com,23,Male,Sales & BD,Entry,5840,12,Medium,Poor,Yes,Average,0,27.5,25.97,Low,Low
12285,James Thomas,jamesthomas2285@attrisense-org.com,44,Non-binary,Sales & BD,Lead,15719,12,Medium,Average,Yes,Low,0,12.72,14.0,Low,Low
12286,Sophia Martin,sophiamartin2286@attrisense-org.com,41,Non-binary,Marketing,Senior,11638,15,Medium,Poor,Yes,Below Average,0,82.38,83.03,High,High
12287,William Joshi,williamjoshi2287@attrisense-org.com,30,Non-binary,Human Resources,Executive,23898,1,Low,Good,Yes,Low,0,50.0,48.01,Medium,Medium
12288,Sarah Taylor,sarahtaylor2288@attrisense-org.com,32,Non-binary,Product Management,Executive,21676,9,High,Good,Yes,Below Average,1,20.04,20.63,Low,Low
12289,Nancy Sharma,nancysharma2289@attrisense-org.com,38,Male,Sales & BD,Mid-Level,11646,15,Medium,Good,No,Below Average,1,19.53,17.56,Low,Low
12290,Priya Kim,priyakim2290@attrisense-org.com,22,Female,Finance,Entry,5076,4,Medium,Good,Yes,High,1,17.28,17.79,Low,Low
12291,Nancy Sharma,nancysharma2291@attrisense-org.com,38,Female,Marketing,Executive,21785,15,Low,Poor,Yes,High,2,90.0,90.28,High,High
12292,Vikram Patel,vikrampatel2292@attrisense-org.com,57,Female,Human Resources,Senior,13812,8,Medium,Poor,No,Below Average,1,59.22,58.79,Medium,Medium
12293,Sophia Martin,sophiamartin2293@attrisense-org.com,31,Female,Engineering,Entry,8788,11,Medium,Average,No,Below Average,2,22.38,23.52,Low,Low
12294,Jessica Kumar,jessicakumar2294@attrisense-org.com,41,Male,Finance,Senior,12805,8,Low,Poor,Yes,Average,3,30.08,28.38,Low,Low
12295,Carlos Lopez,carloslopez2295@attrisense-org.com,36,Male,Finance,Entry,6128,13,Medium,Poor,Yes,High,0,17.95,16.1,Low,Low
12296,Emma Garcia,emmagarcia2296@attrisense-org.com,23,Male,Human Resources,Entry,8372,6,High,Poor,Yes,High,3,83.54,83.95,High,High
12297,Sophia Singh,sophiasingh2297@attrisense-org.com,26,Female,Product Management,Entry,6411,8,Medium,Average,No,Average,0,60.73,58.8,Medium,Medium
12298,Arjun Rodriguez,arjunrodriguez2298@attrisense-org.com,46,Female,Human Resources,Lead,18255,12,Medium,Good,Yes,High,2,24.37,24.3,Low,Low
12299,Daniel Patel,danielpatel2299@attrisense-org.com,47,Male,Product Management,Executive,21504,8,Low,Average,No,High,1,33.05,33.84,Low,Low
12300,William Moore,williammoore2300@attrisense-org.com,24,Non-binary,Sales & BD,Lead,17450,5,Medium,Poor,Yes,Low,2,16.1,17.21,Low,Low
12301,Daniel Moore,danielmoore2301@attrisense-org.com,27,Male,Sales & BD,Lead,15411,12,High,Good,No,Below Average,0,90.2,92.11,High,High
12302,Aarav Patel,aaravpatel2302@attrisense-org.com,53,Male,Marketing,Entry,5312,9,High,Poor,No,Average,0,61.38,60.62,Medium,Medium
12303,Anjali Kim,anjalikim2303@attrisense-org.com,48,Non-binary,Sales & BD,Senior,15283,11,Medium,Good,Yes,Below Average,1,16.83,16.62,Low,Low
12304,John Garcia,johngarcia2304@attrisense-org.com,35,Female,Engineering,Entry,6410,2,High,Good,No,Low,1,25.05,23.35,Low,Low
12305,Sanjay Wilson,sanjaywilson2305@attrisense-org.com,57,Non-binary,Product Management,Executive,23033,8,High,Average,Yes,High,3,11.86,13.71,Low,Low
12306,Sophia Rodriguez,sophiarodriguez2306@attrisense-org.com,55,Non-binary,Finance,Senior,11817,11,High,Average,Yes,Low,1,80.66,82.11,High,High
12307,Elena Joshi,elenajoshi2307@attrisense-org.com,31,Non-binary,Sales & BD,Lead,14576,4,Low,Poor,No,High,0,52.3,51.97,Medium,Medium
12308,Sarah Hernandez,sarahhernandez2308@attrisense-org.com,39,Male,Human Resources,Mid-Level,8873,13,Low,Average,Yes,Below Average,2,16.83,15.59,Low,Low
12309,David Martin,davidmartin2309@attrisense-org.com,42,Male,Finance,Mid-Level,7669,6,Medium,Poor,Yes,Below Average,1,11.81,12.21,Low,Low
12310,Vikram Hernandez,vikramhernandez2310@attrisense-org.com,49,Female,Engineering,Mid-Level,11719,6,Low,Poor,No,High,3,32.97,32.03,Low,Low
12311,Neha Martin,nehamartin2311@attrisense-org.com,50,Female,Sales & BD,Mid-Level,8254,5,Medium,Poor,No,Average,0,90.64,89.47,High,High
12312,William Chen,williamchen2312@attrisense-org.com,24,Female,Product Management,Entry,7176,5,Low,Poor,No,High,2,49.59,48.29,Medium,Medium
12313,John Lee,johnlee2313@attrisense-org.com,34,Non-binary,Engineering,Mid-Level,10118,5,High,Average,No,Below Average,1,26.85,26.55,Low,Low
12314,Nancy Williams,nancywilliams2314@attrisense-org.com,28,Female,Engineering,Lead,15931,9,Low,Poor,No,Average,2,32.16,31.78,Low,Low
12315,James Kumar,jameskumar2315@attrisense-org.com,51,Female,Finance,Mid-Level,10594,6,Low,Good,Yes,Below Average,2,18.13,17.21,Low,Low
12316,Priya Anderson,priyaanderson2316@attrisense-org.com,38,Non-binary,Sales & BD,Senior,14366,13,Medium,Average,No,Low,0,84.84,86.53,High,High
12317,Arjun Lopez,arjunlopez2317@attrisense-org.com,44,Female,Marketing,Mid-Level,11323,15,High,Average,No,Low,0,47.14,46.06,Medium,Medium
12318,Sarah Taylor,sarahtaylor2318@attrisense-org.com,25,Male,Finance,Lead,14587,15,Low,Good,No,Low,2,19.62,18.35,Low,Low
12319,Sanjay Anderson,sanjayanderson2319@attrisense-org.com,28,Female,Product Management,Executive,21842,2,Medium,Average,Yes,Low,3,21.47,20.0,Low,Low
12320,Michael Lopez,michaellopez2320@attrisense-org.com,51,Male,Product Management,Mid-Level,8192,14,Medium,Average,No,Low,0,29.78,30.87,Low,Low
12321,Priya Patel,priyapatel2321@attrisense-org.com,35,Female,Product Management,Lead,18046,5,Medium,Poor,No,Low,3,88.47,88.06,High,High
12322,Daniel Chen,danielchen2322@attrisense-org.com,52,Male,Engineering,Mid-Level,9696,11,High,Average,No,Average,0,46.33,45.22,Medium,Medium
12323,James Jones,jamesjones2323@attrisense-org.com,46,Female,Engineering,Senior,14233,14,High,Good,No,Below Average,1,18.4,19.18,Low,Low
12324,Lisa Hernandez,lisahernandez2324@attrisense-org.com,34,Female,Marketing,Mid-Level,11129,9,High,Good,Yes,High,0,11.15,10.99,Low,Low
12325,Jessica Smith,jessicasmith2325@attrisense-org.com,44,Male,Product Management,Entry,8776,7,High,Average,No,Below Average,0,13.6,13.59,Low,Low
12326,Carlos Anderson,carlosanderson2326@attrisense-org.com,57,Female,Sales & BD,Executive,23257,5,Low,Average,No,High,0,77.62,79.42,High,High
12327,Emma Smith,emmasmith2327@attrisense-org.com,38,Non-binary,Product Management,Executive,23572,4,Low,Poor,Yes,Average,2,58.47,58.9,Medium,Medium
12328,Sanjay Taylor,sanjaytaylor2328@attrisense-org.com,28,Female,Human Resources,Executive,23178,15,Low,Good,No,High,3,21.07,20.69,Low,Low
12329,William Joshi,williamjoshi2329@attrisense-org.com,25,Non-binary,Product Management,Mid-Level,8144,4,High,Average,Yes,Below Average,1,21.0,22.11,Low,Low
12330,Carlos Patel,carlospatel2330@attrisense-org.com,30,Female,Sales & BD,Mid-Level,11865,14,High,Poor,No,Below Average,1,16.53,16.95,Low,Low
12331,Liam Patel,liampatel2331@attrisense-org.com,38,Male,Marketing,Lead,18596,8,Medium,Poor,Yes,Average,0,75.97,77.64,High,High
12332,William Rao,williamrao2332@attrisense-org.com,38,Male,Finance,Senior,11831,9,High,Average,Yes,Below Average,0,54.06,55.86,Medium,Medium
12333,John Thomas,johnthomas2333@attrisense-org.com,25,Non-binary,Human Resources,Senior,12511,11,Low,Average,No,Below Average,2,17.92,19.58,Low,Low
12334,Carlos Sharma,carlossharma2334@attrisense-org.com,48,Non-binary,Product Management,Mid-Level,11692,14,Medium,Poor,Yes,Low,2,23.14,22.04,Low,Low
12335,Emma Kumar,emmakumar2335@attrisense-org.com,54,Female,Sales & BD,Mid-Level,10371,9,Medium,Average,No,Average,1,11.67,13.13,Low,Low
12336,Priya Wilson,priyawilson2336@attrisense-org.com,22,Female,Sales & BD,Lead,17217,11,Low,Good,No,High,3,86.14,86.19,High,High
12337,Emma Kumar,emmakumar2337@attrisense-org.com,30,Male,Engineering,Entry,5853,9,Medium,Good,Yes,Low,0,56.17,57.39,Medium,Medium
12338,Lisa Patel,lisapatel2338@attrisense-org.com,42,Female,Human Resources,Mid-Level,11023,8,Low,Good,No,High,1,25.72,24.78,Low,Low
12339,Emma Johnson,emmajohnson2339@attrisense-org.com,25,Non-binary,Engineering,Entry,5063,13,Medium,Average,Yes,Low,0,14.2,15.91,Low,Low
12340,Jessica Johnson,jessicajohnson2340@attrisense-org.com,30,Non-binary,Product Management,Mid-Level,9177,4,Low,Poor,No,Low,0,27.93,28.64,Low,Low
12341,Michael Hernandez,michaelhernandez2341@attrisense-org.com,45,Non-binary,Sales & BD,Lead,17192,14,Medium,Good,No,High,3,91.84,93.48,High,High
12342,Anjali Johnson,anjalijohnson2342@attrisense-org.com,41,Female,Engineering,Senior,13325,12,High,Good,No,Below Average,2,57.45,57.76,Medium,Medium
12343,Liam Anderson,liamanderson2343@attrisense-org.com,30,Non-binary,Finance,Executive,22710,3,High,Average,No,Low,1,17.64,18.36,Low,Low
12344,Rahul Johnson,rahuljohnson2344@attrisense-org.com,55,Non-binary,Finance,Executive,24275,10,Medium,Average,Yes,Low,0,22.35,24.25,Low,Low
12345,Nancy Miller,nancymiller2345@attrisense-org.com,38,Male,Product Management,Lead,15565,13,Medium,Good,Yes,Average,0,19.27,17.32,Low,Low
12346,Sophia Miller,sophiamiller2346@attrisense-org.com,55,Female,Human Resources,Lead,15863,8,Low,Poor,No,Average,1,89.28,87.32,High,High
12347,Liam Williams,liamwilliams2347@attrisense-org.com,28,Non-binary,Product Management,Entry,6058,7,High,Good,No,High,3,51.98,53.4,Medium,Medium
12348,Lucas Moore,lucasmoore2348@attrisense-org.com,54,Male,Engineering,Entry,5972,7,Low,Good,Yes,High,0,12.35,11.08,Low,Low
12349,Emma Kim,emmakim2349@attrisense-org.com,37,Non-binary,Engineering,Executive,24890,3,Medium,Average,No,Low,3,14.29,14.79,Low,Low
12350,Emma Martinez,emmamartinez2350@attrisense-org.com,25,Female,Human Resources,Entry,7148,5,Low,Poor,No,Below Average,1,29.6,28.19,Low,Low
12351,Priya Rao,priyarao2351@attrisense-org.com,53,Male,Finance,Entry,5788,2,Low,Good,No,High,0,75.47,77.25,High,High
12352,William Rodriguez,williamrodriguez2352@attrisense-org.com,35,Male,Marketing,Lead,17913,14,High,Poor,Yes,Average,3,64.74,63.03,Medium,Medium
12353,Anjali Miller,anjalimiller2353@attrisense-org.com,46,Female,Finance,Mid-Level,9667,13,Low,Poor,Yes,Average,3,32.13,30.85,Low,Low
12354,Sanjay Taylor,sanjaytaylor2354@attrisense-org.com,50,Non-binary,Sales & BD,Mid-Level,11825,5,High,Poor,Yes,Below Average,1,11.11,10.33,Low,Low
12355,Arjun Martin,arjunmartin2355@attrisense-org.com,53,Non-binary,Engineering,Lead,17686,10,Low,Poor,No,Below Average,3,12.47,12.67,Low,Low
12356,Sarah Kim,sarahkim2356@attrisense-org.com,22,Female,Engineering,Executive,24171,3,Medium,Poor,Yes,Average,2,74.29,75.45,High,High
12357,Rahul Vance,rahulvance2357@attrisense-org.com,26,Male,Human Resources,Senior,12563,2,High,Good,Yes,High,3,54.04,55.22,Medium,Medium
12358,Amit Chen,amitchen2358@attrisense-org.com,47,Male,Engineering,Senior,12290,4,Low,Average,No,High,0,21.59,22.56,Low,Low
12359,Elena Singh,elenasingh2359@attrisense-org.com,46,Male,Marketing,Executive,21102,13,Low,Good,Yes,Average,1,22.51,21.59,Low,Low
12360,Rahul Taylor,rahultaylor2360@attrisense-org.com,24,Non-binary,Human Resources,Mid-Level,7775,9,Low,Poor,No,Average,0,14.19,13.39,Low,Low
12361,Linda Chen,lindachen2361@attrisense-org.com,51,Non-binary,Human Resources,Lead,15690,14,Low,Poor,No,High,2,75.7,75.37,High,High
12362,Emma Rao,emmarao2362@attrisense-org.com,31,Female,Sales & BD,Executive,23002,10,Medium,Average,No,High,0,55.78,57.61,Medium,Medium
12363,Robert Hernandez,roberthernandez2363@attrisense-org.com,38,Non-binary,Engineering,Entry,6560,13,Medium,Average,Yes,High,1,13.23,14.09,Low,Low
12364,Amit Thomas,amitthomas2364@attrisense-org.com,45,Non-binary,Sales & BD,Mid-Level,10495,6,Low,Good,Yes,Low,3,29.41,28.94,Low,Low
12365,Sanjay Rodriguez,sanjayrodriguez2365@attrisense-org.com,58,Male,Sales & BD,Lead,17083,12,Low,Poor,Yes,Below Average,3,11.89,11.27,Low,Low
12366,Daniel Vance,danielvance2366@attrisense-org.com,28,Female,Human Resources,Senior,15381,12,Low,Poor,No,High,0,74.72,75.17,High,High
12367,Robert Taylor,roberttaylor2367@attrisense-org.com,36,Male,Product Management,Executive,21932,8,Low,Average,Yes,Low,0,51.56,50.15,Medium,Medium
12368,Linda Kim,lindakim2368@attrisense-org.com,54,Non-binary,Product Management,Lead,16451,2,High,Poor,Yes,Below Average,2,27.3,25.84,Low,Low
12369,William Vance,williamvance2369@attrisense-org.com,56,Male,Product Management,Entry,7854,15,Medium,Good,Yes,High,3,11.93,10.46,Low,Low
12370,Daniel Hernandez,danielhernandez2370@attrisense-org.com,58,Male,Finance,Executive,24674,5,Low,Average,No,Below Average,0,24.51,25.59,Low,Low
12371,Sophia Williams,sophiawilliams2371@attrisense-org.com,57,Male,Human Resources,Mid-Level,11537,1,Medium,Average,Yes,Below Average,3,84.52,82.61,High,High
12372,Daniel Martin,danielmartin2372@attrisense-org.com,25,Male,Engineering,Executive,24230,9,Medium,Poor,No,Low,2,46.15,46.89,Medium,Medium
12373,Priya Smith,priyasmith2373@attrisense-org.com,46,Male,Human Resources,Executive,20856,5,Medium,Average,No,Low,3,30.93,30.8,Low,Low
12374,Michael Chen,michaelchen2374@attrisense-org.com,25,Female,Finance,Mid-Level,10117,5,Low,Average,No,High,3,14.47,14.47,Low,Low
12375,Elena Joshi,elenajoshi2375@attrisense-org.com,25,Non-binary,Product Management,Executive,24395,1,Medium,Poor,Yes,High,3,22.7,20.99,Low,Low
12376,Carlos Lee,carloslee2376@attrisense-org.com,32,Non-binary,Engineering,Entry,7384,8,Medium,Good,Yes,Below Average,3,74.42,75.43,High,High
12377,John Williams,johnwilliams2377@attrisense-org.com,53,Non-binary,Product Management,Entry,6779,15,Medium,Average,No,Below Average,0,54.39,55.06,Medium,Medium
12378,Karen Miller,karenmiller2378@attrisense-org.com,33,Male,Finance,Lead,16987,5,Low,Poor,Yes,Below Average,0,18.07,19.44,Low,Low
12379,Rahul Davis,rahuldavis2379@attrisense-org.com,55,Female,Finance,Mid-Level,8169,15,Medium,Average,Yes,Below Average,3,17.73,18.32,Low,Low
12380,Vikram Miller,vikrammiller2380@attrisense-org.com,58,Female,Engineering,Senior,12080,4,High,Poor,No,Below Average,0,23.95,25.01,Low,Low
12381,Anjali Brown,anjalibrown2381@attrisense-org.com,55,Non-binary,Human Resources,Executive,22564,3,High,Average,Yes,Low,1,94.57,94.56,High,High
12382,James Williams,jameswilliams2382@attrisense-org.com,23,Non-binary,Finance,Entry,5546,3,High,Average,Yes,High,2,60.93,60.43,Medium,Medium
12383,Anjali Wilson,anjaliwilson2383@attrisense-org.com,29,Non-binary,Engineering,Entry,6456,9,High,Good,Yes,Low,0,32.65,31.09,Low,Low
12384,Sanjay Hernandez,sanjayhernandez2384@attrisense-org.com,58,Non-binary,Finance,Entry,6147,4,High,Good,Yes,High,3,27.68,29.56,Low,Low
12385,Daniel Thomas,danielthomas2385@attrisense-org.com,33,Non-binary,Finance,Senior,14806,11,High,Average,Yes,Below Average,1,22.44,23.32,Low,Low
12386,David Miller,davidmiller2386@attrisense-org.com,56,Female,Engineering,Lead,15195,8,High,Good,No,Below Average,2,79.62,78.03,High,High
12387,Sarah Rao,sarahrao2387@attrisense-org.com,23,Female,Human Resources,Entry,4501,9,Medium,Poor,No,Average,3,55.83,57.48,Medium,Medium
12388,Rahul Chen,rahulchen2388@attrisense-org.com,26,Male,Engineering,Mid-Level,8466,5,Low,Average,Yes,High,3,21.01,19.17,Low,Low
12389,Amit Vance,amitvance2389@attrisense-org.com,50,Female,Human Resources,Entry,7236,3,Low,Average,Yes,High,2,25.2,24.7,Low,Low
12390,Lucas Chen,lucaschen2390@attrisense-org.com,51,Non-binary,Human Resources,Lead,17904,4,High,Average,No,High,1,14.42,15.46,Low,Low
12391,Jessica Kim,jessicakim2391@attrisense-org.com,41,Male,Product Management,Mid-Level,11708,6,High,Average,No,High,3,79.93,78.05,High,High
12392,Jessica Wilson,jessicawilson2392@attrisense-org.com,58,Male,Human Resources,Lead,18854,2,High,Poor,Yes,Below Average,0,61.6,62.28,Medium,Medium
12393,Lisa Miller,lisamiller2393@attrisense-org.com,50,Male,Product Management,Entry,4803,9,Low,Average,No,Below Average,0,21.84,23.01,Low,Low
12394,Arjun Martinez,arjunmartinez2394@attrisense-org.com,58,Non-binary,Sales & BD,Senior,13519,6,Low,Good,No,Low,0,13.5,13.33,Low,Low
12395,Sophia Martinez,sophiamartinez2395@attrisense-org.com,33,Male,Marketing,Executive,23524,10,Medium,Average,No,Below Average,0,30.65,29.2,Low,Low
12396,Sophia Lee,sophialee2396@attrisense-org.com,49,Female,Marketing,Entry,6271,11,Low,Good,No,High,0,82.0,81.18,High,High
12397,Olivia Anderson,oliviaanderson2397@attrisense-org.com,48,Non-binary,Sales & BD,Senior,15075,11,Low,Poor,No,Below Average,3,53.49,54.95,Medium,Medium
12398,Sanjay Taylor,sanjaytaylor2398@attrisense-org.com,32,Female,Finance,Entry,6573,5,Medium,Good,Yes,Below Average,1,35.8,33.9,Low,Low
12399,Anjali Kumar,anjalikumar2399@attrisense-org.com,24,Female,Sales & BD,Mid-Level,10681,1,Low,Poor,No,Average,0,15.21,13.48,Low,Low
12400,Michael Wilson,michaelwilson2400@attrisense-org.com,39,Female,Marketing,Entry,5503,11,High,Poor,No,Average,3,31.28,32.01,Low,Low
12401,Nancy Kim,nancykim2401@attrisense-org.com,33,Female,Finance,Executive,23183,10,High,Good,No,Average,0,87.94,86.15,High,High
12402,Jessica Thomas,jessicathomas2402@attrisense-org.com,32,Male,Marketing,Senior,12039,14,Low,Average,Yes,Average,0,46.52,47.25,Medium,Medium
12403,Sophia Martin,sophiamartin2403@attrisense-org.com,48,Male,Product Management,Lead,16350,8,High,Poor,No,Below Average,2,32.02,31.11,Low,Low
12404,Arjun Patel,arjunpatel2404@attrisense-org.com,29,Non-binary,Human Resources,Entry,6983,14,High,Good,Yes,High,3,29.89,28.37,Low,Low
12405,William Martin,williammartin2405@attrisense-org.com,29,Non-binary,Engineering,Executive,24443,9,High,Average,Yes,Low,2,19.59,19.94,Low,Low
12406,Robert Martin,robertmartin2406@attrisense-org.com,25,Male,Engineering,Lead,18175,3,Medium,Good,Yes,Below Average,2,85.6,83.86,High,High
12407,Sarah Miller,sarahmiller2407@attrisense-org.com,51,Female,Human Resources,Mid-Level,9457,12,Medium,Good,No,Average,1,63.72,61.99,Medium,Medium
12408,Carlos Kumar,carloskumar2408@attrisense-org.com,47,Female,Product Management,Lead,17047,12,Low,Poor,No,Below Average,3,17.69,16.57,Low,Low
12409,Lisa Patel,lisapatel2409@attrisense-org.com,50,Non-binary,Human Resources,Executive,20866,4,High,Poor,Yes,High,0,11.3,12.56,Low,Low
12410,Daniel Rodriguez,danielrodriguez2410@attrisense-org.com,55,Female,Sales & BD,Entry,6974,8,Low,Average,Yes,High,0,28.75,28.3,Low,Low
12411,Arjun Kim,arjunkim2411@attrisense-org.com,32,Non-binary,Finance,Lead,17418,3,Low,Good,Yes,Below Average,3,80.61,80.34,High,High
12412,Sophia Anderson,sophiaanderson2412@attrisense-org.com,47,Non-binary,Engineering,Senior,14442,7,High,Poor,No,Average,2,48.32,49.39,Medium,Medium
12413,William Martin,williammartin2413@attrisense-org.com,44,Male,Engineering,Mid-Level,9841,5,High,Good,No,Average,3,25.94,26.5,Low,Low
12414,Anjali Williams,anjaliwilliams2414@attrisense-org.com,56,Non-binary,Human Resources,Executive,24615,12,High,Good,Yes,Low,1,26.43,26.52,Low,Low
12415,Olivia Williams,oliviawilliams2415@attrisense-org.com,57,Male,Sales & BD,Senior,12964,6,Low,Average,No,Below Average,3,22.48,22.06,Low,Low
12416,Amit Singh,amitsingh2416@attrisense-org.com,33,Non-binary,Engineering,Executive,22757,5,High,Poor,Yes,High,0,88.74,89.24,High,High
12417,Elena Rao,elenarao2417@attrisense-org.com,42,Female,Product Management,Entry,4638,9,Medium,Poor,Yes,Below Average,3,61.16,61.19,Medium,Medium
12418,William Taylor,williamtaylor2418@attrisense-org.com,28,Non-binary,Finance,Entry,5004,6,Medium,Good,Yes,Below Average,1,12.07,13.3,Low,Low
12419,Sarah Jones,sarahjones2419@attrisense-org.com,39,Male,Product Management,Entry,5986,8,Medium,Good,No,High,3,11.83,10.77,Low,Low
12420,Liam Chen,liamchen2420@attrisense-org.com,41,Male,Product Management,Mid-Level,8948,10,Medium,Good,Yes,Average,0,9.44,10.36,Low,Low
12421,Anjali Garcia,anjaligarcia2421@attrisense-org.com,43,Female,Product Management,Lead,17727,13,Low,Good,Yes,Low,1,84.23,83.26,High,High
12422,Lucas Anderson,lucasanderson2422@attrisense-org.com,41,Non-binary,Marketing,Senior,12137,1,Medium,Good,No,Average,2,64.81,63.78,Medium,Medium
12423,Daniel Garcia,danielgarcia2423@attrisense-org.com,30,Non-binary,Product Management,Mid-Level,10994,12,Medium,Poor,Yes,Below Average,0,13.3,11.59,Low,Low
12424,Karen Lee,karenlee2424@attrisense-org.com,29,Male,Marketing,Lead,18332,6,Low,Good,Yes,Average,2,35.13,33.66,Low,Low
12425,Sophia Singh,sophiasingh2425@attrisense-org.com,23,Male,Sales & BD,Mid-Level,7925,12,Medium,Average,Yes,Average,2,21.06,21.76,Low,Low
12426,James Kim,jameskim2426@attrisense-org.com,23,Non-binary,Marketing,Entry,8604,6,Low,Average,Yes,Below Average,1,83.14,84.15,High,High
12427,Aarav Lopez,aaravlopez2427@attrisense-org.com,44,Female,Marketing,Senior,14782,12,Medium,Good,No,Average,2,50.86,52.69,Medium,Medium
12428,Anjali Thomas,anjalithomas2428@attrisense-org.com,43,Male,Product Management,Senior,12696,2,Low,Average,No,Below Average,2,27.17,27.65,Low,Low
12429,Sophia Sharma,sophiasharma2429@attrisense-org.com,48,Female,Engineering,Lead,17495,5,Medium,Average,Yes,Below Average,1,17.96,17.51,Low,Low
12430,Lucas Garcia,lucasgarcia2430@attrisense-org.com,40,Male,Product Management,Senior,15626,2,Low,Good,Yes,High,1,28.2,27.82,Low,Low
12431,William Martinez,williammartinez2431@attrisense-org.com,54,Non-binary,Finance,Entry,7312,12,Medium,Good,No,High,3,87.0,85.5,High,High
12432,Neha Singh,nehasingh2432@attrisense-org.com,52,Female,Marketing,Lead,14856,4,Medium,Good,Yes,High,1,60.03,59.95,Medium,Medium
12433,Amit Moore,amitmoore2433@attrisense-org.com,24,Non-binary,Engineering,Entry,5440,2,Medium,Average,No,Average,1,22.15,20.84,Low,Low
12434,Robert Rao,robertrao2434@attrisense-org.com,57,Female,Sales & BD,Executive,21058,7,Low,Good,No,Average,3,13.0,11.02,Low,Low
12435,Michael Moore,michaelmoore2435@attrisense-org.com,31,Non-binary,Sales & BD,Mid-Level,8060,13,High,Poor,No,High,0,22.03,22.45,Low,Low
12436,Lucas Thomas,lucasthomas2436@attrisense-org.com,37,Male,Finance,Lead,16269,10,Medium,Poor,No,Average,2,89.93,89.7,High,High
12437,Arjun Jones,arjunjones2437@attrisense-org.com,47,Non-binary,Marketing,Lead,14724,15,High,Average,Yes,Average,2,55.33,54.81,Medium,Medium
12438,William Lee,williamlee2438@attrisense-org.com,26,Male,Product Management,Executive,22922,5,Medium,Good,Yes,High,0,10.34,11.18,Low,Low
12439,Jessica Lopez,jessicalopez2439@attrisense-org.com,41,Male,Product Management,Lead,15336,7,Medium,Poor,No,Low,3,18.77,19.55,Low,Low
12440,Elena Kumar,elenakumar2440@attrisense-org.com,41,Non-binary,Sales & BD,Executive,24776,2,Low,Poor,Yes,Low,2,29.71,29.86,Low,Low
12441,Sanjay Kumar,sanjaykumar2441@attrisense-org.com,29,Female,Product Management,Entry,4888,6,High,Poor,No,Below Average,3,83.9,83.45,High,High
12442,Priya Garcia,priyagarcia2442@attrisense-org.com,33,Male,Human Resources,Executive,22871,7,High,Poor,Yes,Below Average,3,46.11,46.04,Medium,Medium
12443,Karen Rao,karenrao2443@attrisense-org.com,38,Non-binary,Product Management,Mid-Level,9992,11,Medium,Good,No,High,1,14.73,13.41,Low,Low
12444,Linda Chen,lindachen2444@attrisense-org.com,43,Female,Sales & BD,Lead,14948,4,Medium,Average,No,Low,1,21.73,20.84,Low,Low
12445,Lisa Chen,lisachen2445@attrisense-org.com,52,Male,Marketing,Lead,16163,13,Low,Poor,Yes,High,3,13.83,12.72,Low,Low
12446,Sophia Lee,sophialee2446@attrisense-org.com,46,Non-binary,Finance,Senior,13188,1,High,Good,No,Low,0,94.54,93.76,High,High
12447,Sanjay Lopez,sanjaylopez2447@attrisense-org.com,52,Male,Product Management,Entry,5862,8,Medium,Average,No,Low,0,47.22,47.57,Medium,Medium
12448,Sarah Vance,sarahvance2448@attrisense-org.com,58,Female,Product Management,Executive,24997,3,Low,Good,Yes,High,1,19.54,20.82,Low,Low
12449,Vikram Singh,vikramsingh2449@attrisense-org.com,58,Male,Sales & BD,Entry,5928,3,Medium,Poor,No,Below Average,0,25.02,24.17,Low,Low
12450,Rahul Rao,rahulrao2450@attrisense-org.com,49,Male,Marketing,Entry,5209,5,Low,Average,No,Low,2,14.67,14.85,Low,Low
12451,Rahul Johnson,rahuljohnson2451@attrisense-org.com,25,Non-binary,Finance,Lead,18726,5,High,Poor,Yes,High,3,80.77,80.0,High,High
12452,Amit Joshi,amitjoshi2452@attrisense-org.com,52,Female,Sales & BD,Senior,13843,3,Medium,Good,Yes,Low,2,63.43,62.24,Medium,Medium
12453,Linda Lopez,lindalopez2453@attrisense-org.com,57,Male,Sales & BD,Lead,16978,6,Medium,Average,Yes,Low,2,25.73,27.24,Low,Low
12454,Jessica Thomas,jessicathomas2454@attrisense-org.com,37,Non-binary,Engineering,Entry,8796,10,Medium,Good,Yes,Low,2,12.54,12.74,Low,Low
12455,Sarah Chen,sarahchen2455@attrisense-org.com,57,Male,Sales & BD,Executive,23789,6,High,Poor,No,Low,0,18.81,18.71,Low,Low
12456,Sophia Jones,sophiajones2456@attrisense-org.com,49,Female,Finance,Executive,24000,11,High,Average,Yes,Low,2,83.84,82.68,High,High
12457,Daniel Patel,danielpatel2457@attrisense-org.com,23,Male,Sales & BD,Executive,24550,6,Low,Good,Yes,Low,2,56.52,54.72,Medium,Medium
12458,Vikram Rao,vikramrao2458@attrisense-org.com,37,Female,Product Management,Executive,23998,2,Medium,Average,No,Low,2,18.61,19.09,Low,Low
12459,Anjali Rao,anjalirao2459@attrisense-org.com,41,Non-binary,Marketing,Mid-Level,10089,6,Medium,Poor,No,Below Average,2,30.09,28.44,Low,Low
12460,Aarav Martin,aaravmartin2460@attrisense-org.com,24,Male,Marketing,Mid-Level,9727,11,Medium,Good,No,Low,0,24.21,23.57,Low,Low
12461,Linda Lee,lindalee2461@attrisense-org.com,57,Non-binary,Product Management,Lead,16934,4,Low,Average,No,Below Average,0,79.48,78.0,High,High
12462,James Garcia,jamesgarcia2462@attrisense-org.com,56,Female,Engineering,Executive,23760,13,Low,Good,Yes,Average,1,49.25,48.4,Medium,Medium
12463,Lucas Jones,lucasjones2463@attrisense-org.com,46,Male,Engineering,Entry,5276,7,High,Good,No,Low,3,19.31,20.07,Low,Low
12464,David Martinez,davidmartinez2464@attrisense-org.com,26,Male,Sales & BD,Executive,24948,9,Medium,Average,Yes,Low,2,28.24,28.45,Low,Low
12465,Arjun Kim,arjunkim2465@attrisense-org.com,32,Female,Finance,Executive,21814,5,High,Average,Yes,Low,3,23.5,25.03,Low,Low
12466,Amit Taylor,amittaylor2466@attrisense-org.com,49,Male,Product Management,Mid-Level,11498,12,Low,Average,No,Low,3,76.44,77.63,High,High
12467,Carlos Brown,carlosbrown2467@attrisense-org.com,32,Non-binary,Marketing,Executive,20726,10,Low,Good,Yes,Low,2,55.84,56.83,Medium,Medium
12468,Sophia Lopez,sophialopez2468@attrisense-org.com,41,Male,Engineering,Executive,22954,4,High,Poor,Yes,Low,1,22.43,21.01,Low,Low
12469,Arjun Martin,arjunmartin2469@attrisense-org.com,55,Non-binary,Marketing,Lead,14987,4,High,Good,Yes,Low,3,21.06,23.04,Low,Low
12470,Olivia Martin,oliviamartin2470@attrisense-org.com,37,Male,Finance,Lead,18343,8,Medium,Average,Yes,Below Average,2,30.13,31.18,Low,Low
12471,David Joshi,davidjoshi2471@attrisense-org.com,40,Male,Sales & BD,Senior,11814,7,High,Average,No,Average,2,86.68,86.78,High,High
12472,Priya Chen,priyachen2472@attrisense-org.com,36,Non-binary,Engineering,Mid-Level,9455,3,High,Good,No,Average,2,51.11,52.79,Medium,Medium
12473,Lucas Vance,lucasvance2473@attrisense-org.com,55,Female,Marketing,Lead,18454,15,Low,Poor,No,Below Average,1,23.38,24.4,Low,Low
12474,Olivia Kumar,oliviakumar2474@attrisense-org.com,34,Non-binary,Marketing,Senior,11955,9,Medium,Good,Yes,Low,2,23.62,23.14,Low,Low
12475,Sophia Sharma,sophiasharma2475@attrisense-org.com,22,Non-binary,Product Management,Senior,12033,15,Low,Good,No,Average,1,24.68,23.38,Low,Low
12476,William Rao,williamrao2476@attrisense-org.com,47,Non-binary,Human Resources,Entry,8924,13,High,Good,Yes,Average,2,74.57,75.98,High,High
12477,Carlos Vance,carlosvance2477@attrisense-org.com,33,Non-binary,Finance,Entry,8606,13,High,Average,No,High,3,55.56,57.41,Medium,Medium
12478,Sophia Patel,sophiapatel2478@attrisense-org.com,33,Female,Sales & BD,Lead,15820,9,Low,Good,Yes,Below Average,0,31.16,30.49,Low,Low
12479,Jessica Sharma,jessicasharma2479@attrisense-org.com,39,Female,Finance,Lead,15032,1,High,Good,Yes,Low,2,29.3,30.11,Low,Low
12480,Nancy Joshi,nancyjoshi2480@attrisense-org.com,22,Male,Engineering,Entry,6261,6,High,Good,Yes,Average,3,30.29,32.09,Low,Low
12481,Sarah Williams,sarahwilliams2481@attrisense-org.com,23,Male,Marketing,Senior,11834,10,High,Good,No,Below Average,2,82.05,83.34,High,High
12482,Liam Williams,liamwilliams2482@attrisense-org.com,45,Female,Product Management,Senior,12027,7,Medium,Good,No,High,2,58.21,57.77,Medium,Medium
12483,Vikram Wilson,vikramwilson2483@attrisense-org.com,30,Non-binary,Sales & BD,Senior,15587,9,Medium,Poor,No,Average,2,26.98,26.6,Low,Low
12484,Priya Kumar,priyakumar2484@attrisense-org.com,35,Male,Finance,Lead,16602,9,Low,Average,No,Average,1,27.61,28.9,Low,Low
12485,James Hernandez,jameshernandez2485@attrisense-org.com,34,Male,Marketing,Senior,14910,3,High,Poor,Yes,Below Average,1,21.25,20.93,Low,Low
12486,Lisa Kumar,lisakumar2486@attrisense-org.com,47,Male,Marketing,Lead,18279,12,Medium,Average,Yes,Average,1,92.0,93.63,High,High
12487,Anjali Anderson,anjalianderson2487@attrisense-org.com,44,Female,Marketing,Executive,21600,6,Medium,Average,No,High,2,50.16,50.69,Medium,Medium
12488,Karen Rao,karenrao2488@attrisense-org.com,55,Male,Product Management,Executive,24278,3,Low,Average,Yes,High,2,17.36,19.09,Low,Low
12489,Emma Jones,emmajones2489@attrisense-org.com,24,Non-binary,Sales & BD,Lead,17161,11,Low,Average,No,Low,1,20.46,20.26,Low,Low
12490,Robert Wilson,robertwilson2490@attrisense-org.com,39,Male,Marketing,Senior,14701,4,Medium,Good,Yes,Low,3,15.57,17.03,Low,Low
12491,Vikram Garcia,vikramgarcia2491@attrisense-org.com,42,Male,Product Management,Entry,7199,15,High,Good,No,Average,1,87.99,88.89,High,High
12492,Karen Kim,karenkim2492@attrisense-org.com,49,Male,Engineering,Senior,12023,11,Low,Poor,Yes,Below Average,1,55.11,55.01,Medium,Medium
12493,Michael Johnson,michaeljohnson2493@attrisense-org.com,54,Male,Product Management,Executive,20731,3,Low,Average,No,Low,2,27.15,26.7,Low,Low
12494,Linda Hernandez,lindahernandez2494@attrisense-org.com,34,Female,Sales & BD,Mid-Level,9355,2,Low,Good,No,Average,3,13.54,12.62,Low,Low
12495,Anjali Kim,anjalikim2495@attrisense-org.com,44,Non-binary,Product Management,Lead,16121,10,Medium,Good,Yes,Below Average,0,27.05,25.1,Low,Low
12496,Amit Williams,amitwilliams2496@attrisense-org.com,46,Male,Human Resources,Entry,5973,11,Medium,Good,No,Average,2,85.42,84.67,High,High
12497,Elena Patel,elenapatel2497@attrisense-org.com,31,Female,Finance,Senior,12132,14,Medium,Poor,Yes,Below Average,2,64.69,62.74,Medium,Medium
12498,Lucas Garcia,lucasgarcia2498@attrisense-org.com,37,Male,Human Resources,Lead,16597,10,High,Poor,Yes,Low,3,17.33,16.89,Low,Low
12499,Karen Thomas,karenthomas2499@attrisense-org.com,38,Female,Finance,Senior,15834,6,High,Good,Yes,Low,3,17.7,17.6,Low,Low
12500,Michael Miller,michaelmiller2500@attrisense-org.com,24,Female,Engineering,Executive,24175,1,Medium,Average,No,Below Average,0,33.3,33.88,Low,Low
12501,Jessica Vance,jessicavance2501@attrisense-org.com,54,Female,Human Resources,Lead,14565,6,Low,Average,Yes,Below Average,3,77.84,77.59,High,High
12502,Priya Chen,priyachen2502@attrisense-org.com,56,Female,Product Management,Lead,17212,6,Low,Average,No,Average,1,55.4,54.87,Medium,Medium
12503,Neha Martinez,nehamartinez2503@attrisense-org.com,43,Non-binary,Marketing,Executive,23180,7,Low,Poor,Yes,Below Average,1,20.54,21.82,Low,Low
12504,Olivia Williams,oliviawilliams2504@attrisense-org.com,56,Female,Product Management,Executive,21621,10,High,Poor,Yes,High,2,25.46,24.63,Low,Low
12505,Elena Vance,elenavance2505@attrisense-org.com,39,Female,Human Resources,Entry,6606,10,High,Poor,Yes,Low,1,31.51,33.5,Low,Low
12506,Michael Williams,michaelwilliams2506@attrisense-org.com,48,Non-binary,Engineering,Lead,15201,14,Medium,Average,No,Average,1,75.98,75.48,High,High
12507,William Rodriguez,williamrodriguez2507@attrisense-org.com,41,Non-binary,Human Resources,Lead,17036,12,Medium,Good,No,High,3,48.63,47.24,Medium,Medium
12508,Robert Lee,robertlee2508@attrisense-org.com,22,Male,Sales & BD,Senior,11656,10,Medium,Good,Yes,High,2,31.19,29.19,Low,Low
12509,Michael Brown,michaelbrown2509@attrisense-org.com,34,Male,Engineering,Senior,13923,6,High,Poor,No,Low,3,19.28,19.94,Low,Low
12510,Liam Kim,liamkim2510@attrisense-org.com,42,Female,Marketing,Executive,21153,11,Low,Average,Yes,High,1,24.0,23.45,Low,Low
12511,Arjun Chen,arjunchen2511@attrisense-org.com,25,Male,Marketing,Senior,13604,7,Medium,Average,Yes,Low,1,74.03,75.23,High,High
12512,David Davis,daviddavis2512@attrisense-org.com,32,Non-binary,Marketing,Senior,14884,11,Medium,Poor,No,Average,0,51.51,50.35,Medium,Medium
12513,Lisa Singh,lisasingh2513@attrisense-org.com,53,Non-binary,Finance,Lead,15813,1,High,Good,Yes,High,1,17.42,17.39,Low,Low
12514,Carlos Jones,carlosjones2514@attrisense-org.com,23,Male,Human Resources,Executive,21234,4,Low,Average,No,Below Average,1,15.79,17.77,Low,Low
12515,Nancy Martinez,nancymartinez2515@attrisense-org.com,49,Non-binary,Human Resources,Executive,22714,6,High,Poor,Yes,Below Average,3,25.83,26.46,Low,Low
12516,Robert Lopez,robertlopez2516@attrisense-org.com,52,Non-binary,Human Resources,Mid-Level,7882,3,Low,Average,No,Low,0,89.95,89.49,High,High
12517,Elena Rao,elenarao2517@attrisense-org.com,46,Female,Sales & BD,Mid-Level,7761,11,High,Good,Yes,Below Average,1,44.25,45.55,Medium,Medium
12518,James Anderson,jamesanderson2518@attrisense-org.com,33,Female,Product Management,Executive,23267,9,Low,Average,Yes,High,3,17.28,17.93,Low,Low
12519,Daniel Sharma,danielsharma2519@attrisense-org.com,58,Non-binary,Finance,Mid-Level,11714,6,High,Good,Yes,High,0,27.8,26.14,Low,Low
12520,Sophia Martin,sophiamartin2520@attrisense-org.com,51,Non-binary,Marketing,Senior,15149,13,Low,Good,Yes,Low,1,29.71,29.13,Low,Low
12521,Aarav Vance,aaravvance2521@attrisense-org.com,29,Female,Human Resources,Lead,18810,4,Low,Good,Yes,Low,3,85.14,84.63,High,High
12522,Robert Rodriguez,robertrodriguez2522@attrisense-org.com,37,Non-binary,Sales & BD,Mid-Level,10289,7,High,Good,Yes,Average,2,62.1,61.95,Medium,Medium
12523,Sophia Kumar,sophiakumar2523@attrisense-org.com,53,Non-binary,Engineering,Executive,23581,5,High,Good,Yes,Low,3,19.18,18.04,Low,Low
12524,Robert Garcia,robertgarcia2524@attrisense-org.com,30,Male,Marketing,Lead,16366,1,Medium,Average,Yes,High,2,20.9,19.93,Low,Low
12525,Neha Chen,nehachen2525@attrisense-org.com,46,Female,Human Resources,Entry,5815,4,Medium,Good,Yes,High,1,29.24,30.04,Low,Low
12526,Rahul Rodriguez,rahulrodriguez2526@attrisense-org.com,44,Male,Sales & BD,Mid-Level,10272,11,Low,Poor,No,Average,1,88.76,89.5,High,High
12527,Arjun Moore,arjunmoore2527@attrisense-org.com,54,Female,Finance,Entry,8826,14,Low,Good,Yes,Low,2,54.01,55.18,Medium,Medium
12528,Carlos Chen,carloschen2528@attrisense-org.com,49,Female,Engineering,Mid-Level,10002,8,Low,Average,No,Below Average,3,27.65,26.45,Low,Low
12529,Lisa Singh,lisasingh2529@attrisense-org.com,58,Male,Finance,Entry,5372,15,Low,Average,No,High,2,30.72,31.31,Low,Low
12530,Arjun Kumar,arjunkumar2530@attrisense-org.com,39,Male,Finance,Entry,7686,15,Medium,Poor,Yes,High,1,32.39,33.27,Low,Low
12531,Sanjay Hernandez,sanjayhernandez2531@attrisense-org.com,22,Female,Engineering,Entry,5011,10,Medium,Good,No,Average,1,77.55,75.62,High,High
12532,Sarah Hernandez,sarahhernandez2532@attrisense-org.com,52,Male,Finance,Lead,14659,11,Medium,Poor,Yes,High,3,58.27,56.9,Medium,Medium
12533,Nancy Chen,nancychen2533@attrisense-org.com,23,Female,Product Management,Executive,22958,8,Low,Good,No,High,1,23.26,23.7,Low,Low
12534,Anjali Hernandez,anjalihernandez2534@attrisense-org.com,41,Male,Finance,Lead,16972,12,High,Average,No,Low,2,25.74,24.28,Low,Low
12535,Vikram Singh,vikramsingh2535@attrisense-org.com,35,Non-binary,Human Resources,Senior,15335,11,Medium,Poor,Yes,Average,3,28.86,28.04,Low,Low
12536,David Williams,davidwilliams2536@attrisense-org.com,33,Male,Marketing,Lead,18434,15,Low,Good,No,Low,3,79.42,81.29,High,High
12537,Carlos Lee,carloslee2537@attrisense-org.com,22,Male,Marketing,Senior,13413,11,Low,Poor,No,Below Average,1,52.85,52.86,Medium,Medium
12538,Olivia Lopez,olivialopez2538@attrisense-org.com,54,Non-binary,Product Management,Mid-Level,7885,10,High,Average,No,High,2,15.51,15.7,Low,Low
12539,John Moore,johnmoore2539@attrisense-org.com,56,Non-binary,Marketing,Mid-Level,11892,13,High,Poor,No,Below Average,1,31.68,32.82,Low,Low
12540,Priya Lee,priyalee2540@attrisense-org.com,48,Female,Product Management,Mid-Level,11071,15,Medium,Average,No,Low,2,15.71,17.26,Low,Low
12541,Sarah Sharma,sarahsharma2541@attrisense-org.com,54,Male,Engineering,Senior,12986,3,Medium,Poor,Yes,Low,3,91.81,90.7,High,High
12542,Robert Kim,robertkim2542@attrisense-org.com,36,Male,Marketing,Lead,17321,7,Low,Good,No,Average,2,62.13,62.35,Medium,Medium
12543,Sophia Patel,sophiapatel2543@attrisense-org.com,36,Male,Marketing,Entry,8376,11,Low,Average,Yes,Low,1,10.53,10.6,Low,Low
12544,Priya Vance,priyavance2544@attrisense-org.com,50,Non-binary,Human Resources,Senior,14577,8,Medium,Average,Yes,High,0,20.76,22.0,Low,Low
12545,Sanjay Sharma,sanjaysharma2545@attrisense-org.com,23,Non-binary,Marketing,Senior,15082,2,High,Good,Yes,Low,1,33.1,32.17,Low,Low
12546,Liam Brown,liambrown2546@attrisense-org.com,53,Female,Marketing,Entry,6736,10,Low,Good,No,Average,1,86.57,85.47,High,High
12547,Michael Garcia,michaelgarcia2547@attrisense-org.com,32,Male,Marketing,Senior,12510,7,Low,Poor,Yes,Low,3,49.21,47.72,Medium,Medium
12548,Priya Lee,priyalee2548@attrisense-org.com,26,Female,Finance,Lead,15718,13,Low,Poor,Yes,High,3,31.48,29.73,Low,Low
12549,Sophia Thomas,sophiathomas2549@attrisense-org.com,46,Male,Product Management,Lead,17535,7,Low,Poor,Yes,Below Average,1,24.77,26.24,Low,Low
12550,Amit Thomas,amitthomas2550@attrisense-org.com,30,Male,Human Resources,Executive,24953,14,High,Poor,Yes,Low,0,27.23,27.39,Low,Low
12551,Amit Kim,amitkim2551@attrisense-org.com,45,Male,Engineering,Executive,24847,8,High,Average,Yes,Average,2,89.36,89.27,High,High
12552,James Jones,jamesjones2552@attrisense-org.com,47,Female,Sales & BD,Entry,6549,12,Low,Poor,No,Average,0,46.81,45.08,Medium,Medium
12553,William Thomas,williamthomas2553@attrisense-org.com,55,Non-binary,Product Management,Senior,15303,5,Medium,Good,No,Average,2,26.87,26.49,Low,Low
12554,Elena Martin,elenamartin2554@attrisense-org.com,44,Non-binary,Marketing,Senior,12653,11,High,Good,No,Below Average,3,11.96,12.09,Low,Low
12555,Carlos Moore,carlosmoore2555@attrisense-org.com,57,Female,Sales & BD,Lead,16610,8,Low,Average,No,High,0,11.19,11.11,Low,Low
12556,Sanjay Singh,sanjaysingh2556@attrisense-org.com,47,Female,Finance,Entry,6264,3,Medium,Poor,Yes,Low,3,87.43,88.18,High,High
12557,Vikram Williams,vikramwilliams2557@attrisense-org.com,46,Female,Sales & BD,Senior,13489,3,High,Poor,No,Below Average,1,55.22,55.97,Medium,Medium
12558,James Singh,jamessingh2558@attrisense-org.com,52,Male,Product Management,Entry,8136,1,Low,Average,No,High,1,30.69,31.41,Low,Low
12559,Michael Garcia,michaelgarcia2559@attrisense-org.com,56,Male,Finance,Executive,24336,12,Low,Average,No,High,1,13.73,14.62,Low,Low
12560,Lucas Singh,lucassingh2560@attrisense-org.com,28,Male,Human Resources,Executive,22050,14,High,Average,No,Average,1,17.42,17.66,Low,Low
12561,Sanjay Kumar,sanjaykumar2561@attrisense-org.com,34,Female,Engineering,Mid-Level,11622,13,Low,Average,No,High,0,75.95,77.35,High,High
12562,Karen Hernandez,karenhernandez2562@attrisense-org.com,58,Non-binary,Engineering,Senior,14912,9,High,Good,Yes,Average,1,48.26,50.2,Medium,Medium
12563,Carlos Vance,carlosvance2563@attrisense-org.com,49,Female,Product Management,Lead,17032,13,High,Poor,No,High,3,25.01,24.95,Low,Low
12564,Aarav Garcia,aaravgarcia2564@attrisense-org.com,27,Female,Finance,Executive,21845,5,Medium,Poor,No,Below Average,1,14.36,14.96,Low,Low
12565,Arjun Brown,arjunbrown2565@attrisense-org.com,56,Non-binary,Sales & BD,Mid-Level,10129,5,Medium,Average,Yes,Low,0,16.21,17.64,Low,Low
12566,Emma Jones,emmajones2566@attrisense-org.com,54,Female,Sales & BD,Mid-Level,8159,8,Medium,Good,No,Below Average,2,88.22,89.09,High,High
12567,Amit Kumar,amitkumar2567@attrisense-org.com,53,Non-binary,Sales & BD,Lead,14878,2,Medium,Poor,Yes,Below Average,0,47.93,49.65,Medium,Medium
12568,Neha Martin,nehamartin2568@attrisense-org.com,23,Female,Sales & BD,Senior,15231,15,Medium,Average,Yes,Average,0,24.07,24.72,Low,Low
12569,Linda Vance,lindavance2569@attrisense-org.com,41,Male,Engineering,Mid-Level,8233,6,Low,Average,Yes,High,3,19.17,20.65,Low,Low
12570,William Lopez,williamlopez2570@attrisense-org.com,25,Male,Sales & BD,Mid-Level,9188,10,Medium,Poor,Yes,Low,0,22.0,21.3,Low,Low
12571,Liam Lopez,liamlopez2571@attrisense-org.com,34,Female,Human Resources,Entry,8744,9,Medium,Good,Yes,Low,1,75.34,77.12,High,High
12572,Sophia Johnson,sophiajohnson2572@attrisense-org.com,31,Non-binary,Product Management,Lead,14623,9,High,Poor,Yes,Below Average,1,51.82,53.1,Medium,Medium
12573,Daniel Moore,danielmoore2573@attrisense-org.com,43,Female,Product Management,Mid-Level,11347,2,Medium,Good,Yes,Average,0,24.68,24.31,Low,Low
12574,Carlos Garcia,carlosgarcia2574@attrisense-org.com,23,Female,Marketing,Senior,12912,15,High,Poor,No,High,3,30.87,30.07,Low,Low
12575,Karen Chen,karenchen2575@attrisense-org.com,38,Female,Engineering,Executive,23214,2,Low,Average,Yes,Below Average,0,24.04,24.79,Low,Low
12576,Rahul Smith,rahulsmith2576@attrisense-org.com,43,Non-binary,Engineering,Mid-Level,9544,4,Low,Good,Yes,High,2,92.2,91.35,High,High
12577,Priya Wilson,priyawilson2577@attrisense-org.com,27,Female,Human Resources,Entry,5201,11,Low,Poor,No,Average,3,57.88,57.75,Medium,Medium
12578,Neha Smith,nehasmith2578@attrisense-org.com,44,Female,Product Management,Executive,22661,9,High,Good,Yes,Average,2,34.39,33.37,Low,Low
12579,Nancy Davis,nancydavis2579@attrisense-org.com,53,Male,Sales & BD,Mid-Level,10803,10,Medium,Poor,No,Average,3,19.71,21.18,Low,Low
12580,James Anderson,jamesanderson2580@attrisense-org.com,53,Male,Engineering,Senior,12566,3,High,Average,No,Below Average,1,31.19,29.51,Low,Low
12581,Sarah Patel,sarahpatel2581@attrisense-org.com,49,Male,Marketing,Senior,12914,2,Medium,Poor,Yes,High,0,84.19,84.37,High,High
12582,Lucas Joshi,lucasjoshi2582@attrisense-org.com,42,Non-binary,Product Management,Senior,13119,15,High,Good,Yes,High,0,58.85,58.01,Medium,Medium
12583,Daniel Taylor,danieltaylor2583@attrisense-org.com,49,Female,Product Management,Executive,21177,11,Low,Poor,Yes,Low,3,20.1,21.17,Low,Low
12584,William Chen,williamchen2584@attrisense-org.com,34,Female,Sales & BD,Lead,18343,1,High,Poor,Yes,High,2,16.81,15.37,Low,Low
12585,Jessica Patel,jessicapatel2585@attrisense-org.com,38,Non-binary,Marketing,Mid-Level,11560,7,Low,Average,No,Average,0,26.46,24.81,Low,Low
12586,Carlos Kumar,carloskumar2586@attrisense-org.com,35,Female,Human Resources,Executive,21871,10,Medium,Poor,No,High,1,83.64,82.84,High,High
12587,Daniel Thomas,danielthomas2587@attrisense-org.com,25,Non-binary,Human Resources,Mid-Level,9147,15,Low,Average,No,Below Average,3,58.8,57.64,Medium,Medium
12588,Karen Moore,karenmoore2588@attrisense-org.com,55,Male,Human Resources,Mid-Level,8037,1,Low,Good,Yes,Low,3,30.99,31.18,Low,Low
12589,Vikram Miller,vikrammiller2589@attrisense-org.com,45,Male,Human Resources,Lead,15938,10,High,Average,No,Average,3,10.63,10.73,Low,Low
12590,Emma Jones,emmajones2590@attrisense-org.com,53,Non-binary,Finance,Executive,24538,15,High,Good,Yes,Low,2,18.27,18.43,Low,Low
12591,Amit Miller,amitmiller2591@attrisense-org.com,40,Female,Human Resources,Lead,15839,13,High,Poor,Yes,Low,3,79.49,78.42,High,High
12592,James Patel,jamespatel2592@attrisense-org.com,23,Non-binary,Sales & BD,Executive,23587,1,High,Good,Yes,Below Average,3,54.99,56.48,Medium,Medium
12593,Elena Martin,elenamartin2593@attrisense-org.com,32,Female,Sales & BD,Mid-Level,8846,9,Low,Poor,Yes,High,0,13.74,12.47,Low,Low
12594,Robert Chen,robertchen2594@attrisense-org.com,39,Non-binary,Sales & BD,Mid-Level,10643,11,High,Poor,No,Low,2,28.42,29.12,Low,Low
12595,Olivia Martinez,oliviamartinez2595@attrisense-org.com,25,Female,Engineering,Mid-Level,11089,12,Medium,Good,No,Low,0,26.76,25.59,Low,Low
12596,Nancy Rao,nancyrao2596@attrisense-org.com,46,Male,Finance,Mid-Level,11042,4,High,Poor,Yes,Average,0,85.25,85.65,High,High
12597,Carlos Kumar,carloskumar2597@attrisense-org.com,35,Female,Marketing,Senior,14048,2,Medium,Good,Yes,Average,0,53.34,52.86,Medium,Medium
12598,Lisa Joshi,lisajoshi2598@attrisense-org.com,40,Male,Marketing,Entry,7638,9,High,Poor,Yes,High,2,25.05,23.15,Low,Low
12599,Aarav Garcia,aaravgarcia2599@attrisense-org.com,30,Male,Engineering,Senior,11653,12,Low,Good,No,Below Average,2,18.57,19.21,Low,Low
